copyright 2017 martin lurie GPS Time, Device Time, Longitude, Latitude,GPS Speed (Meters/second), Horizontal Dilution of Precision, Altitude, Bearing, G(x), G(y), G(z), G(calibrated), Absolute Throttle Position B(%),Acceleration Sensor(Total)(g),Acceleration Sensor(X axis)(g),Acceleration Sensor(Y axis)(g),Acceleration Sensor(Z axis)(g),Air Fuel Ratio(Measured)(:1),Barometer (on Android device)(mb),CO₂ in g/km (Instantaneous)(g/km),Engine Coolant Temperature(°F),Engine Oil Temperature(°F),Engine RPM(rpm),Fuel pressure(psi),GPS Latitude(°),GPS Longitude(°),Kilometers Per Litre(Instant)(kpl),Mass Air Flow Rate(g/s),NOx Post SCR(ppm),Speed (OBD)(mph)
Fri May 05 18:49:09 EDT 2017,05-May-2017 18:50:36.290,-71.23020843,42.29934389,0.0,9.0,36.0,0.0,-0.33758244,4.44663095,7.90984392,-0.05538177,-,-0.07340166,-0.03209353,0.44369608,0.7124666,-,999.59472656,-,-,-,-,-,42.29934311,-71.23020935,-,-,-,0
Fri May 05 18:49:10 EDT 2017,05-May-2017 18:50:37.254,-71.23021352,42.29933454,0.0,7.0,36.0,0.0,-0.35733461,4.37899494,7.94575691,-0.05545914,-,-0.0675827,-0.02538195,0.43875393,0.7219848,-,999.5612793,-,141.80000305,-,-,-,42.29933548,-71.23021698,-,3.95000005,-,0
Fri May 05 18:49:11 EDT 2017,05-May-2017 18:50:38.253,-71.23021934,42.29931346,0.0,6.0,35.0,0.0,-0.24959552,4.36582661,7.9816699,-0.05555682,-,-0.07194737,-0.02544297,0.44503838,0.71362585,-,999.50317383,-,141.80000305,-,978,-,42.29931259,-71.23021698,-,3.95000005,-,0
Fri May 05 18:49:12 EDT 2017,05-May-2017 18:50:39.253,-71.23022203,42.29930382,0.0,6.0,34.0,0.0,-0.25019407,4.40533113,7.99004984,-0.05376675,30.58823586,-0.07276507,-0.03020209,0.45144489,0.70898879,14.60982895,999.5769043,-,141.80000305,-,978,-,42.29930496,-71.23022461,-,3.95000005,-,0
Fri May 05 18:49:13 EDT 2017,05-May-2017 18:50:40.253,-71.23022201,42.29930468,0.0,5.0,34.0,0.0,-0.07661445,4.16531229,7.60578012,-0.06785542,30.58823586,-0.11570208,-0.00780983,0.42459857,0.67530888,14.60982895,999.59838867,-,141.80000305,-,984,-,42.29930496,-71.23022461,-,3.99000001,-,0
Fri May 05 18:49:14 EDT 2017,05-May-2017 18:50:41.253,-71.230222,42.29930441,0.0,4.0,34.0,0.0,-0.17238252,4.19942999,8.01518917,-0.05843997,40,-0.0771248,-0.01757212,0.42807645,0.71704268,14.61072731,999.54199219,-,143.6000061,-,2383,-,42.29930496,-71.23022461,-,5.11999989,-,0
Fri May 05 18:49:15 EDT 2017,05-May-2017 18:50:42.253,-71.23022231,42.29930381,0.0,4.0,34.0,0.0,-0.32142156,4.44902515,7.90505552,-0.05574715,31.37254906,-0.07591234,-0.04838435,0.44345203,0.70892775,29.39955139,999.6003418,-,143.6000061,-,2383,-,42.29930496,-71.23022461,-,5.11999989,-,0
Fri May 05 18:49:16 EDT 2017,05-May-2017 18:50:43.254,-71.23022245,42.29930351,0.0,4.0,34.0,0.0,-0.32980129,4.48314285,7.726089,-0.05912316,31.37254906,-0.08850952,-0.03361889,0.45699722,0.68757278,13.77900696,999.62426758,-,143.6000061,-,981,-,42.29930496,-71.23022461,-,5.17000008,-,0
Fri May 05 18:49:17 EDT 2017,05-May-2017 18:50:44.254,-71.23022249,42.29930365,0.0,4.0,34.0,0.0,-0.24540567,4.50229645,7.87632513,-0.05111718,31.37254906,-0.07454143,-0.02501587,0.45894966,0.70288736,13.77138042,999.60571289,-,143.6000061,-,983,-,42.29930496,-71.23022461,-,5.05999994,-,0
Fri May 05 18:49:18 EDT 2017,05-May-2017 18:50:45.253,-71.23022244,42.2993037,0.0,4.0,34.0,0.0,-0.63326633,4.44184256,7.86016417,-0.0584119,31.37254906,-0.06215214,-0.03276468,0.46078008,0.7158224,13.51971054,999.62280273,-,143.6000061,-,981,-,42.29930496,-71.23022461,-,5.11999989,-,0
Fri May 05 18:49:19 EDT 2017,05-May-2017 18:50:46.253,-71.23022247,42.29930364,0.0,4.0,34.0,0.0,1.23959792,5.11940193,6.96473265,-0.09086132,30.98039246,-0.10955722,0.12636064,0.52185541,0.60996252,14.0688076,999.66308594,-,143.6000061,-,969,-,42.29930496,-71.23022461,-,4.03000021,-,0
Fri May 05 18:49:19 EDT 2017,05-May-2017 18:50:47.254,-71.23022247,42.29930364,0.0,4.0,34.0,0.0,-0.48123455,5.5383873,6.50684166,-0.10859549,30.98039246,-0.04335123,-0.08499294,0.58134437,0.65456402,14.71659851,999.70019531,-,143.6000061,-,967,-,42.29930496,-71.23022461,-,4.07000017,-,0
Fri May 05 18:49:21 EDT 2017,05-May-2017 18:50:48.254,-71.23022255,42.29930345,0.0,4.0,34.0,0.0,1.04566765,5.12179613,7.49145699,-0.03643205,30.98039246,-0.07094288,0.05149608,0.57743949,0.62558222,14.53760433,999.71679688,-,143.6000061,-,975,-,42.29930496,-71.23022461,-,4.07000017,-,0
Fri May 05 18:49:22 EDT 2017,05-May-2017 18:50:49.255,-71.23022266,42.29930322,0.0,4.0,34.0,0.0,1.43652105,4.19883108,8.02177238,-0.05200139,30.98039246,-0.06517769,0.14643435,0.42801538,0.71771377,14.51651955,999.70263672,-,143.6000061,-,971,-,42.29930496,-71.23022461,-,4.23000002,-,0
Fri May 05 18:49:23 EDT 2017,05-May-2017 18:50:50.255,-71.2302227,42.299303,0.0,5.0,34.0,0.0,1.4634558,4.61123228,7.66443825,-0.05708605,30.98039246,-0.05016455,0.15046129,0.48817551,0.70038575,14.47120953,999.68945312,-,143.6000061,-,968,-,42.29930115,-71.23022461,-,4.07000017,-,0
Fri May 05 18:49:24 EDT 2017,05-May-2017 18:50:51.253,-71.23022237,42.29930371,0.0,6.0,34.0,0.0,0.56263739,5.96395636,7.18260527,-0.02760398,30.58823586,-0.08651955,0.07571876,0.58781189,0.59470892,14.40212345,999.90844727,-,143.6000061,-,960,-,42.29930496,-71.23022461,-,3.95000005,-,0
Fri May 05 18:49:24 EDT 2017,05-May-2017 18:50:52.253,-71.23022237,42.29930371,0.0,6.0,34.0,0.0,0.11911154,4.43465996,8.07683945,-0.0377945,30.58823586,-0.06033425,0.01214185,0.45205504,0.72332716,14.48825645,999.68554688,-,143.6000061,-,956,-,42.29930496,-71.23022461,-,3.99000001,-,0
Fri May 05 18:49:26 EDT 2017,05-May-2017 18:50:53.254,-71.23022201,42.29930441,0.0,6.0,34.0,0.0,-0.24660277,4.4143095,7.90924549,-0.05624968,30.98039246,-0.08146045,-0.03203251,0.44888228,0.70038575,14.4770422,999.72436523,-,143.6000061,-,963,-,42.29930496,-71.23022461,-,3.99000001,-,0
Fri May 05 18:49:27 EDT 2017,05-May-2017 18:50:54.252,-71.23022199,42.29930446,0.0,6.0,34.0,0.0,-5.86220264,2.54683208,7.5884223,0.03036469,30.98039246,0.1678475,-0.45809543,0.20586228,0.95390022,14.49992085,999.64599609,-,143.6000061,-,939,-,42.29930496,-71.23022461,-,3.91000009,-,0
Fri May 05 18:49:28 EDT 2017,05-May-2017 18:50:55.253,-71.23022174,42.29930478,0.0,5.0,34.0,0.0,-0.9475053,0.32561144,9.11173344,-0.04658109,30.98039246,-0.06526181,-0.09658565,0.03319179,0.82882088,14.49992085,999.63476562,-,145.3999939,-,948,-,42.29930496,-71.23022461,-,3.91000009,-,0
Fri May 05 18:49:29 EDT 2017,05-May-2017 18:50:56.253,-71.230222,42.29930428,0.0,4.0,34.0,0.0,-0.54647654,1.26413846,9.34816074,-0.01779282,30.58823586,-0.03078938,-0.08450483,0.04344219,0.86420923,14.58515644,999.68701172,-,145.3999939,-,948,-,42.29930496,-71.23022461,-,3.86999989,-,0
Fri May 05 18:49:30 EDT 2017,05-May-2017 18:50:57.252,-71.23022194,42.29930418,0.0,4.0,34.0,0.0,-0.44532153,2.3241713,8.34498978,-0.05048924,30.58823586,-0.11549426,-0.04539465,0.23691857,0.75066149,14.50395775,999.72827148,-,145.3999939,-,949,-,42.29930496,-71.23022461,-,3.95000005,-,0
Fri May 05 18:49:31 EDT 2017,05-May-2017 18:50:58.254,-71.23022195,42.29930419,0.0,4.0,34.0,0.0,8.91600704,-0.23702596,5.74728107,-0.04201788,30.58823586,0.08196937,0.90886921,-0.02416167,0.48585942,14.55509949,999.63891602,-,145.3999939,-,946,-,42.29930496,-71.23022461,-,3.95000005,-,0
Fri May 05 18:49:32 EDT 2017,05-May-2017 18:50:59.252,-71.23022184,42.29930404,0.0,4.0,34.0,0.0,6.3362546,0.25797522,6.44638824,-0.05921519,30.58823586,-0.07790027,0.64589751,0.02629717,0.55712414,14.60130501,999.63037109,-,145.3999939,-,951,-,42.29930496,-71.23022461,-,3.86999989,-,0
Fri May 05 18:49:33 EDT 2017,05-May-2017 18:51:00.252,-71.23022187,42.29930389,0.0,5.0,34.0,0.0,6.98747778,0.03711013,5.85861158,-0.05147529,30.58823586,-0.01504217,0.75822484,0.19695421,0.49647593,14.5070982,999.73632812,-,145.3999939,-,952,-,42.29930496,-71.23022461,-,3.95000005,-,0
Fri May 05 18:49:34 EDT 2017,05-May-2017 18:51:01.252,-71.23022188,42.29930398,0.0,4.0,34.0,0.0,4.51426744,0.25438392,7.90505552,0.02274229,30.58823586,-0.06029053,0.46364775,0.03032411,0.71643251,14.49588299,999.67211914,-,147.19999695,-,936,-,42.29930496,-71.23022461,-,3.86999989,-,0
Fri May 05 18:49:35 EDT 2017,05-May-2017 18:51:02.254,-71.23022175,42.29930425,0.0,4.0,34.0,0.0,4.52204847,0.17956513,8.22109032,-0.04488796,30.58823586,-0.04305468,0.46096313,0.01830429,0.73803163,14.69551373,999.74780273,-,147.19999695,-,945,-,42.29930496,-71.23022461,-,3.78999996,-,0
Fri May 05 18:49:36 EDT 2017,05-May-2017 18:51:03.253,-71.23022167,42.29930437,0.0,4.0,34.0,0.0,4.55796146,0.12090719,8.22707558,-0.022174,30.58823586,-0.04084644,0.46462399,0.01232489,0.73864174,14.48018169,999.66625977,-,147.19999695,-,932,-,42.29930496,-71.23022461,-,3.99000001,-,0
Fri May 05 18:49:37 EDT 2017,05-May-2017 18:51:04.254,-71.23022152,42.29930456,0.0,4.0,34.0,0.0,4.32692099,0.2681506,7.42621517,-0.1044454,31.37254906,-0.09336247,0.44967544,0.02953093,0.68635249,14.58246326,999.70654297,-,147.19999695,-,920,-,42.29930496,-71.23022461,-,3.86999989,-,0
Fri May 05 18:49:38 EDT 2017,05-May-2017 18:51:05.252,-71.23022152,42.29930458,0.0,4.0,34.0,0.0,4.4041338,0.05207389,8.0971899,-0.05509843,31.37254906,-0.06006948,0.44894329,0.00530825,0.72540158,14.56093121,999.65966797,-,147.19999695,-,906,-,42.29930496,-71.23022461,-,4.46000004,-,0
Fri May 05 18:49:39 EDT 2017,05-May-2017 18:51:06.252,-71.23022148,42.29930453,0.0,4.0,34.0,0.0,4.58729029,0.01017536,8.46709442,-0.06627579,30.98039246,-0.02182217,0.47743699,0.03276468,0.75273609,14.58964252,999.70166016,-,147.19999695,-,911,-,42.29930496,-71.23022461,-,4.76000023,-,0
Fri May 05 18:49:40 EDT 2017,05-May-2017 18:51:07.252,-71.23022149,42.29930453,0.0,4.0,34.0,0.0,4.5370121,0.32680854,7.79791498,-0.08546315,30.98039246,-0.07943423,0.46248847,0.03331381,0.69489449,14.58515644,999.67114258,-,147.19999695,-,925,-,42.29930496,-71.23022461,-,4.76000023,-,0
Fri May 05 18:49:41 EDT 2017,05-May-2017 18:51:08.254,-71.23022148,42.29930449,0.0,4.0,34.0,0.0,4.279037,0.27593175,7.59201336,-0.09218967,31.37254906,-0.11088603,0.43619132,0.0281276,0.67390549,14.50395775,999.60058594,-,147.19999695,-,929,-,42.29930496,-71.23022461,-,4.55999994,-,0
Fri May 05 18:49:42 EDT 2017,05-May-2017 18:51:09.255,-71.23022132,42.29930458,0.0,4.0,34.0,0.0,4.58669186,-0.01496376,8.75499725,0.02651483,31.37254906,-0.00688371,0.47267786,0.01311808,0.77293181,14.54881954,999.64892578,-,147.19999695,-,916,-,42.29930496,-71.23022461,-,4.55999994,-,0
Fri May 05 18:49:43 EDT 2017,05-May-2017 18:51:10.252,-71.23022129,42.2993046,0.0,4.0,34.0,0.0,4.36343241,0.29568392,7.72908163,-0.06683988,30.58823586,-0.0944273,0.44479433,0.03014107,0.68787783,14.43801212,999.71508789,-,147.19999695,-,947,-,42.29930496,-71.23022461,-,3.95000005,-,0
Fri May 05 18:49:44 EDT 2017,05-May-2017 18:51:11.252,-71.23022127,42.29930467,0.0,4.0,34.0,0.0,4.43166733,0.24899697,7.75182676,-0.06610768,30.58823586,-0.08912177,0.45174995,0.02538195,0.69019639,14.53222084,999.69775391,-,147.19999695,-,924,-,42.29930496,-71.23022461,-,3.6400001,-,0
Fri May 05 18:49:45 EDT 2017,05-May-2017 18:51:12.252,-71.23022123,42.29930472,0.0,4.0,34.0,0.0,4.34547615,0.25318682,7.74943256,-0.07496041,30.58823586,-0.10654569,0.43692347,0.0242837,0.67860365,14.40526485,999.71948242,-,147.19999695,-,920,-,42.29930496,-71.23022461,-,3.71000004,-,0
Fri May 05 18:49:46 EDT 2017,05-May-2017 18:51:13.252,-71.23022128,42.29930471,0.0,4.0,34.0,0.0,4.32512522,0.23163901,7.62194109,-0.08735466,30.58823586,-0.10604935,0.44088939,0.02361254,0.67695624,14.56093121,999.6887207,-,147.19999695,-,915,-,42.29930496,-71.23022461,-,3.67000008,-,0
Fri May 05 18:49:47 EDT 2017,05-May-2017 18:51:14.253,-71.23022135,42.29930463,0.0,4.0,34.0,0.0,4.51366854,0.16340427,8.31326675,-0.01074338,30.58823586,-0.08263642,-0.0054303,0.0004271,-0.02147707,14.56541634,999.66723633,-,147.19999695,-,925,-,42.29930496,-71.23022461,-,3.5999999,-,0
Fri May 05 18:49:48 EDT 2017,05-May-2017 18:51:15.252,-71.23022139,42.29930463,0.0,4.0,34.0,0.0,4.34547615,0.25558102,7.66623402,-0.0129698,30.58823586,-0.11290821,-0.01879244,0.00451506,-0.04881145,14.55734158,999.70336914,-,147.19999695,-,918,-,42.29930496,-71.23022461,-,3.6400001,-,0
Fri May 05 18:49:49 EDT 2017,05-May-2017 18:51:16.251,-71.23022142,42.29930461,0.0,4.0,34.0,0.0,4.29340219,0.22685061,7.55610037,-0.00783105,30.58823586,-0.11349519,-0.01665693,0.00280666,-0.0506419,14.56855679,999.63256836,-,147.19999695,-,912,-,42.29930496,-71.23022461,-,3.67000008,-,0
Fri May 05 18:49:50 EDT 2017,05-May-2017 18:51:17.256,-71.2302214,42.29930471,0.0,4.0,34.0,0.0,4.50050068,0.2124854,8.12053394,0.00821722,30.58823586,-0.04943406,0.00506415,0.00048811,0.01067746,14.58964252,999.69433594,-,147.19999695,-,922,-,42.29930496,-71.23022461,-,3.5999999,-,0
Fri May 05 18:49:51 EDT 2017,05-May-2017 18:51:18.254,-71.23022132,42.29930498,0.0,4.0,34.0,0.0,4.50109911,0.18315643,8.18757153,0.01416457,30.58823586,-0.07205082,0.00780982,-0.00146434,-0.01677893,14.47928429,999.69970703,-,149,-,915,-,42.29930496,-71.23022461,-,3.49000001,-,0
Fri May 05 18:49:52 EDT 2017,05-May-2017 18:51:19.253,-71.23022126,42.29930508,0.0,4.0,34.0,0.0,5.54676676,1.99556708,7.33104563,0.05701478,38.03921509,-0.0407449,0.11110704,0.18310395,-0.07358326,15.16027164,999.61743164,-,149,-,1523,-,42.29930496,-71.23022461,-,42.81999969,-,0
Fri May 05 18:49:53 EDT 2017,05-May-2017 18:51:20.254,-71.23021857,42.29930591,0.39,4.0,34.0,309.7,4.73573112,0.78769237,8.08043098,0.00014583,30.58823586,-0.07088828,0.03325281,0.05076391,-0.03355786,13.50400925,999.64453125,-,149,-,1585,-,42.29930496,-71.23021698,-,3.86999989,-,2.48548484
Fri May 05 18:49:54 EDT 2017,05-May-2017 18:51:21.254,-71.23020439,42.29930709,1.35,4.0,33.0,40.3,3.19985056,-0.04548983,8.87171459,0.01123658,30.98039246,-0.06866634,-0.1291063,-0.02959194,0.05143503,16.47693825,999.74487305,-,149,-,949,-,42.29930878,-71.23020172,-,4.07000017,-,2.48548484
Fri May 05 18:49:55 EDT 2017,05-May-2017 18:51:22.252,-71.23019614,42.29931166,1.06,4.0,32.0,29.4,3.54401708,0.12150574,8.20612621,-0.02717108,30.58823586,-0.08842089,-0.09304684,-0.00793186,0.01561965,14.49274349,999.70117188,-,149,-,916,-,42.29931259,-71.23019409,-,4.07000017,-,0.62137121
Fri May 05 18:49:56 EDT 2017,05-May-2017 18:51:23.255,-71.23019835,42.29930521,0.0,4.0,32.0,0.0,5.08887577,0.2669535,7.36935282,-0.02512109,30.58823586,-0.04608056,0.03727972,0.00244057,-0.00408797,14.6264286,999.76049805,-,149,-,933,-,42.29930496,-71.23020172,-,4.03000021,-,0
Fri May 05 18:49:57 EDT 2017,05-May-2017 18:51:24.253,-71.23019356,42.29931225,0.0,4.0,32.0,0.0,4.70759916,0.4878186,7.83083534,-0.01613398,30.58823586,-0.06696561,0.02556498,0.0294089,-0.0226363,14.95077133,999.71411133,-,149,-,1598,-,42.29931259,-71.23019409,-,3.86999989,-,0
Fri May 05 18:49:58 EDT 2017,05-May-2017 18:51:25.254,-71.23018663,42.29931701,0.0,3.0,31.0,0.0,5.62996531,1.01813424,6.63552999,0.05077237,31.37254906,-0.10657866,0.11958803,0.08346757,-0.1444819,17.61640167,999.70898438,-,149,-,1081,-,42.29931641,-71.23018646,-,8.46000004,-,0
Fri May 05 18:49:59 EDT 2017,05-May-2017 18:51:26.253,-71.23018477,42.29932081,0.73,3.0,32.0,29.4,5.18703794,0.88884741,7.13591814,-0.03460521,35.68627548,0.02179535,0.40165722,0.12617759,-0.28310642,14.57797813,999.71289062,-,149,-,1256,-,42.29932022,-71.23018646,-,18.34000015,-,4.34959841
Fri May 05 18:50:00 EDT 2017,05-May-2017 18:51:27.256,-71.23018286,42.29932768,0.69,4.0,32.0,29.4,4.92786551,1.82737446,7.46751499,-0.00758821,32.94117737,-0.06883138,0.04801823,0.16595893,-0.05967201,13.19895554,999.69995117,-,150.80000305,-,1463,-,42.29932785,-71.23018646,-,9.22999954,-,7.45645428
Fri May 05 18:50:01 EDT 2017,05-May-2017 18:51:28.252,-71.2301834,42.29935997,1.84,4.0,33.0,352.3,4.82491493,1.19889653,8.02955437,-0.0129432,32.94117737,-0.03697048,0.03752378,0.1018939,-0.00237952,14.31374741,999.70166016,-,150.80000305,-,1598,-,42.29935837,-71.23018646,-,9.31000042,-,7.45645428
Fri May 05 18:50:02 EDT 2017,05-May-2017 18:51:29.254,-71.23019025,42.29940432,3.43,3.0,33.0,337.9,3.89476752,1.17375743,8.30728149,0.0012441,31.37254906,-0.11566214,-0.03062923,0.10671403,-0.05546199,15.12976646,999.68530273,-,150.80000305,-,1176,-,42.29940414,-71.23018646,-,4.55999994,-,6.83508301
Fri May 05 18:50:03 EDT 2017,05-May-2017 18:51:30.255,-71.23021009,42.29941796,2.36,3.0,33.0,318.9,2.71203208,0.03471592,8.84597683,0.01120237,30.98039246,-0.05651381,-0.17785673,-0.01677894,0.08084397,13.97415161,999.71704102,-,150.80000305,-,891,-,42.2994194,-71.23020935,-,4.80999994,-,3.72822714
Fri May 05 18:50:04 EDT 2017,05-May-2017 18:51:31.252,-71.23020845,42.29942546,0.32,3.0,33.0,318.9,4.72016859,0.33877954,7.69795704,-0.01731533,30.58823586,-0.07307686,0.0158027,0.00756577,-0.02288036,14.70314026,999.79418945,-,150.80000305,-,930,-,42.29942703,-71.23020935,-,3.99000001,-,0
Fri May 05 18:50:05 EDT 2017,05-May-2017 18:51:32.254,-71.23020339,42.29943245,0.0,3.0,33.0,0.0,4.95240641,0.34237084,7.59440756,-0.01357055,30.58823586,-0.06490953,0.05460777,0.00347782,-0.03715772,15.52857971,999.68334961,-,150.80000305,-,932,-,42.29943085,-71.23020172,-,3.67000008,-,0
Fri May 05 18:50:06 EDT 2017,05-May-2017 18:51:33.252,-71.23020409,42.29943311,0.15,3.0,33.0,318.9,7.10539198,1.18512988,5.76104784,0.04210321,33.33333206,-0.05942138,0.2699883,0.10049058,-0.2336238,16.07049942,999.63623047,-,150.80000305,-,1866,-,42.29943466,-71.23020172,-,13.42000008,-,1.24274242
Fri May 05 18:50:07 EDT 2017,05-May-2017 18:51:34.252,-71.23022357,42.29944974,1.92,4.0,32.0,318.9,6.92403126,0.79068512,6.01483345,-0.01525121,35.29411697,-0.0022728,0.22197007,-0.03685265,-0.08798262,14.11950111,999.61645508,-,150.80000305,-,1414,-,42.29944992,-71.23022461,-,11.63000011,-,6.83508301
Fri May 05 18:50:08 EDT 2017,05-May-2017 18:51:35.252,-71.23025542,42.29948564,4.11,3.0,34.0,321.2,5.5066638,-0.18914193,7.08444262,-0.02356845,35.29411697,-0.05570979,0.15424417,-0.07340021,-0.10122275,14.66052151,999.61987305,-,150.80000305,-,2185,-,42.29948425,-71.23025513,-,17.34000015,-,10.56331062
Fri May 05 18:50:09 EDT 2017,05-May-2017 18:51:36.254,-71.23029213,42.29952473,4.94,3.0,34.0,321.3,2.83533335,-0.09576806,8.66042614,-0.00946367,30.98039246,-0.07070746,-0.16528779,-0.03008006,0.06192953,15.33612728,999.65307617,-,150.80000305,-,1624,-,42.29952621,-71.23029327,-,4.71000004,-,8.69919682
Fri May 05 18:50:10 EDT 2017,05-May-2017 18:51:37.252,-71.23030805,42.29954753,2.95,3.0,33.0,324.4,1.68551803,0.29029694,9.06564426,0.00198627,30.58823586,-0.0607334,-0.29061118,0.00402695,0.10335827,29.39955139,999.66479492,-,150.80000305,-,905,-,42.2995491,-71.23030853,-,3.95000005,-,3.72822714
Fri May 05 18:50:11 EDT 2017,05-May-2017 18:51:38.253,-71.23030524,42.29954342,0.0,3.0,33.0,0.0,4.74171638,0.2124854,7.5788455,-0.00581052,30.58823586,-0.08812097,0.02904278,0.00134232,-0.04832334,14.44922733,999.69946289,-,152.6000061,-,922,-,42.29954529,-71.23030853,-,4.07000017,-,0.62137121
Fri May 05 18:50:12 EDT 2017,05-May-2017 18:51:39.252,-71.23030379,42.2995457,0.43,4.0,34.0,324.4,7.24365711,0.0700304,6.63971996,0.02003923,30.58823586,0.00203062,0.28408259,-0.01317909,-0.14405479,14.2195406,999.73217773,-,152.6000061,-,933,-,42.29954529,-71.2303009,-,4.03000021,-,0.62137121
Fri May 05 18:50:13 EDT 2017,05-May-2017 18:51:40.252,-71.23030132,42.29954598,0.0,3.0,33.0,0.0,5.3791728,0.15023616,7.54173517,0.00598145,30.58823586,-0.03439357,0.08908086,-0.01269098,-0.02312441,13.81624126,999.68579102,-,152.6000061,-,929,-,42.29954529,-71.2303009,-,3.91000009,-,0
Fri May 05 18:50:14 EDT 2017,05-May-2017 18:51:41.253,-71.23029935,42.29954755,0.0,3.0,33.0,0.0,5.25646973,0.17597382,7.37294436,-0.01523948,30.58823586,-0.07648528,0.08151509,-0.00237956,-0.06931224,13.42729855,999.63256836,-,152.6000061,-,924,-,42.2995491,-71.2303009,-,3.91000009,-,0
Fri May 05 18:50:15 EDT 2017,05-May-2017 18:51:42.252,-71.23029684,42.29955062,0.0,3.0,33.0,0.0,5.01764822,0.36930561,6.78816032,-0.00866721,30.58823586,-0.13840136,0.05717039,0.01732806,-0.12892325,13.35552025,999.62915039,-,152.6000061,-,914,-,42.2995491,-71.23029327,-,3.75,-,0
Fri May 05 18:50:16 EDT 2017,05-May-2017 18:51:43.253,-71.23029757,42.29955163,0.22,3.0,34.0,324.4,8.10018253,0.2717419,4.5591588,0.04748297,38.82352829,0.11648142,0.33045349,-0.08627424,-0.03001906,16.20553017,999.60595703,-,154.3999939,-,1378,-,42.29955292,-71.2303009,-,6.07999992,-,0.62137121
Fri May 05 18:50:17 EDT 2017,05-May-2017 18:51:44.253,-71.2303071,42.29956604,1.66,3.0,34.0,324.4,5.28639746,-0.29568392,6.82826328,0.0137863,31.76470566,-0.11891207,0.08456583,-0.05045884,-0.12483528,13.84719467,999.57495117,-,154.3999939,-,1155,-,42.29956436,-71.23030853,-,5.28999996,-,4.97096968
Fri May 05 18:50:18 EDT 2017,05-May-2017 18:51:45.253,-71.23031775,42.29958396,2.06,3.0,34.0,333.6,5.30495262,-0.9211691,5.485116,-0.15493292,32.94117737,-0.2162264,0.08645728,-0.11421879,-0.26175141,14.39584351,999.63256836,-,154.3999939,-,1130,-,42.29958344,-71.23031616,-,10.09000015,-,5.59234095
Fri May 05 18:50:19 EDT 2017,05-May-2017 18:51:46.253,-71.23031426,42.2996093,2.69,3.0,34.0,2.3,5.61799431,-2.35469747,6.91026449,0.00058782,34.50980377,-0.07292405,0.10616489,-0.17443992,-0.09908725,14.70672894,999.51831055,-,154.3999939,-,1795,-,42.29961014,-71.23031616,-,13.60000038,-,8.69919682
Fri May 05 18:50:20 EDT 2017,05-May-2017 18:51:47.252,-71.2302815,42.29964764,4.26,4.0,33.0,29.5,6.03877544,-1.09654438,7.47350073,0.01289089,36.86274719,-0.01386312,0.16126083,-0.13209599,-0.05906184,14.70134544,999.48974609,-,154.3999939,-,2283,-,42.29964828,-71.23027802,-,21.45999908,-,11.18468189
Fri May 05 18:50:21 EDT 2017,05-May-2017 18:51:48.253,-71.23022649,42.29969359,6.4,3.0,32.0,44.7,6.86417627,-0.2184709,7.11616611,0.05287429,42.35294342,-0.05688392,0.26352081,-0.02617514,-0.20970622,15.41418457,999.58740234,-,154.3999939,-,3437,-,42.29969406,-71.23022461,-,34.20999908,-,17.39839363
Fri May 05 18:50:22 EDT 2017,05-May-2017 18:51:49.252,-71.23013871,42.29975381,9.37,3.0,32.0,48.4,4.49810648,-0.01975216,6.98568201,-0.09148514,43.13725662,-0.10750563,0.04637088,-0.02117197,-0.08243032,14.64347458,999.51049805,-,154.3999939,-,4716,-,42.2997551,-71.23014069,-,56.95000076,-,23.61210442
Fri May 05 18:50:23 EDT 2017,05-May-2017 18:51:50.252,-71.230044,42.29980315,10.69,3.0,30.0,50.7,2.93050289,-0.16160862,8.03434277,-0.06650895,34.50980377,-0.12777223,-0.15558651,-0.03679163,-0.00189141,29.26945496,999.66796875,-,154.3999939,-,4542,-,42.29980469,-71.2300415,-,14.10999966,-,22.36936378
Fri May 05 18:50:24 EDT 2017,05-May-2017 18:51:51.252,-71.22995616,42.29985404,9.81,3.0,29.0,50.4,3.51349092,0.20231004,8.7986908,0.0275569,33.72549057,-0.09055292,-0.11995417,-0.00976229,0.02446675,29.39955139,999.72509766,-,154.3999939,-,4123,-,42.29985428,-71.22995758,-,11.98999977,-,20.50524902
Fri May 05 18:50:25 EDT 2017,05-May-2017 18:51:52.255,-71.22987379,42.29990086,8.93,3.0,28.0,50.1,3.44166493,0.42736501,7.88650036,-0.01632837,33.33333206,-0.07502563,-0.08572514,0.01134866,0.02654121,29.39955139,999.77929688,-,156.19999695,-,3705,-,42.29990005,-71.22987366,-,10.64000034,-,18.01976395
Fri May 05 18:50:26 EDT 2017,05-May-2017 18:51:53.252,-71.22980262,42.29994573,8.01,3.0,28.0,50.7,3.4362781,0.41898531,8.64665985,-0.0225382,32.94117737,-0.05024899,-0.10402941,0.02239225,0.06052624,29.39955139,999.86914062,-,156.19999695,-,3308,-,42.29994583,-71.22980499,-,8.84000015,-,16.77702141
Fri May 05 18:50:27 EDT 2017,05-May-2017 18:51:54.252,-71.22973742,42.2999859,7.17,3.0,27.0,49.9,3.19326663,0.23463176,7.95892477,-0.06393945,31.76470566,-0.08488014,-0.11909997,-0.01330112,0.03026307,29.39955139,999.82983398,-,156.19999695,-,2940,-,42.29998779,-71.22973633,-,6.96000004,-,14.29153728
Fri May 05 18:50:28 EDT 2017,05-May-2017 18:51:55.253,-71.22967557,42.30002319,6.14,3.0,27.0,50.0,4.36283398,0.44651863,7.76858616,-0.02905846,31.76470566,-0.03709234,0.00841994,-0.03392396,0.02306336,29.39955139,999.80957031,-,158,-,2041,-,42.30002213,-71.22967529,-,5.90999985,-,13.04879475
Fri May 05 18:50:29 EDT 2017,05-May-2017 18:51:56.253,-71.22962395,42.3000573,5.9,3.0,26.0,50.1,4.05098915,0.09696517,7.9984293,-0.02038846,30.98039246,-0.08569043,-0.04136774,-0.01043345,-0.00555231,29.39955139,999.85571289,-,158,-,803,-,42.30005646,-71.22962189,-,4.90999985,-,12.42742348
Fri May 05 18:50:30 EDT 2017,05-May-2017 18:51:57.252,-71.22957201,42.30008855,5.63,3.0,26.0,49.9,3.48176789,0.23403321,8.58919907,-0.00304744,30.98039246,-0.06284998,-0.10897157,0.00488114,0.04960467,13.7686882,999.92382812,-,159.80000305,-,884,-,42.30008698,-71.22956848,-,4.80999994,-,11.18468189
Fri May 05 18:50:31 EDT 2017,05-May-2017 18:51:58.252,-71.22953377,42.3001175,4.68,3.0,26.0,49.5,3.39737225,-0.36212301,9.26376534,-0.0045781,30.58823586,0.00684064,-0.10799535,-0.05723142,0.12343199,13.94364643,999.93823242,-,159.80000305,-,990,-,42.30011749,-71.22953033,-,4.55999994,-,8.69919682
Fri May 05 18:50:32 EDT 2017,05-May-2017 18:51:59.254,-71.22950777,42.30014025,3.44,3.0,25.0,48.7,3.2950201,0.14844051,8.7005291,0.01005769,30.58823586,-0.05117944,-0.1184288,-0.00518622,0.06601749,13.66236877,999.90869141,-,159.80000305,-,989,-,42.30014038,-71.22950745,-,3.78999996,-,6.21371174
Fri May 05 18:50:33 EDT 2017,05-May-2017 18:52:00.252,-71.22948906,42.3001539,2.24,3.0,25.0,49.2,3.75889659,0.06105214,8.51856995,0.01071846,30.58823586,-0.06196812,-0.07815934,-0.01970762,0.0380729,13.38692379,999.88549805,-,159.80000305,-,894,-,42.30015564,-71.22949219,-,3.91000009,-,3.72822714
Fri May 05 18:50:34 EDT 2017,05-May-2017 18:52:01.252,-71.22947246,42.30016016,1.42,3.0,25.0,49.2,3.82593441,0.15981296,7.89128876,-0.01973274,30.58823586,-0.10557605,-0.0643091,-0.00402695,-0.01647387,13.48472023,999.93481445,-,159.80000305,-,905,-,42.30015945,-71.2294693,-,3.78999996,-,2.48548484
Fri May 05 18:50:35 EDT 2017,05-May-2017 18:52:02.252,-71.22946175,42.30016352,0.93,3.0,26.0,49.2,3.69126058,0.12449849,8.85555363,-0.0107618,30.58823586,-0.02159449,-0.07803731,-0.00762679,0.0818202,13.57668495,999.93603516,-,159.80000305,-,881,-,42.30016327,-71.22946167,-,3.5999999,-,0.62137121
Fri May 05 18:50:36 EDT 2017,05-May-2017 18:52:03.251,-71.22946201,42.30016442,0.0,3.0,26.0,0.0,4.48134708,0.08559271,8.37431908,0.02979445,30.58823586,-0.12598616,-0.02684632,-0.01092156,-0.05893984,13.54617882,999.95361328,-,159.80000305,-,880,-,42.30016327,-71.22946167,-,3.6400001,-,0
Fri May 05 18:50:37 EDT 2017,05-May-2017 18:52:04.253,-71.22946239,42.30016259,0.0,3.0,26.0,0.0,4.46398926,0.15502456,8.26298904,0.01905227,30.58823586,-0.0421818,0.00073217,-0.00451506,0.02141606,13.61885357,999.89770508,-,159.80000305,-,870,-,42.30016327,-71.22946167,-,3.42000008,-,0
Fri May 05 18:50:38 EDT 2017,05-May-2017 18:52:05.252,-71.22946329,42.3001624,0.0,3.0,26.0,0.0,4.46758032,0.11372458,8.28214264,0.02088386,30.19607925,-0.0434902,0.0051252,-0.00652853,0.0175721,13.67358398,999.8347168,-,159.80000305,-,883,-,42.30016327,-71.22946167,-,3.38000011,-,0
Fri May 05 18:50:38 EDT 2017,05-May-2017 18:52:06.253,-71.22946329,42.3001624,0.0,3.0,26.0,0.0,4.24851084,0.11013328,7.44656563,-0.02042463,30.19607925,-0.06722348,-0.00854204,-0.01665691,-0.00189141,13.54617882,999.93041992,-,159.80000305,-,861,-,42.30016327,-71.22946167,-,3.24000001,-,0
Fri May 05 18:50:40 EDT 2017,05-May-2017 18:52:07.256,-71.22946562,42.30016476,0.0,3.0,25.0,0.0,4.49810648,0.11073183,8.25939751,-0.01202428,30.19607925,-0.04090898,0.00420997,-0.00903012,0.02104995,13.71261311,999.90869141,-,159.80000305,-,877,-,42.30016327,-71.2294693,-,3.20000005,-,0
Fri May 05 18:50:41 EDT 2017,05-May-2017 18:52:08.253,-71.22946358,42.30016517,0.0,3.0,25.0,0.0,4.2598834,0.04309563,7.52318048,-0.05713224,30.19607925,-0.05417392,-0.00225756,-0.0132401,0.00951827,13.69601536,999.88891602,-,159.80000305,-,861,-,42.30016327,-71.22946167,-,3.16000009,-,0
Fri May 05 18:50:42 EDT 2017,05-May-2017 18:52:09.252,-71.22946207,42.30016401,0.0,3.0,25.0,0.0,4.46039772,0.1388637,8.07085419,0.00783467,30.19607925,-0.05957443,0.01214185,0.00829795,0.00219656,13.66909695,999.93603516,-,159.80000305,-,863,-,42.30016327,-71.22946167,-,3.24000001,-,0
Fri May 05 18:50:43 EDT 2017,05-May-2017 18:52:10.252,-71.22946129,42.30016382,0.0,3.0,25.0,0.0,4.19583845,0.07541735,7.37833118,-0.01057156,30.19607925,-0.05311794,0.00604042,-0.00732172,0.01299602,13.76465034,999.92456055,-,159.80000305,-,859,-,42.30016327,-71.22946167,-,3.05999994,-,0
Fri May 05 18:50:44 EDT 2017,05-May-2017 18:52:11.252,-71.22946184,42.30016554,0.0,3.0,25.0,0.0,4.3873744,0.13946225,7.67880344,-0.01349157,30.19607925,-0.09806968,0.00469809,0.00835896,-0.03776783,14.53536129,999.96923828,-,159.80000305,-,857,-,42.30016708,-71.22946167,-,3.13000011,-,0
Fri May 05 18:50:45 EDT 2017,05-May-2017 18:52:12.253,-71.2294623,42.30016628,0.0,3.0,25.0,0.0,4.55796146,0.21188685,8.16841793,-0.00148007,30.19607925,-0.10325644,0.00274563,0.00616245,-0.04258797,14.56317329,1000.00244141,-,159.80000305,-,846,-,42.30016708,-71.22946167,-,3.13000011,-,0
Fri May 05 18:50:46 EDT 2017,05-May-2017 18:52:13.252,-71.22946216,42.30016717,0.0,3.0,26.0,0.0,4.47536135,0.12030864,8.18098736,0.01837975,30.19607925,-0.09171806,0.00067117,0.00378289,-0.02812756,14.61072731,999.96484375,-,161.6000061,-,836,-,42.30016708,-71.22946167,-,3.08999991,-,0
Fri May 05 18:50:47 EDT 2017,05-May-2017 18:52:14.252,-71.22946239,42.30016725,0.0,3.0,26.0,0.0,4.39635277,0.15622166,8.11454773,0.00863618,30.58823586,-0.05877265,0.00561331,0.01006736,0.00665054,14.72691631,999.92700195,-,161.6000061,-,859,-,42.30016708,-71.22946167,-,3.30999994,-,0
Fri May 05 18:50:48 EDT 2017,05-May-2017 18:52:15.253,-71.22946249,42.30016715,0.0,3.0,26.0,0.0,4.34068775,0.09217677,7.81766701,-0.00295108,30.19607925,-0.03595489,0.01622982,0.00079319,0.02696837,14.79824543,999.99316406,-,161.6000061,-,861,-,42.30016708,-71.22946167,-,3.20000005,-,0
Fri May 05 18:50:49 EDT 2017,05-May-2017 18:52:16.252,-71.22946247,42.3001671,0.0,3.0,26.0,0.0,4.46698189,0.11671733,8.11454773,-0.00668666,30.19607925,-0.08363739,0.00939622,0.00567433,-0.02379558,14.64975643,999.93432617,-,161.6000061,-,852,-,42.30016708,-71.22946167,-,3.08999991,-,0
Fri May 05 18:50:50 EDT 2017,05-May-2017 18:52:17.254,-71.22946249,42.30016708,0.0,3.0,26.0,0.0,4.23474407,0.09157822,7.67401505,-0.03875464,30.19607925,-0.10617964,-0.01086056,0.00347782,-0.03825595,14.64885807,999.96679688,-,161.6000061,-,850,-,42.30016708,-71.22946167,-,3.02999997,-,0
Fri May 05 18:50:51 EDT 2017,05-May-2017 18:52:18.252,-71.22946251,42.30016708,0.0,3.0,26.0,0.0,4.46279192,0.11492168,8.10078144,0.01058984,30.19607925,-0.12046819,-0.00872505,-0.00311173,-0.05576705,14.67756844,999.97167969,-,161.6000061,-,844,-,42.30016708,-71.22946167,-,3.05999994,-,0
Fri May 05 18:50:52 EDT 2017,05-May-2017 18:52:19.253,-71.22946252,42.30016707,0.0,3.0,26.0,0.0,4.43286467,0.0676362,8.1510601,-0.01053375,30.19607925,-0.10258181,-0.00976228,0.00530824,-0.03477815,14.74396324,1000.01538086,-,161.6000061,-,851,-,42.30016708,-71.22946167,-,3.13000011,-,0
Fri May 05 18:50:53 EDT 2017,05-May-2017 18:52:20.253,-71.22946256,42.30016706,0.0,3.0,26.0,0.0,4.48134708,0.16101007,8.13250446,-0.00397906,30.19607925,-0.05300243,0.01427736,0.01055548,0.00848099,14.68698978,1000.01904297,-,161.6000061,-,840,-,42.30016708,-71.22946167,-,3.20000005,-,0
Fri May 05 18:50:54 EDT 2017,05-May-2017 18:52:21.252,-71.22946256,42.30016705,0.0,3.0,26.0,0.0,4.34188461,0.04908114,7.91163969,-0.01220281,30.58823586,-0.05518878,0.01610776,0.00878606,0.00500324,14.74710369,999.96923828,-,161.6000061,-,853,-,42.30016708,-71.22946167,-,3.24000001,-,0
Fri May 05 18:50:55 EDT 2017,05-May-2017 18:52:22.252,-71.22946257,42.30016703,0.0,3.0,26.0,0.0,4.36403131,0.08439561,8.12292767,0.00772816,30.19607925,-0.05968095,0.00231857,0.00274564,0.00750477,14.81035709,999.95825195,-,161.6000061,-,848,-,42.30016708,-71.22946167,-,3.24000001,-,0
Fri May 05 18:50:56 EDT 2017,05-May-2017 18:52:23.253,-71.22946258,42.300167,0.0,3.0,26.0,0.0,4.50768328,0.07362171,8.17919159,0.01975554,30.19607925,-0.04764947,0.01696199,0.00164739,0.01324013,14.66769886,1000.04467773,-,161.6000061,-,851,-,42.30016708,-71.22946167,-,3,-,0
Fri May 05 18:50:57 EDT 2017,05-May-2017 18:52:24.252,-71.22946259,42.30016699,0.0,3.0,26.0,0.0,4.25210238,0.07182605,7.65306568,-0.00903682,30.19607925,-0.05947316,0.00140334,0.00219651,0.00823698,14.73364544,999.96923828,-,161.6000061,-,846,-,42.30016708,-71.22946167,-,3.05999994,-,0
Fri May 05 18:50:58 EDT 2017,05-May-2017 18:52:25.252,-71.22946262,42.30016695,0.0,3.0,26.0,0.0,4.38557911,0.01735796,7.56208611,-0.01774173,30.19607925,-0.10858635,0.00451508,-0.00408796,-0.04966563,14.74396324,1000.02539062,-,161.6000061,-,844,-,42.30016708,-71.22946167,-,3.16000009,-,0
Fri May 05 18:50:59 EDT 2017,05-May-2017 18:52:26.252,-71.22946259,42.30016694,0.0,3.0,26.0,0.0,5.3737855,-0.18315643,7.50462532,0.00881457,37.25490189,-0.05859417,0.10524967,-0.02452775,-0.05552299,16.00455284,1000.01635742,-,161.6000061,-,1203,-,42.30016708,-71.22946167,-,8.92000008,-,0
Fri May 05 18:51:00 EDT 2017,05-May-2017 18:52:27.254,-71.22945718,42.30017028,0.9,3.0,26.0,49.2,6.95934582,-0.09457096,6.80910969,0.06026918,36.47058868,-0.07464847,0.20860794,0.03062919,-0.16449457,13.44165421,999.93212891,-,161.6000061,-,1609,-,42.3001709,-71.22945404,-,22.37000084,-,3.72822714
Fri May 05 18:51:01 EDT 2017,05-May-2017 18:52:28.252,-71.22943037,42.30018889,3.11,3.0,25.0,50.6,5.87477255,0.19153613,6.96473265,-0.00326174,37.64706039,-0.07067461,0.15631868,0.0136672,-0.11055792,14.50799561,999.93481445,-,161.6000061,-,2071,-,42.30018997,-71.22943115,-,26.20999908,-,10.56331062
Fri May 05 18:51:02 EDT 2017,05-May-2017 18:52:29.251,-71.22937399,42.30022784,5.9,3.0,24.0,49.8,6.42244625,0.19692309,6.34762716,0.01639628,40,-0.02050588,0.27694395,-0.03166643,-0.15686776,14.94583702,999.90112305,-,161.6000061,-,3238,-,42.30022812,-71.22937775,-,38.38999939,-,16.15565109
Fri May 05 18:51:03 EDT 2017,05-May-2017 18:52:30.256,-71.22930293,42.30027137,7.9,3.0,24.0,49.6,4.56933403,-0.18614918,8.52515411,-0.0126949,32.15686417,-0.05436035,0.01775516,0.03746279,0.00402692,13.96966457,999.9921875,-,163.3999939,-,2591,-,42.30027008,-71.22930145,-,7.23999977,-,16.77702141
Fri May 05 18:51:04 EDT 2017,05-May-2017 18:52:31.252,-71.22922177,42.30032259,8.83,3.0,24.0,50.3,6.91744709,1.19949508,7.47170496,0.11284953,44.70588303,0.04547638,0.26260558,0.11641531,-0.05887879,14.4581995,999.92211914,-,163.3999939,-,2423,-,42.30032349,-71.22922516,-,41.70000076,-,21.74799156
Fri May 05 18:51:05 EDT 2017,05-May-2017 18:52:32.252,-71.22911378,42.30038868,11.1,3.0,24.0,50.3,6.17464638,0.10414778,7.68000031,0.07230955,43.13725662,-0.05623918,0.24802317,0.10994779,-0.18822916,14.69147587,999.98095703,-,163.3999939,-,3062,-,42.30038834,-71.22911072,-,47.95999908,-,26.71896172
Fri May 05 18:51:06 EDT 2017,05-May-2017 18:52:33.252,-71.22898864,42.30046487,13.02,3.0,24.0,49.7,3.76129079,-0.32561144,7.70513964,0.06071594,31.76470566,0.04957937,0.04563871,0.0776102,0.1044565,14.25004482,999.97753906,-,163.3999939,-,2683,-,42.30046463,-71.22898865,-,6.78999996,-,28.58307457
Fri May 05 18:51:07 EDT 2017,05-May-2017 18:52:34.253,-71.22886128,42.30054674,13.24,3.0,24.0,49.5,4.51307011,0.33339259,8.2731638,0.0152354,32.94117737,-0.03841143,0.0175111,0.0281276,0.02281936,13.35282898,1000.00146484,-,163.3999939,-,2179,-,42.30054855,-71.22885895,-,10.56000042,-,29.20444679
Fri May 05 18:51:08 EDT 2017,05-May-2017 18:52:35.254,-71.2287407,42.3006193,13.2,3.0,23.0,50.4,4.27843857,-0.01795651,7.59919596,-0.02665004,32.15686417,-0.14402494,-0.02342947,-0.02702934,-0.07480355,14.31958008,1000.07299805,-,165.19999695,-,2167,-,42.30062103,-71.22874451,-,7.38000011,-,28.58307457
Fri May 05 18:51:09 EDT 2017,05-May-2017 18:52:36.252,-71.22861893,42.30069239,13.24,3.0,22.0,50.4,4.87160206,0.84754741,8.23904705,0.04724014,33.33333206,-0.09024343,0.04856739,0.07956266,-0.05985502,14.22223186,1000.09350586,-,165.19999695,-,2180,-,42.30069351,-71.22862244,-,9.93000031,-,29.20444679
Fri May 05 18:51:10 EDT 2017,05-May-2017 18:52:37.252,-71.22849901,42.30077377,13.45,3.0,22.0,48.8,4.79319191,-0.18495208,7.35618496,-0.03706759,34.50980377,-0.10449206,0.04606582,-0.0247108,-0.07065453,14.16391277,1000.15234375,-,165.19999695,-,2232,-,42.30077362,-71.22850037,-,14.21000004,-,29.82581711
Fri May 05 18:51:11 EDT 2017,05-May-2017 18:52:38.252,-71.22837076,42.30085928,13.87,3.0,21.0,48.6,5.05834961,1.18572843,9.60015011,0.03961845,34.50980377,0.30700135,-0.00122029,-0.03679163,0.40885687,14.37789822,1000.12915039,-,165.19999695,-,2324,-,42.30085754,-71.22837067,-,15.02999973,-,31.06855965
Fri May 05 18:51:12 EDT 2017,05-May-2017 18:52:39.252,-71.2282435,42.30094507,14.34,3.0,21.0,49.9,4.30058479,-0.05147533,8.5628624,0.0099905,32.54901886,-0.02287832,-0.00414897,-0.0111046,0.0523503,14.31060791,1000.12231445,-,165.19999695,-,2370,-,42.30094528,-71.22824097,-,6.03000021,-,31.68992996
Fri May 05 18:51:13 EDT 2017,05-May-2017 18:52:40.251,-71.228111,42.30102959,14.48,3.0,21.0,50.5,3.8510735,-0.02633622,7.69257021,-0.05533421,31.37254906,-0.12276492,-0.04997071,-0.008542,-0.0363645,14.80676842,1000.16821289,-,165.19999695,-,2350,-,42.30102921,-71.22811127,-,5.73999977,-,31.68992996
Fri May 05 18:51:14 EDT 2017,05-May-2017 18:52:41.254,-71.22797619,42.30111559,14.19,3.0,20.0,51.9,4.11383724,-0.72723877,8.65922928,0.04778129,31.37254906,-0.09118684,-0.02977495,-0.03953727,-0.01189779,29.39955139,1000.20166016,-,165.19999695,-,2306,-,42.30111694,-71.22797394,-,5.46000004,-,31.06855965
Fri May 05 18:51:15 EDT 2017,05-May-2017 18:52:42.252,-71.22783605,42.30118524,13.71,3.0,19.0,55.3,4.36283398,0.260968,8.34319401,0.02783912,31.37254906,-0.03956316,0.00219651,0.02074487,0.02995801,29.39955139,1000.28149414,-,167,-,2242,-,42.30118561,-71.22783661,-,5.34000015,-,29.82581711
Fri May 05 18:51:16 EDT 2017,05-May-2017 18:52:43.252,-71.2276978,42.3012446,13.41,3.0,18.0,59.4,4.1150341,-0.18016368,8.66281986,-0.01352642,31.37254906,-0.02186725,-0.02306341,-0.02422268,0.06253964,29.39955139,1000.29370117,-,167,-,2176,-,42.30124283,-71.22769928,-,5.23000002,-,29.20444679
Fri May 05 18:51:17 EDT 2017,05-May-2017 18:52:44.252,-71.22756336,42.30130117,13.09,3.0,17.0,60.6,3.06397963,-0.33937809,9.13687229,0.00227036,31.37254906,-0.09075002,-0.14484797,0.01592473,0.03801194,29.39955139,1000.4309082,-,167,-,2053,-,42.30130005,-71.22756195,-,5.01000023,-,27.96170425
Fri May 05 18:51:18 EDT 2017,05-May-2017 18:52:45.253,-71.22743813,42.30135417,12.09,3.0,17.0,60.6,3.88878202,-0.30166942,8.05050278,-0.02038133,30.98039246,-0.08780003,-0.04612682,-0.03660859,0.000122,29.39955139,1000.40991211,-,168.80000305,-,1934,-,42.30135345,-71.22743988,-,4.65999985,-,25.47621918
Fri May 05 18:51:19 EDT 2017,05-May-2017 18:52:46.253,-71.22731871,42.30140477,11.77,3.0,17.0,60.2,4.66570044,0.68713588,7.73446846,-0.00883877,36.07843018,-0.08992042,0.06534632,0.04112365,-0.06717673,15.24685383,1000.39477539,-,168.80000305,-,1980,-,42.30140305,-71.22731781,-,20.04000092,-,26.71896172
Fri May 05 18:51:20 EDT 2017,05-May-2017 18:52:47.253,-71.22720342,42.30146684,12.55,3.0,17.0,59.1,5.46416664,0.98222125,6.69837761,-0.00968382,35.29411697,-0.03058773,0.09030119,0.05161811,-0.01311808,13.67089176,1000.36865234,-,168.80000305,-,2135,-,42.3014679,-71.22720337,-,25.39999962,-,28.58307457
Fri May 05 18:51:21 EDT 2017,05-May-2017 18:52:48.252,-71.22705861,42.30153173,13.42,3.0,17.0,58.0,3.94384885,-0.30585927,8.64486408,0.02198247,31.37254906,-0.03056587,-0.04051349,-0.03703569,0.06070929,14.17557716,1000.39477539,-,168.80000305,-,2236,-,42.30153275,-71.22705841,-,5.46000004,-,29.20444679
Fri May 05 18:51:22 EDT 2017,05-May-2017 18:52:49.252,-71.22691933,42.30159781,13.39,3.0,16.0,58.2,3.84448934,0.26635495,8.60775375,0.00758433,31.37254906,-0.04874986,-0.03874409,0.00054913,0.04039146,29.39955139,1000.4519043,-,168.80000305,-,2163,-,42.3015976,-71.22692108,-,5.34000015,-,28.58307457
Fri May 05 18:51:23 EDT 2017,05-May-2017 18:52:50.252,-71.22678043,42.3016623,13.19,3.0,17.0,58.7,4.62380219,-0.5255273,6.96952105,-0.07800567,34.50980377,0.09679081,0.06803095,-0.09969739,0.14521407,13.86917782,1000.43115234,-,168.80000305,-,2192,-,42.30166245,-71.22678375,-,13.80000019,-,29.20444679
Fri May 05 18:51:24 EDT 2017,05-May-2017 18:52:51.255,-71.22663093,42.30172319,13.6,3.0,17.0,60.5,4.50528908,-0.67037648,8.22647667,0.026272,34.50980377,-0.04113082,0.01671793,-0.0741934,0.01806022,13.03925133,1000.53027344,-,168.80000305,-,2272,-,42.30172348,-71.22663116,-,14.72000027,-,30.44718933
Fri May 05 18:51:25 EDT 2017,05-May-2017 18:52:52.252,-71.2264812,42.30178295,14.12,3.0,17.0,62.5,4.1437645,0.5303157,7.58243656,-0.0059362,33.72549057,0.0169227,0.01598576,-0.06363793,0.08493194,13.80143642,1000.53369141,-,168.80000305,-,2339,-,42.30178452,-71.22647858,-,11,-,31.06855965
Fri May 05 18:51:26 EDT 2017,05-May-2017 18:52:53.252,-71.22632501,42.30184452,14.4,3.0,17.0,63.3,4.02644873,1.17016613,7.80629444,0.0111986,31.37254906,-0.0215278,-0.04374725,0.02056182,0.07224097,13.83911991,1000.58007812,-,168.80000305,-,2333,-,42.30184555,-71.22632599,-,5.8499999,-,31.06855965
Fri May 05 18:51:27 EDT 2017,05-May-2017 18:52:54.252,-71.22617403,42.30190803,14.15,3.0,17.0,62.1,3.40635037,0.64643449,8.12951183,-0.03135341,31.37254906,-0.09877586,-0.09530436,0.06003809,0.00817593,29.39955139,1000.58862305,-,168.80000305,-,2294,-,42.30190659,-71.2261734,-,5.63000011,-,30.44718933
Fri May 05 18:51:28 EDT 2017,05-May-2017 18:52:55.255,-71.22603412,42.3019688,13.8,3.0,16.0,59.7,4.33889198,0.77871412,7.46751499,-0.04831749,34.11764908,-0.0300779,0.02471081,0.03520526,0.02806661,20.41392517,1000.63842773,-,170.6000061,-,2242,-,42.30196762,-71.22603607,-,7.51999998,-,29.82581711
Fri May 05 18:51:29 EDT 2017,05-May-2017 18:52:56.254,-71.22588236,42.30203478,13.83,3.0,17.0,59.2,4.85125113,0.20111294,7.93917274,0.01637548,36.86274719,-0.05103067,0.05198419,0.01464343,-0.01122662,13.49593544,1000.62646484,-,170.6000061,-,2341,-,42.30203629,-71.22588348,-,22.88999939,-,31.06855965
Fri May 05 18:51:30 EDT 2017,05-May-2017 18:52:57.253,-71.22572746,42.30210265,14.57,3.0,17.0,59.3,5.16070175,-0.18136078,7.96910048,0.0200163,37.64706039,-0.03168674,0.08352859,-0.02434471,-0.00817589,14.5694561,1000.67553711,-,170.6000061,-,2478,-,42.30210114,-71.2257309,-,26.87000084,-,32.31130219
Fri May 05 18:51:31 EDT 2017,05-May-2017 18:52:58.252,-71.22556684,42.30217152,15.22,4.0,17.0,59.6,4.18446589,0.19931729,8.15345383,-0.07415622,34.50980377,-0.12904735,0.01220285,0.07516963,-0.08249132,14.64123154,1000.56787109,-,170.6000061,-,2547,-,42.3021698,-71.22556305,-,14.82999992,-,34.17541504
Fri May 05 18:51:32 EDT 2017,05-May-2017 18:52:59.252,-71.22539645,42.30224873,15.63,4.0,17.0,58.8,4.8338933,0.41000703,7.82784224,0.00648868,34.90196228,-0.06092084,0.05021479,0.03593743,-0.0225753,14.78658104,1000.66699219,-,170.6000061,-,2567,-,42.30224991,-71.2253952,-,16.78000069,-,34.17541504
Fri May 05 18:51:33 EDT 2017,05-May-2017 18:53:00.252,-71.22523516,42.30232032,15.79,4.0,18.0,58.7,4.89733934,0.24959552,7.63151789,-0.00758278,36.86274719,-0.07499714,0.05668228,0.01958559,-0.04258797,14.65379333,1000.60913086,-,170.6000061,-,2653,-,42.30231857,-71.22523499,-,25.10000038,-,35.41815948
Fri May 05 18:51:34 EDT 2017,05-May-2017 18:53:01.252,-71.22506719,42.30239662,16.31,5.0,18.0,58.4,4.76446152,-0.01017536,8.0080061,-0.00154101,36.47058868,-0.07598761,0.02373458,0.01958559,-0.02355153,14.80183315,1000.50024414,-,170.6000061,-,2694,-,42.30239487,-71.22506714,-,15.89999962,-,36.03952789
Fri May 05 18:51:35 EDT 2017,05-May-2017 18:53:02.252,-71.22489056,42.30246867,16.61,4.0,18.0,58.4,3.55119967,-0.10654198,7.93258858,-0.01695496,33.33333206,-0.11367752,-0.08053888,-0.01671792,-0.01189779,14.53446293,1000.59521484,-,172.3999939,-,2686,-,42.30246735,-71.22489166,-,7.03000021,-,36.66090012
Fri May 05 18:51:36 EDT 2017,05-May-2017 18:53:03.252,-71.22472008,42.30254358,16.48,4.0,19.0,58.6,3.69126058,-0.13227965,8.44135666,-0.02930844,31.76470566,-0.1327741,-0.04478451,0.01061649,-0.0503978,29.39955139,1000.53149414,-,172.3999939,-,2675,-,42.30254364,-71.22472382,-,6.30000019,-,35.41815948
Fri May 05 18:51:37 EDT 2017,05-May-2017 18:53:04.252,-71.2245456,42.30260997,16.02,4.0,19.0,58.7,3.28125334,0.03770868,8.64845467,0.01065284,31.76470566,-0.03775937,-0.04106263,0.00176942,0.05357054,29.39955139,1000.61889648,-,172.3999939,-,2585,-,42.30260849,-71.22454834,-,6.07999992,-,34.79678726
Fri May 05 18:51:38 EDT 2017,05-May-2017 18:53:05.253,-71.22439397,42.30269763,15.57,3.0,18.0,58.7,3.78702855,-0.18315643,8.43177986,0.01013601,31.76470566,-0.05727228,-0.05649925,-0.02452775,0.03898817,29.39955139,1000.67456055,-,172.3999939,-,2538,-,42.30269623,-71.22439575,-,6.07999992,-,34.17541504
Fri May 05 18:51:39 EDT 2017,05-May-2017 18:53:06.253,-71.22424384,42.30277325,15.2,3.0,18.0,58.7,4.15214443,0.4321534,8.83280849,0.0153617,31.76470566,-0.03403403,-0.04624885,0.00567433,0.05997707,29.39955139,1000.67480469,-,172.3999939,-,2455,-,42.30277252,-71.22424316,-,5.8499999,-,32.93267441
Fri May 05 18:51:40 EDT 2017,05-May-2017 18:53:07.252,-71.22408166,42.30284141,14.95,3.0,17.0,58.7,3.71280837,-0.31483752,9.54747772,0.00157359,31.76470566,-0.16616741,-0.06632255,0.07700006,-0.08133204,13.90327168,1000.74682617,-,174.19999695,-,2412,-,42.30284119,-71.22408295,-,6.03000021,-,32.31130219
Fri May 05 18:51:41 EDT 2017,05-May-2017 18:53:08.266,-71.22393437,42.30291279,14.62,3.0,17.0,58.4,2.15717578,0.30166942,9.00339508,0.01198381,31.37254906,-0.05542389,-0.22264121,0.02489384,0.09725679,29.39955139,1000.80932617,-,174.19999695,-,2340,-,42.30291367,-71.22393799,-,5.73999977,-,31.06855965
Fri May 05 18:51:42 EDT 2017,05-May-2017 18:53:09.252,-71.22380139,42.30297386,13.4,3.0,17.0,57.6,2.48996973,-1.04327345,8.8088665,0.00690234,31.37254906,-0.09685074,-0.16559283,0.0562552,0.0365476,29.39955139,1000.89306641,-,174.19999695,-,2099,-,42.3029747,-71.22380066,-,4.90999985,-,27.96170425
Fri May 05 18:51:43 EDT 2017,05-May-2017 18:53:10.253,-71.22368235,42.30303294,11.91,3.0,17.0,57.9,3.93606758,-0.40462008,8.25161648,0.00058013,30.98039246,-0.03530766,-0.07577977,-0.10012449,0.0663836,29.39955139,1000.93676758,-,174.19999695,-,1889,-,42.30303192,-71.22367859,-,4.61000013,-,25.47621918
Fri May 05 18:51:44 EDT 2017,05-May-2017 18:53:11.253,-71.22357055,42.30308881,11.38,3.0,16.0,61.0,3.61105466,-1.92912805,8.52036572,0.00285223,30.98039246,-0.03606942,-0.07443746,-0.2025065,0.04801833,29.39955139,1000.9296875,-,174.19999695,-,1826,-,42.30308914,-71.22357178,-,4.36000013,-,24.23347664
Fri May 05 18:51:45 EDT 2017,05-May-2017 18:53:12.252,-71.22344017,42.30312652,10.88,3.0,16.0,69.8,3.60746336,-1.56101954,7.46033239,-0.02068199,30.98039246,-0.09346953,-0.08499294,-0.18914436,-0.00823689,29.39955139,1000.921875,-,174.19999695,-,1753,-,42.30312729,-71.22344208,-,4.19000006,-,23.61210442
Fri May 05 18:51:46 EDT 2017,05-May-2017 18:53:13.253,-71.22331333,42.30313119,10.48,3.0,15.0,79.0,3.94923568,-1.64601362,8.53473091,0.04093283,30.98039246,-0.02646493,-0.03996437,-0.17364672,0.04948267,29.39955139,1001.01855469,-,174.19999695,-,1711,-,42.3031311,-71.22331238,-,4.23000002,-,22.9907341
Fri May 05 18:51:47 EDT 2017,05-May-2017 18:53:14.252,-71.22318973,42.30311981,10.28,3.0,15.0,89.1,3.8558619,-1.33117616,8.66042614,0.04357308,30.98039246,-0.02382381,-0.0494826,-0.14155319,0.06229564,29.39955139,1001.08325195,-,174.19999695,-,1672,-,42.30311966,-71.22319031,-,4.11000013,-,22.36936378
Fri May 05 18:51:48 EDT 2017,05-May-2017 18:53:15.252,-71.22306497,42.30309877,10.1,3.0,15.0,99.8,3.49134469,-1.58137023,7.90026712,0.01130543,30.58823586,-0.04247262,-0.08255237,-0.15479331,0.05381464,29.39955139,1001.15820312,-,174.19999695,-,1633,-,42.30310059,-71.22306824,-,4.07000017,-,21.74799156
Fri May 05 18:51:49 EDT 2017,05-May-2017 18:53:16.252,-71.22296043,42.30306485,9.55,3.0,15.0,109.2,3.58112717,-1.07858789,8.08282471,-0.01204205,30.58823586,-0.09182332,-0.07748818,-0.11580516,0.0034168,29.39955139,1001.12524414,-,174.19999695,-,1563,-,42.30306625,-71.22296143,-,3.82999992,-,20.50524902
Fri May 05 18:51:50 EDT 2017,05-May-2017 18:53:17.253,-71.22286989,42.30302114,9.43,3.0,14.0,120.1,3.51588511,-0.9187749,7.51899052,-0.08098572,30.58823586,-0.14842516,-0.08413874,-0.09951434,-0.05405865,29.39955139,1001.21386719,-,174.19999695,-,1524,-,42.30302048,-71.22286987,-,3.86999989,-,20.50524902
Fri May 05 18:51:51 EDT 2017,05-May-2017 18:53:18.252,-71.22278075,42.30295738,9.2,3.0,14.0,130.4,3.40994167,-0.57520694,7.96550894,-0.04707384,30.58823586,-0.1228027,-0.07028849,-0.12355397,-0.03532726,29.39955139,1001.17456055,-,172.3999939,-,1481,-,42.30295563,-71.22277832,-,3.6400001,-,19.88387871
Fri May 05 18:51:52 EDT 2017,05-May-2017 18:53:19.253,-71.22271593,42.30289735,8.86,3.0,13.0,140.3,3.84209514,-1.27730656,7.21013832,-0.08933628,30.58823586,-0.15677853,-0.05088593,-0.13606191,-0.08554205,29.39955139,1001.2512207,-,172.3999939,-,1336,-,42.30289841,-71.22271729,-,3.52999997,-,17.39839363
Fri May 05 18:51:53 EDT 2017,05-May-2017 18:53:20.252,-71.22267356,42.30284145,7.88,3.0,13.0,150.0,3.93307495,-1.66037893,8.84956837,0.02766647,30.58823586,-0.10472586,-0.0443574,-0.15009521,-0.03209352,29.39955139,1001.34667969,-,172.3999939,-,1289,-,42.30284119,-71.22267151,-,3.45000005,-,17.39839363
Fri May 05 18:51:54 EDT 2017,05-May-2017 18:53:21.252,-71.22264419,42.30277366,7.81,3.0,14.0,160.2,4.06715012,-0.90979666,8.63349152,0.01009603,30.58823586,-0.09765746,-0.07748818,-0.0208669,0.00420997,29.39955139,1001.27954102,-,172.3999939,-,1231,-,42.30277252,-71.22264099,-,3.42000008,-,16.15565109
Fri May 05 18:51:55 EDT 2017,05-May-2017 18:53:22.253,-71.22262431,42.30270787,7.45,3.0,13.0,164.1,5.39712906,-0.68773443,9.98382092,0.22675949,33.33333206,0.15942523,0.10762924,-0.07596282,0.19719826,19.35655403,1001.28881836,-,172.3999939,-,1246,-,42.30270767,-71.22262573,-,10.39999962,-,16.15565109
Fri May 05 18:51:56 EDT 2017,05-May-2017 18:53:23.253,-71.22259684,42.30264075,7.7,3.0,14.0,165.3,4.54539204,-0.38606504,9.58698177,0.14998919,32.94117737,-0.18900497,-0.0050642,0.04716406,-0.14002782,13.9360199,1001.22558594,-,172.3999939,-,1309,-,42.30263901,-71.22259521,-,10.01000023,-,16.77702141
Fri May 05 18:51:57 EDT 2017,05-May-2017 18:53:24.252,-71.22257593,42.30256805,8.12,3.0,14.0,165.6,5.17147589,0.61890113,8.09778881,0.01609151,33.72549057,-0.01119888,0.00475914,0.01183678,0.06077024,13.8445034,1001.30273438,-,172.3999939,-,1377,-,42.30256653,-71.22257233,-,10.81999969,-,18.64113617
Fri May 05 18:51:58 EDT 2017,05-May-2017 18:53:25.253,-71.22255623,42.30249087,8.71,3.0,14.0,166.1,5.099051,0.65182143,8.49762058,-0.0323898,32.94117737,0.01273141,0.07724412,0.06058721,0.04569976,13.51073837,1001.29736328,-,172.3999939,-,1462,-,42.30249023,-71.22255707,-,9.61999989,-,19.26250648
Fri May 05 18:51:59 EDT 2017,05-May-2017 18:53:26.253,-71.22252803,42.30241092,9.09,3.0,14.0,166.7,4.62559748,0.96187055,7.4268136,-0.04416563,34.11764908,-0.13018417,0.0156807,0.03172744,-0.08249132,13.55649662,1001.30932617,-,172.3999939,-,1528,-,42.30241013,-71.22252655,-,11.44999981,-,20.50524902
Fri May 05 18:52:00 EDT 2017,05-May-2017 18:53:27.252,-71.22250851,42.30232681,9.56,3.0,14.0,167.5,4.2718544,0.59017074,7.34960079,-0.06362903,33.33333206,-0.12453714,-0.00805388,0.09896521,-0.06809195,14.88976097,1001.33105469,-,172.3999939,-,1580,-,42.3023262,-71.22251129,-,7.80000019,-,21.12662125
Fri May 05 18:52:01 EDT 2017,05-May-2017 18:53:28.253,-71.22248572,42.30223567,9.98,3.0,14.0,168.1,5.3426609,-0.53091425,7.63630629,0.01929301,36.07843018,-0.04811215,0.10207693,-0.05997707,-0.04209986,15.29036903,1001.3112793,-,172.3999939,-,1680,-,42.30223465,-71.2224884,-,15.56999969,-,22.36936378
Fri May 05 18:52:02 EDT 2017,05-May-2017 18:53:29.252,-71.22246267,42.30214195,10.84,3.0,14.0,168.7,5.80174923,0.02513912,7.08623838,0.02106326,37.25490189,-0.04957827,0.09274176,0.0268463,-0.03624249,15.07952213,1001.38256836,-,172.3999939,-,1860,-,42.3021431,-71.22246552,-,25.10000038,-,24.85484695
Fri May 05 18:52:03 EDT 2017,05-May-2017 18:53:30.252,-71.22244115,42.30203733,11.99,3.0,13.0,171.0,4.15154552,-2.73597407,8.14148331,0.0557739,30.98039246,-0.02722797,-0.01934155,-0.2847538,0.00939627,14.07643414,1001.30371094,-,172.3999939,-,2009,-,42.30203629,-71.22244263,-,5.90999985,-,26.71896172
Fri May 05 18:52:04 EDT 2017,05-May-2017 18:53:31.256,-71.22244109,42.30192041,12.78,3.0,12.0,179.4,3.4458549,-1.75734401,9.31105042,0.09551316,31.37254906,0.02813405,-0.0912774,-0.18499538,0.1286182,14.01990986,1001.32910156,-,172.3999939,-,2071,-,42.30192184,-71.22244263,-,5.05999994,-,27.34033203
Fri May 05 18:52:05 EDT 2017,05-May-2017 18:53:32.253,-71.22246972,42.30181942,12.35,3.0,13.0,190.0,3.68228221,-3.35487509,9.16799641,0.13132995,31.37254906,-0.08728124,-0.07803729,-0.20366576,-0.00780982,29.39955139,1001.32080078,-,172.3999939,-,1988,-,42.30181885,-71.22247314,-,4.76000023,-,26.71896172
Fri May 05 18:52:06 EDT 2017,05-May-2017 18:53:33.252,-71.22252201,42.30172836,11.78,3.0,12.0,201.7,3.87441683,-2.24695826,8.04152489,0.00602537,30.98039246,-0.06138433,-0.04759116,-0.23490509,-0.00079317,29.39955139,1001.42822266,-,172.3999939,-,1940,-,42.30172729,-71.22251892,-,4.71000004,-,25.47621918
Fri May 05 18:52:07 EDT 2017,05-May-2017 18:53:34.252,-71.22260179,42.30164285,11.77,3.0,13.0,212.7,3.90673852,-1.62207162,7.91223812,0.0264942,30.98039246,0.06554813,-0.02690732,-0.27944556,0.12129648,29.39955139,1001.3815918,-,172.3999939,-,1855,-,42.30164337,-71.22260284,-,4.61000013,-,24.85484695
Fri May 05 18:52:08 EDT 2017,05-May-2017 18:53:35.252,-71.22268665,42.30156888,11.18,4.0,13.0,218.6,4.11383724,-1.75734401,8.19475365,0.05090992,30.98039246,-0.0599676,-0.07754917,-0.24100652,0.01287402,29.39955139,1001.421875,-,172.3999939,-,1774,-,42.30156708,-71.22268677,-,4.40999985,-,23.61210442
Fri May 05 18:52:09 EDT 2017,05-May-2017 18:53:36.252,-71.22280157,42.30152276,10.54,3.0,13.0,235.2,3.93846178,-1.64361942,7.56986713,-0.04644042,30.98039246,-0.11386806,-0.04106263,-0.17340267,-0.04887245,29.39955139,1001.43652344,-,172.3999939,-,1700,-,42.3015213,-71.22280121,-,4.1500001,-,22.9907341
Fri May 05 18:52:10 EDT 2017,05-May-2017 18:53:37.252,-71.22291835,42.30148823,10.16,3.0,14.0,245.9,4.3754034,-1.60890353,7.88470459,0.00144732,30.98039246,-0.06059051,-0.10091767,-0.14124812,0.04368625,29.39955139,1001.40185547,-,172.3999939,-,1645,-,42.30148697,-71.22291565,-,4.11000013,-,21.74799156
Fri May 05 18:52:11 EDT 2017,05-May-2017 18:53:38.253,-71.22303871,42.30146467,9.92,3.0,13.0,255.3,3.90254879,-1.29167187,7.44417143,-0.00894681,32.15686417,-0.07123055,-0.08956899,-0.15656272,0.02489381,13.89878464,1001.46044922,-,172.3999939,-,1628,-,42.30146408,-71.22303772,-,5.73999977,-,21.74799156
Fri May 05 18:52:12 EDT 2017,05-May-2017 18:53:39.252,-71.22315861,42.301461,9.86,4.0,12.0,264.5,4.24432087,-1.57239199,7.68778181,0.01425209,30.58823586,-0.09028591,-0.00988433,-0.16614197,-0.03685261,13.55873966,1001.48217773,-,172.3999939,-,1617,-,42.30146027,-71.22315979,-,5.63000011,-,21.74799156
Fri May 05 18:52:13 EDT 2017,05-May-2017 18:53:40.252,-71.2232731,42.30147569,9.76,3.0,12.0,274.5,3.41892004,-0.97982705,7.96311474,0.04438411,30.58823586,0.03718545,-0.02483281,-0.15497635,0.11665935,28.22823524,1001.43359375,-,172.3999939,-,1566,-,42.30147552,-71.22327423,-,4.03000021,-,21.12662125
Fri May 05 18:52:14 EDT 2017,05-May-2017 18:53:41.252,-71.22338431,42.30149739,9.41,3.0,12.0,282.7,4.51067591,-1.17555308,7.13292551,-0.06367046,31.76470566,-0.10834946,-0.06986138,-0.15583055,-0.02483281,18.25028801,1001.50244141,-,172.3999939,-,1546,-,42.30149841,-71.22338104,-,5.73999977,-,20.50524902
Fri May 05 18:52:15 EDT 2017,05-May-2017 18:53:42.253,-71.22348992,42.30153088,9.35,3.0,11.0,291.8,4.31734419,-0.79607207,7.2771759,-0.06592405,31.76470566,-0.13335831,-0.00244057,-0.08700641,-0.07870845,13.59776878,1001.49951172,-,172.3999939,-,1544,-,42.30153275,-71.22348785,-,6.19000006,-,20.50524902
Fri May 05 18:52:16 EDT 2017,05-May-2017 18:53:43.253,-71.22358394,42.30157374,9.32,3.0,11.0,300.8,3.99352837,-0.41299978,8.32523823,-0.00578993,31.37254906,-0.01824985,0.02922584,-0.132157,0.03075128,13.34340858,1001.51171875,-,172.3999939,-,1542,-,42.30157471,-71.22358704,-,5.73999977,-,20.50524902
Fri May 05 18:52:17 EDT 2017,05-May-2017 18:53:44.254,-71.22367213,42.30163403,9.5,3.0,11.0,308.9,4.05278492,-0.75297642,7.83562374,-0.02200948,31.76470566,-0.11745883,0.02849367,-0.02544297,-0.07480355,13.47529793,1001.51074219,-,172.3999939,-,1555,-,42.30163574,-71.22367096,-,5.96999979,-,20.50524902
Fri May 05 18:52:18 EDT 2017,05-May-2017 18:53:45.252,-71.22374855,42.30169724,9.52,3.0,10.0,316.0,4.86501789,-0.89064306,7.8853035,0.01656228,32.94117737,-0.05084385,0.05338753,-0.09664667,-0.01671788,13.7314539,1001.52709961,-,172.3999939,-,1577,-,42.30169678,-71.22374725,-,8.53999996,-,21.12662125
Fri May 05 18:52:19 EDT 2017,05-May-2017 18:53:46.254,-71.2238186,42.3017692,9.75,3.0,10.0,322.2,4.50469065,-0.95588505,8.08102894,0.01584649,34.11764908,-0.09524142,0.01982967,-0.03691366,-0.04380826,13.57174969,1001.49755859,-,172.3999939,-,1646,-,42.30176926,-71.22381592,-,12.52000046,-,21.74799156
Fri May 05 18:52:20 EDT 2017,05-May-2017 18:53:47.252,-71.22388128,42.30184959,10.2,3.0,10.0,327.0,5.18943214,-0.57161564,8.19415569,0.05815065,34.11764908,-0.00924119,0.08645728,-0.06412604,0.01476552,15.12393475,1001.55419922,-,172.3999939,-,1704,-,42.30184937,-71.22388458,-,12.88000011,-,22.9907341
Fri May 05 18:52:21 EDT 2017,05-May-2017 18:53:48.253,-71.22394402,42.30193271,10.76,3.0,10.0,330.3,4.00310516,0.2681506,7.66144562,-0.04576995,30.98039246,-0.11811053,-0.03447309,0.02147704,-0.03953724,14.82067585,1001.55249023,-,172.3999939,-,1803,-,42.30193329,-71.22394562,-,7.59000015,-,24.23347664
Fri May 05 18:52:22 EDT 2017,05-May-2017 18:53:49.255,-71.22401474,42.30202204,11.0,3.0,11.0,331.7,3.8534677,0.33399114,8.26059437,0.01892498,30.98039246,-0.00448269,-0.05009274,0.02544297,0.09347398,28.66338539,1001.5690918,-,172.3999939,-,1773,-,42.30202103,-71.22401428,-,4.36000013,-,23.61210442
Fri May 05 18:52:23 EDT 2017,05-May-2017 18:53:50.252,-71.22407412,42.30210537,10.65,3.0,11.0,331.5,3.8594532,0.56862289,7.41903257,-0.07781833,30.98039246,-0.14525667,-0.04911651,0.05210622,-0.06424805,29.39955139,1001.60400391,-,172.3999939,-,1736,-,42.30210495,-71.22407532,-,4.23000002,-,22.9907341
Fri May 05 18:52:24 EDT 2017,05-May-2017 18:53:51.253,-71.22412818,42.30218378,10.47,3.0,11.0,331.5,3.8738184,0.42796355,6.63912153,-0.14750499,32.94117737,-0.21496718,-0.04765217,0.03776786,-0.14374967,14.0948267,1001.59082031,-,172.3999939,-,1711,-,42.30218506,-71.22412872,-,8.92000008,-,22.9907341
Fri May 05 18:52:25 EDT 2017,05-May-2017 18:53:52.253,-71.22418793,42.30227191,10.82,3.0,11.0,331.4,6.39072275,0.52971715,7.33343983,0.02845567,78.4313736,-0.03247875,0.15021726,0.02757847,-0.05698734,13.14198208,1001.50024414,-,172.3999939,-,1884,-,42.3022728,-71.22418976,-,33.83000183,-,25.47621918
Fri May 05 18:52:26 EDT 2017,05-May-2017 18:53:53.253,-71.22425741,42.30237476,12.48,3.0,11.0,333.0,6.56669664,-0.65122288,6.96712685,0.03200247,82.35294342,-0.02146313,0.22685121,-0.07224095,-0.11031386,12.42779732,1001.49291992,-,172.3999939,-,2296,-,42.30237579,-71.22425842,-,49.20999908,-,29.20444679
Fri May 05 18:52:27 EDT 2017,05-May-2017 18:53:54.252,-71.22433344,42.30249852,14.5,3.0,11.0,333.9,5.96874475,0.50517654,7.45494556,0.01551272,82.35294342,0.02157623,0.23789483,-0.01970762,-0.05912285,11.83114815,1001.53491211,-,172.3999939,-,2521,-,42.30249786,-71.22433472,-,59.29000092,-,34.17541504
