Fri May 05 18:52:28 EDT 2017,05-May-2017 18:53:55.255,-71.22442718,42.3026395,16.65,3.0,11.0,333.7,5.83047962,0.86490536,6.44040251,-0.04231226,82.35294342,-0.07843094,0.14246844,-0.02208718,-0.10903258,12.63774681,1001.5847168,-,172.3999939,-,2923,-,42.30263901,-71.22442627,-,64.66000366,-,39.14638519
Fri May 05 18:52:29 EDT 2017,05-May-2017 18:53:56.252,-71.22451555,42.3027748,17.03,4.0,12.0,333.5,6.02081871,-0.32800564,6.65228939,-0.01704538,82.35294342,-0.08446293,0.17120616,-0.03929322,-0.14240739,12.33448792,1001.45336914,-,174.19999695,-,3165,-,42.30277634,-71.22451782,-,72.41000366,-,42.8746109
Fri May 05 18:52:30 EDT 2017,05-May-2017 18:53:57.252,-71.224645,42.30295338,20.49,4.0,12.0,333.6,5.44860458,0.15741876,7.3136878,-0.04103898,82.35294342,0.0987099,0.17126717,-0.01580271,0.09024014,12.00700283,1001.35766602,-,174.19999695,-,3516,-,42.30295181,-71.22464752,-,77.40000153,-,47.22420883
Fri May 05 18:52:31 EDT 2017,05-May-2017 18:53:58.252,-71.22475337,42.30314229,22.4,4.0,12.0,336.8,5.60482597,1.19051683,5.12419033,0.10455984,82.35294342,-0.01788002,0.16266416,0.01641285,-0.04777417,11.64318275,1001.2956543,-,174.19999695,-,3867,-,42.30314255,-71.22475433,-,92.98000336,-,52.81655121
Fri May 05 18:52:32 EDT 2017,05-May-2017 18:53:59.253,-71.22486923,42.30334468,24.59,3.0,12.0,337.2,5.61500168,0.25977087,7.15806437,-0.00451267,73.72549438,-0.07192598,0.12983848,0.02062284,-0.09085031,11.38119507,1001.25097656,-,174.19999695,-,4180,-,42.30334473,-71.22486877,-,96.12000275,-,55.92340851
Fri May 05 18:52:33 EDT 2017,05-May-2017 18:54:00.253,-71.22499407,42.30357156,26.51,3.0,12.0,337.1,3.64756632,1.15580082,8.61972427,0.02907723,37.64706039,-0.04995333,-0.04673697,0.06400401,0.0399644,15.83318424,1001.35351562,-,174.19999695,-,4375,-,42.30356979,-71.22499084,-,14.52000046,-,59.65163422
Fri May 05 18:52:34 EDT 2017,05-May-2017 18:54:01.253,-71.22511708,42.30379585,26.98,3.0,12.0,336.9,5.88434935,0.05925649,7.62074423,0.0492118,47.05882263,0.00359721,0.1078733,0.14137016,0.00524725,14.32765484,1001.40112305,-,174.19999695,-,3275,-,42.30379486,-71.22512054,-,28.53000069,-,59.65163422
Fri May 05 18:52:35 EDT 2017,05-May-2017 18:54:02.252,-71.22525007,42.30402331,27.53,3.0,12.0,336.4,4.51785851,-0.59316349,8.07025528,0.0099979,39.60784531,-0.05494855,0.01799922,-0.06632256,0.00213551,14.98576355,1001.34667969,-,174.19999695,-,3437,-,42.30402374,-71.22525024,-,34.40999985,-,60.89437866
Fri May 05 18:52:36 EDT 2017,05-May-2017 18:54:03.253,-71.22538819,42.30426309,28.02,3.0,12.0,336.4,3.8714242,-0.41240123,8.21450615,0.01852576,32.94117737,-0.17909563,-0.09701276,-0.03343584,-0.07669495,13.98132896,1001.37548828,-,176,-,3423,-,42.30426407,-71.22538757,-,9.46000004,-,60.89437866
Fri May 05 18:52:37 EDT 2017,05-May-2017 18:54:04.252,-71.22551561,42.30448511,27.59,3.0,12.0,337.0,4.02704716,-0.45489833,7.74464417,-0.04124916,31.76470566,-0.10867499,-0.03203252,-0.05222825,-0.03105624,29.39955139,1001.37963867,-,176,-,2740,-,42.30448532,-71.22551727,-,5.80000019,-,60.27300644
Fri May 05 18:52:38 EDT 2017,05-May-2017 18:54:05.255,-71.22563792,42.30471339,27.29,3.0,12.0,337.4,4.31435156,-0.23942018,7.75122786,-0.02765614,35.29411697,-0.09507736,-0.00274563,-0.0302631,-0.03038512,13.19222736,1001.37573242,-,176,-,2246,-,42.3047142,-71.22563934,-,19.65999985,-,60.89437866
Fri May 05 18:52:39 EDT 2017,05-May-2017 18:54:06.254,-71.22575772,42.3049399,27.33,3.0,13.0,337.6,4.78600931,-0.73083007,7.54712248,-0.00852884,42.35294342,-0.09685328,0.0416728,-0.05210622,-0.05991602,14.20653152,1001.32226562,-,176,-,2270,-,42.30493927,-71.22576141,-,42.81999969,-,60.27300644
Fri May 05 18:52:40 EDT 2017,05-May-2017 18:54:07.253,-71.22587631,42.3051697,27.86,3.0,13.0,337.8,5.16249752,-0.48961425,9.2410202,0.07545817,40.7843132,0.08055064,0.08371165,-0.05576708,0.12147953,14.65738106,1001.31420898,-,176,-,2330,-,42.30516815,-71.22587585,-,36.61000061,-,61.51574707
Fri May 05 18:52:41 EDT 2017,05-May-2017 18:54:08.252,-71.22600466,42.30542227,28.38,3.0,12.0,338.6,4.74710321,-0.83497787,7.25083971,-0.04473531,38.4313736,-0.11216235,0.04136769,-0.09097234,-0.08139309,15.37336159,1001.49047852,-,176,-,2365,-,42.30542374,-71.22600555,-,30.19000053,-,62.75849152
Fri May 05 18:52:42 EDT 2017,05-May-2017 18:54:09.253,-71.22612691,42.30566718,28.73,3.0,12.0,339.3,4.27783966,-0.69252282,9.30865574,0.11441106,31.37254906,-0.17814343,-0.08761654,-0.00616245,-0.07956263,13.89788723,1001.43237305,-,177.80000305,-,2364,-,42.30566788,-71.22612762,-,11.53999996,-,62.75849152
Fri May 05 18:52:43 EDT 2017,05-May-2017 18:54:10.254,-71.22624485,42.3059064,28.48,3.0,13.0,339.3,3.57155037,1.12168348,7.22031355,-0.10320914,31.37254906,-0.17065611,-0.0784644,0.10848345,-0.08450483,29.39955139,1001.49731445,-,177.80000305,-,2337,-,42.3059082,-71.22624207,-,5.73999977,-,62.13711929
Fri May 05 18:52:44 EDT 2017,05-May-2017 18:54:11.252,-71.22637274,42.30615003,27.98,3.0,13.0,338.4,4.32332993,0.19452889,9.55166721,0.03457768,31.37254906,-0.10213865,-0.03819495,0.09396204,-0.02544293,29.39955139,1001.48657227,-,177.80000305,-,2281,-,42.30614853,-71.22637177,-,5.63000011,-,60.89437866
Fri May 05 18:52:45 EDT 2017,05-May-2017 18:54:12.252,-71.22650054,42.3063677,27.48,3.0,14.0,336.9,3.57873297,1.04925895,5.23552036,-0.08766073,31.37254906,-0.05809655,-0.06040416,0.02672427,0.03941523,29.39955139,1001.47387695,-,177.80000305,-,2246,-,42.30636597,-71.22650146,-,5.63000011,-,59.65163422
Fri May 05 18:52:46 EDT 2017,05-May-2017 18:54:13.252,-71.22663605,42.30659081,27.15,4.0,14.0,335.5,4.31494999,0.260968,7.60877323,-0.04021895,34.11764908,-0.10764447,-0.00268463,0.02074487,-0.04490649,13.86513996,1001.35400391,-,177.80000305,-,2231,-,42.30659103,-71.22663879,-,14.21000004,-,59.65163422
Fri May 05 18:52:47 EDT 2017,05-May-2017 18:54:14.253,-71.22677583,42.30680977,27.07,4.0,14.0,334.9,4.36103821,0.07302316,8.60416222,0.05106688,37.25490189,-0.09140884,0.04130669,0.03782887,-0.05308243,13.85796165,1001.46630859,-,177.80000305,-,2233,-,42.30680847,-71.22677612,-,25.39999962,-,59.65163422
Fri May 05 18:52:48 EDT 2017,05-May-2017 18:54:15.253,-71.22691717,42.30702225,27.14,3.0,14.0,334.2,4.32692099,-0.19213469,8.80347919,0.00796521,31.37254906,-0.06344458,-0.06052619,0.01476546,0.03398502,14.22133446,1001.34960938,-,177.80000305,-,2203,-,42.30702209,-71.22691345,-,5.67999983,-,59.65163422
Fri May 05 18:52:49 EDT 2017,05-May-2017 18:54:16.252,-71.22706707,42.30724409,26.85,3.0,14.0,333.0,3.89057779,0.34715924,7.8661499,0.02941792,33.33333206,-0.10442775,-0.04594377,0.02953093,-0.01867034,13.54438496,1001.40087891,-,177.80000305,-,2764,-,42.30724335,-71.22706604,-,102.31999969,-,58.40889359
Fri May 05 18:52:50 EDT 2017,05-May-2017 18:54:17.252,-71.22721584,42.30744899,26.49,3.0,14.0,332.2,4.05158806,-0.50397944,8.55687714,-0.0307944,35.68627548,-0.23486404,-0.01598576,-0.02477181,-0.18591058,18.15607834,1001.33154297,-,177.80000305,-,2634,-,42.30744934,-71.22721863,-,9.06999969,-,57.78752136
Fri May 05 18:52:51 EDT 2017,05-May-2017 18:54:18.252,-71.22737388,42.30765053,26.41,3.0,14.0,331.7,4.85843372,-0.66199678,7.5860281,-0.00712389,45.88235474,-0.16488773,0.06638356,-0.0647972,-0.16138282,15.1705904,1001.25732422,-,177.80000305,-,2650,-,42.30765152,-71.22737122,-,46.38999939,-,58.40889359
Fri May 05 18:52:52 EDT 2017,05-May-2017 18:54:19.254,-71.22753327,42.30787258,26.98,3.0,15.0,332.1,4.9859252,-0.8834604,9.29548836,0.14674968,43.52941132,0.07938801,0.06571244,-0.0959145,0.12703185,15.02613831,1001.10864258,-,177.80000305,-,2728,-,42.30787277,-71.22753143,-,45.06000137,-,60.27300644
Fri May 05 18:52:53 EDT 2017,05-May-2017 18:54:20.254,-71.22768087,42.30808644,27.5,3.0,16.0,332.3,3.95641828,0.63805473,8.02596283,0.01883226,42.35294342,0.02387176,0.00152534,-0.09133843,0.09768395,14.58156681,1001.07348633,-,177.80000305,-,2747,-,42.3080864,-71.22768402,-,44.16999817,-,60.89437866
Fri May 05 18:52:54 EDT 2017,05-May-2017 18:54:21.253,-71.22783702,42.3083044,27.37,3.0,17.0,332.3,3.79720378,-0.58897364,7.77876139,-0.03153591,31.76470566,-0.11528365,-0.05546202,-0.06589546,-0.02757844,15.2194891,1000.98999023,-,177.80000305,-,2700,-,42.30830383,-71.22783661,-,6.57000017,-,59.03026199
Fri May 05 18:52:55 EDT 2017,05-May-2017 18:54:22.252,-71.2279918,42.30850998,26.62,3.0,17.0,332.1,4.24671507,-0.07362171,7.90804815,-0.01723593,31.76470566,-0.08465356,-0.00964028,-0.01336213,-0.01439936,29.39955139,1000.92700195,-,177.80000305,-,2615,-,42.30850983,-71.2279892,-,6.23999977,-,57.16614914
Fri May 05 18:52:56 EDT 2017,05-May-2017 18:54:23.252,-71.22812578,42.30871438,25.84,3.0,16.0,332.1,2.7377696,0.83018947,5.05236435,-0.34041291,31.76470566,-0.20124444,-0.05692636,-0.08334555,-0.12562846,29.39955139,1000.90307617,-,177.80000305,-,2551,-,42.30871582,-71.22812653,-,6.13000011,-,55.92340851
Fri May 05 18:52:57 EDT 2017,05-May-2017 18:54:24.252,-71.22827609,42.30891993,25.27,3.0,17.0,332.0,5.12718296,-0.73262572,7.42142677,-0.0097428,44.70588303,-0.07715786,0.0801118,-0.08053889,-0.06400399,13.61346912,1000.80029297,-,177.80000305,-,2529,-,42.30892181,-71.22827911,-,36.40999985,-,55.30203629
Fri May 05 18:52:58 EDT 2017,05-May-2017 18:54:25.253,-71.22842009,42.30912314,25.58,3.0,18.0,332.2,5.51085377,-0.60633159,7.58303547,0.00078949,43.92156982,-0.0421202,0.11922197,-0.06766488,-0.04753011,14.84086323,1000.59375,-,177.80000305,-,2592,-,42.30912399,-71.22841644,-,44.16999817,-,56.54477692
Fri May 05 18:52:59 EDT 2017,05-May-2017 18:54:26.253,-71.22856908,42.3093348,26.1,3.0,19.0,332.0,4.90452242,-0.02693477,7.97807884,-0.0225096,40,-0.08197705,0.00543026,0.01439938,-0.01982962,14.97185612,1000.61474609,-,177.80000305,-,2630,-,42.3093338,-71.22856903,-,36.61000061,-,57.16614914
Fri May 05 18:53:00 EDT 2017,05-May-2017 18:54:27.253,-71.22872934,42.30955264,26.47,3.0,19.0,331.7,4.98053789,0.41898531,6.24587345,-0.11682481,39.2156868,-0.18427646,0.06516327,0.03685265,-0.18383613,14.44429302,1000.36987305,-,177.80000305,-,2659,-,42.30955124,-71.22872925,-,33.83000183,-,58.40889359
Fri May 05 18:53:01 EDT 2017,05-May-2017 18:54:28.252,-71.22887938,42.30975784,26.84,3.0,20.0,331.7,3.90494299,-0.69491702,5.2510829,-0.26145625,35.68627548,0.06813844,-0.01250791,-0.17730759,0.14167526,14.58022022,1000.33447266,-,177.80000305,-,2693,-,42.30975723,-71.22888184,-,34.20999908,-,59.65163422
Fri May 05 18:53:02 EDT 2017,05-May-2017 18:54:29.252,-71.22903385,42.30997195,26.93,3.0,21.0,332.0,3.91870952,-0.43394905,7.63630629,0.04004963,31.76470566,-0.13458095,-0.09359596,-0.08590815,-0.0329477,14.44115257,1000.33032227,-,177.80000305,-,2652,-,42.30997086,-71.22903442,-,6.30000019,-,58.40889359
Fri May 05 18:53:03 EDT 2017,05-May-2017 18:54:30.252,-71.22917775,42.31018361,26.29,3.0,22.0,332.2,3.80917501,-0.50038815,9.14944172,-0.00232618,31.76470566,0.01189808,-0.05424171,-0.05686534,0.11214432,29.39955139,1000.27514648,-,177.80000305,-,2571,-,42.31018448,-71.22917938,-,6.30000019,-,57.16614914
Fri May 05 18:53:04 EDT 2017,05-May-2017 18:54:31.252,-71.22931703,42.31038098,25.52,3.0,22.0,332.4,3.65055895,0.38187516,6.11479092,-0.11088514,32.94117737,-0.23431984,-0.06681067,0.0004271,-0.15369502,13.06033611,1000.16650391,-,177.80000305,-,2516,-,42.31038284,-71.22931671,-,9.38000011,-,55.30203629
Fri May 05 18:53:05 EDT 2017,05-May-2017 18:54:32.252,-71.22945588,42.31059194,25.05,3.0,23.0,332.4,4.64594841,-0.89184016,9.46667385,0.14651889,36.07843018,-0.02606163,0.04881145,-0.03770684,0.01940256,13.33578205,1000.10400391,-,177.80000305,-,2488,-,42.31059265,-71.22945404,-,21.20000076,-,54.68066406
Fri May 05 18:53:06 EDT 2017,05-May-2017 18:54:33.253,-71.22959497,42.31078821,24.89,3.0,23.0,332.3,3.89776039,-0.40581718,7.35199499,-0.08301294,33.72549057,-0.15045308,-0.0452116,-0.04722508,-0.07108164,14.59996033,1000.015625,-,177.80000305,-,2484,-,42.3107872,-71.22959137,-,16.22999954,-,54.68066406
Fri May 05 18:53:07 EDT 2017,05-May-2017 18:54:34.253,-71.22973251,42.31098532,24.69,3.0,23.0,332.5,4.16112232,-0.23044191,8.67359447,0.05291934,31.76470566,0.06990018,-0.05381462,-0.01354518,0.17584324,14.63360596,999.96020508,-,177.80000305,-,2427,-,42.31098557,-71.2297287,-,6.03000021,-,54.05929184
Fri May 05 18:53:08 EDT 2017,05-May-2017 18:54:35.252,-71.22987427,42.31118464,24.13,3.0,23.0,332.4,3.81875181,-0.32441434,8.10377407,0.04440807,31.37254906,-0.03445292,-0.05954996,-0.08212526,0.06217363,29.39955139,999.95361328,-,177.80000305,-,2385,-,42.31118393,-71.22987366,-,5.8499999,-,52.19517899
Fri May 05 18:53:09 EDT 2017,05-May-2017 18:54:36.252,-71.23000135,42.3113691,23.54,3.0,24.0,333.0,3.7265749,-0.41000703,7.43279934,-0.08366829,31.37254906,-0.15110865,-0.0626617,-0.04765218,-0.0628447,29.39955139,999.92456055,-,177.80000305,-,2325,-,42.31137085,-71.23000336,-,5.67999983,-,50.95243835
Fri May 05 18:53:10 EDT 2017,05-May-2017 18:54:37.253,-71.23012638,42.3115588,23.1,3.0,23.0,334.2,4.10904884,-0.4357447,7.14250231,-0.09112442,33.33333206,-0.15691155,-0.0103114,-0.02544297,-0.09725679,14.69865417,1000.02539062,-,177.80000305,-,2297,-,42.31155777,-71.23012543,-,10.01000023,-,50.33106613
Fri May 05 18:53:11 EDT 2017,05-May-2017 18:54:38.252,-71.23024965,42.3117467,22.93,3.0,23.0,334.3,4.16411543,0.18315643,7.12035608,-0.09122711,35.68627548,-0.15867005,-0.01806022,0.01281301,-0.09469417,13.63186264,999.99267578,-,177.80000305,-,2294,-,42.3117485,-71.2302475,-,20.94000053,-,50.33106613
Fri May 05 18:53:12 EDT 2017,05-May-2017 18:54:39.252,-71.23036758,42.31192943,23.08,3.0,23.0,334.6,4.23773718,-0.85712421,8.23246288,0.01083723,35.68627548,-0.05179263,-0.01055545,-0.09322987,0.01867043,13.42101765,999.96118164,-,177.80000305,-,2314,-,42.3119278,-71.23036957,-,15.78999996,-,50.95243835
Fri May 05 18:53:13 EDT 2017,05-May-2017 18:54:40.252,-71.23049662,42.31212779,23.37,3.0,23.0,334.7,4.35744715,-0.67097503,7.53215837,-0.06870812,38.4313736,-0.10699141,0.04795728,-0.05320448,-0.07614584,15.14187908,999.98266602,-,177.80000305,-,2339,-,42.31212616,-71.23049927,-,18.12000084,-,51.57381058
Fri May 05 18:53:14 EDT 2017,05-May-2017 18:54:41.252,-71.2306188,42.31232235,23.83,3.0,22.0,334.9,4.36582661,0.88166475,8.63648415,0.0582844,36.07843018,-0.00910745,0.00250157,0.0840167,0.05985507,15.12258816,1000.08007812,-,177.80000305,-,2407,-,42.31232071,-71.23062134,-,20.54999924,-,52.81655121
Fri May 05 18:53:15 EDT 2017,05-May-2017 18:54:42.254,-71.23074533,42.31252082,24.33,3.0,22.0,334.6,3.94205308,-0.065242,8.94533634,0.06422734,31.76470566,-0.02717825,-0.00896911,0.04246596,0.04862845,14.10290241,1000.06005859,-,177.80000305,-,2438,-,42.31251907,-71.23074341,-,6.78999996,-,53.43792343
Fri May 05 18:53:16 EDT 2017,05-May-2017 18:54:43.252,-71.23087688,42.31272662,24.42,4.0,21.0,334.4,3.75291109,-0.01915361,8.86572933,-0.01526837,31.76470566,-0.11696151,-0.07004444,0.02300239,-0.02074485,29.39955139,1000.17700195,-,177.80000305,-,2427,-,42.31272507,-71.23087311,-,5.96999979,-,53.43792343
Fri May 05 18:53:17 EDT 2017,05-May-2017 18:54:44.252,-71.23099881,42.31292154,24.36,3.0,21.0,334.3,4.15214443,0.53450555,8.7992897,0.02550763,31.37254906,-0.00634687,-0.0192805,0.04862841,0.07645094,29.39955139,1000.27734375,-,177.80000305,-,2348,-,42.31292343,-71.23099518,-,5.11999989,-,53.43792343
Fri May 05 18:53:18 EDT 2017,05-May-2017 18:54:45.252,-71.23112977,42.31311679,24.32,3.0,20.0,333.5,3.50870252,0.73083007,7.87213516,0.02472916,31.37254906,0.00771957,0.01025039,0.00787085,0.07925762,29.39955139,1000.2800293,-,177.80000305,-,2038,-,42.31311798,-71.23113251,-,5.05999994,-,52.19517899
Fri May 05 18:53:19 EDT 2017,05-May-2017 18:54:46.254,-71.23126135,42.31331592,24.27,3.0,18.0,333.1,3.81216764,0.18195933,8.28633213,-0.00230092,31.37254906,-0.23548606,-0.08566409,0.01696198,-0.14509201,29.39955139,1000.56347656,-,177.80000305,-,1990,-,42.31331635,-71.23126221,-,5.05999994,-,52.81655121
Fri May 05 18:53:20 EDT 2017,05-May-2017 18:54:47.252,-71.23139204,42.31350595,24.18,3.0,18.0,332.1,4.1150341,-0.1364695,8.55029297,0.03510797,31.37254906,-0.03229181,-0.02306341,-0.01976864,0.05106901,29.39955139,1000.68383789,-,177.80000305,-,1994,-,42.31350708,-71.23139191,-,4.96000004,-,52.81655121
Fri May 05 18:53:21 EDT 2017,05-May-2017 18:54:48.251,-71.23153848,42.31370267,24.15,3.0,16.0,331.2,3.84508801,-0.8798691,9.46368122,-0.00062461,30.98039246,-0.08359968,-0.02324647,-0.05296042,-0.00738271,29.39955139,1000.77270508,-,177.80000305,-,1991,-,42.31370163,-71.23153687,-,4.96000004,-,52.81655121
Fri May 05 18:53:22 EDT 2017,05-May-2017 18:54:49.252,-71.23167284,42.31389799,24.15,3.0,15.0,332.9,3.59549236,0.36571431,7.16345167,-0.02025834,31.37254906,-0.04283341,-0.02062284,-0.0353883,0.03776783,29.39955139,1000.98999023,-,177.80000305,-,1988,-,42.31389618,-71.23167419,-,4.86000013,-,52.81655121
Fri May 05 18:53:23 EDT 2017,05-May-2017 18:54:50.252,-71.23180359,42.31409347,24.06,3.0,14.0,332.9,3.65774155,0.9744401,8.17679691,-0.01377106,31.37254906,-0.08118754,-0.06967835,0.09347393,0.01299602,29.39955139,1001.01245117,-,177.80000305,-,1985,-,42.31409454,-71.23180389,-,4.90999985,-,52.81655121
Fri May 05 18:53:24 EDT 2017,05-May-2017 18:54:51.252,-71.23194372,42.31429445,24.05,3.0,13.0,333.1,4.13598347,-0.35254622,9.72105789,0.14522487,31.37254906,-0.0605199,-0.08194222,-0.01409431,0.04661494,29.39955139,1001.15991211,-,177.80000305,-,1984,-,42.31429291,-71.23194122,-,4.90999985,-,52.81655121
Fri May 05 18:53:25 EDT 2017,05-May-2017 18:54:52.252,-71.23207399,42.31448466,24.03,3.0,13.0,333.8,3.80678082,-0.69072717,8.33900452,0.0048154,31.37254906,-0.1812695,-0.13038759,-0.07626789,0.02953095,29.39955139,1001.27099609,-,177.80000305,-,1978,-,42.31448364,-71.23207092,-,4.86000013,-,52.81655121
Fri May 05 18:53:26 EDT 2017,05-May-2017 18:54:53.255,-71.23220035,42.31467894,24.0,3.0,12.0,334.4,3.81755471,-0.87388361,7.48068333,-0.02468047,31.37254906,-0.13897048,-0.05338751,-0.09493827,-0.05796356,29.39955139,1001.39477539,-,176,-,1977,-,42.31467819,-71.23220062,-,4.80999994,-,52.81655121
Fri May 05 18:53:27 EDT 2017,05-May-2017 18:54:54.252,-71.23231983,42.31487354,23.98,3.0,11.0,334.9,4.04021549,0.91039521,10.12867069,0.03981623,31.37254906,-0.03957155,-0.10793432,-0.10463954,0.07394932,29.39955139,1001.54907227,-,176,-,1976,-,42.31487274,-71.23232269,-,4.90999985,-,52.81655121
Fri May 05 18:53:28 EDT 2017,05-May-2017 18:54:55.253,-71.23243451,42.31506283,23.92,3.0,10.0,335.5,4.21738625,-0.16220717,8.82921696,0.06529379,31.37254906,-0.06671825,-0.0277615,0.02019574,0.01476552,29.39955139,1001.65942383,-,176,-,1970,-,42.31506348,-71.23243713,-,4.86000013,-,52.19517899
Fri May 05 18:53:29 EDT 2017,05-May-2017 18:54:56.254,-71.23255777,42.31526568,23.85,3.0,9.0,335.1,3.8774097,0.48123455,9.16320801,0.08316749,30.98039246,0.01578409,-0.04728608,0.04319813,0.11354761,29.39955139,1001.66772461,-,176,-,1961,-,42.31526566,-71.2325592,-,4.80999994,-,52.19517899
Fri May 05 18:53:30 EDT 2017,05-May-2017 18:54:57.252,-71.2326812,42.31545524,23.62,3.0,9.0,334.5,4.16112232,-0.79906482,8.83699894,0.00872106,30.98039246,-0.04005009,-0.03703569,-0.01415532,0.04917751,29.39955139,1001.66967773,-,176,-,1934,-,42.31545639,-71.23268127,-,4.86000013,-,51.57381058
Fri May 05 18:53:31 EDT 2017,05-May-2017 18:54:58.252,-71.23280346,42.31564372,23.36,3.0,9.0,334.5,3.99891543,-0.74758947,8.9513216,0.03272546,30.98039246,0.00262722,-0.03490018,-0.08206425,0.09194859,29.39955139,1001.74072266,-,176,-,1913,-,42.31564331,-71.23280334,-,4.71000004,-,50.95243835
Fri May 05 18:53:32 EDT 2017,05-May-2017 18:54:59.253,-71.23292626,42.3158359,23.08,4.0,9.0,334.7,3.90853429,0.16998832,8.17440319,0.05795282,30.98039246,-0.00943915,-0.03160541,0.05948895,0.07803729,29.39955139,1001.76733398,-,176,-,1893,-,42.31583405,-71.23292542,-,4.55999994,-,50.33106613
Fri May 05 18:53:33 EDT 2017,05-May-2017 18:55:00.254,-71.23304457,42.31601004,22.81,3.0,9.0,334.3,4.23115301,-0.39384618,8.88428402,0.07163054,30.98039246,-0.04090555,-0.04386928,-0.02349051,0.05125207,29.39955139,1001.76196289,-,176,-,1870,-,42.31600952,-71.23304749,-,4.61000013,-,49.70969391
Fri May 05 18:53:34 EDT 2017,05-May-2017 18:55:01.252,-71.23316587,42.31619264,22.45,3.0,9.0,333.8,3.89177489,-0.08499416,8.44614506,0.01574516,30.98039246,-0.05166119,-0.04582174,-0.01452141,0.04045251,29.39955139,1001.87963867,-,176,-,1839,-,42.31619263,-71.23316956,-,4.51000023,-,49.0883255
Fri May 05 18:53:35 EDT 2017,05-May-2017 18:55:02.252,-71.23328742,42.31636751,22.03,3.0,9.0,332.9,4.15393972,-0.02334347,8.21749878,-0.03605083,30.98039246,-0.10292515,-0.05369259,0.01427735,-0.01269096,29.39955139,1001.88916016,-,174.19999695,-,1805,-,42.3163681,-71.233284,-,4.51000023,-,47.84558105
Fri May 05 18:53:36 EDT 2017,05-May-2017 18:55:03.253,-71.2334047,42.31653097,21.57,3.0,9.0,332.0,5.3546319,-0.36990416,6.9204402,-0.00582147,30.98039246,0.0159574,0.01519259,0.06064823,0.08365065,29.39955139,1001.83959961,-,174.19999695,-,1757,-,42.31653214,-71.23340607,-,4.36000013,-,46.60284042
Fri May 05 18:53:37 EDT 2017,05-May-2017 18:55:04.253,-71.23353489,42.31670148,21.08,3.0,10.0,330.6,3.99951386,0.4973954,7.78594398,-0.03856575,31.76470566,-0.10599069,-0.03483918,0.04484552,-0.02684627,29.39955139,1001.67407227,-,174.19999695,-,1694,-,42.31669998,-71.23353577,-,6.30000019,-,45.36009598
Fri May 05 18:53:38 EDT 2017,05-May-2017 18:55:05.254,-71.23366571,42.31686232,20.84,3.0,10.0,329.2,5.11042356,-0.23403321,8.44554615,0.07426745,38.4313736,-0.0449578,-0.01641282,0,0.03380197,13.72292995,1001.70239258,-,174.19999695,-,1722,-,42.31686401,-71.23366547,-,26.04000092,-,45.9814682
Fri May 05 18:53:39 EDT 2017,05-May-2017 18:55:06.252,-71.23380663,42.31702502,21.24,3.0,10.0,327.9,4.50947905,1.40360069,9.12549973,-0.01164702,35.68627548,-0.21588357,-0.0311783,-0.0541807,-0.15503734,14.37475967,1001.71020508,-,174.19999695,-,1778,-,42.31702423,-71.23381042,-,20.80999947,-,46.60284042
Fri May 05 18:53:40 EDT 2017,05-May-2017 18:55:07.252,-71.23395505,42.31719155,21.7,3.0,9.0,326.5,4.98053789,0.13347675,7.03177023,-0.03048526,41.17647171,-0.12121186,0.06516327,0.00774882,-0.10372432,14.55958462,1001.75512695,-,174.19999695,-,1789,-,42.31719208,-71.23395538,-,31.77000046,-,47.84558105
Fri May 05 18:53:41 EDT 2017,05-May-2017 18:55:08.252,-71.23409963,42.31735141,22.3,3.0,9.0,325.2,4.67767143,0.31663316,7.98705673,-0.05510646,44.70588303,-0.07588076,0.09689073,0.01189779,-0.07077658,14.83951664,1001.77099609,-,174.19999695,-,1870,-,42.31735229,-71.23410034,-,35.00999832,-,49.70969391
Fri May 05 18:53:42 EDT 2017,05-May-2017 18:55:09.252,-71.23426521,42.31752156,23.14,3.0,8.0,323.9,3.79181695,0.0796072,6.85878944,-0.13333493,34.90196228,-0.20079224,-0.05601113,0.00225753,-0.12135743,14.92295837,1001.84912109,-,174.19999695,-,1920,-,42.31752014,-71.23426819,-,22.5,-,51.57381058
Fri May 05 18:53:43 EDT 2017,05-May-2017 18:55:10.253,-71.23444279,42.31768194,23.6,3.0,6.0,322.7,4.23534298,-0.29688102,8.53473091,0.03943926,34.50980377,-0.02795902,-0.01079951,-0.03612047,0.04948267,14.08585548,1001.82836914,-,174.19999695,-,1947,-,42.31768036,-71.23444366,-,16.22999954,-,51.57381058
Fri May 05 18:53:44 EDT 2017,05-May-2017 18:55:11.252,-71.23461815,42.31783768,23.78,3.0,6.0,321.9,3.91870952,-0.33698389,8.42818832,-0.11529086,30.98039246,-0.36950114,-0.1044565,-0.0017084,-0.28859767,14.86912441,1001.85571289,-,174.19999695,-,1947,-,42.31783676,-71.23461914,-,7.0999999,-,51.57381058
Fri May 05 18:53:45 EDT 2017,05-May-2017 18:55:12.254,-71.23480322,42.31800879,23.75,3.0,5.0,321.1,4.35624981,-0.24779987,9.62768364,0.0719112,30.98039246,0.07786755,0.00152534,-0.0311173,0.16089477,29.39955139,1001.99389648,-,174.19999695,-,1944,-,42.31800842,-71.23480225,-,4.90999985,-,51.57381058
Fri May 05 18:53:46 EDT 2017,05-May-2017 18:55:13.252,-71.23498726,42.31816913,23.48,3.0,5.0,319.7,3.61344886,0.83497787,6.67563295,-0.15381509,30.98039246,-0.22127941,-0.0741934,0.07925759,-0.14002782,29.39955139,1002.03857422,-,174.19999695,-,1931,-,42.31816864,-71.23498535,-,4.86000013,-,50.95243835
Fri May 05 18:53:47 EDT 2017,05-May-2017 18:55:14.253,-71.23517461,42.31832795,23.25,3.0,4.0,317.7,4.80755711,0.09397241,8.79629707,0.08962446,35.29411697,-0.08959036,-0.02013473,0.03532729,-0.01543659,29.39955139,1002.07226562,-,174.19999695,-,1919,-,42.31832886,-71.23517609,-,11.44999981,-,50.95243835
Fri May 05 18:53:48 EDT 2017,05-May-2017 18:55:15.252,-71.23538089,42.31848143,23.36,3.0,4.0,315.4,4.64894104,0.08678981,7.65545988,-0.01923096,37.64706039,-0.08664928,0.03136135,0.0029897,-0.0401474,13.23663998,1002.17358398,-,174.19999695,-,1947,-,42.31848145,-71.23538208,-,26.04000092,-,52.19517899
Fri May 05 18:53:49 EDT 2017,05-May-2017 18:55:16.254,-71.23559001,42.3186203,23.9,3.0,3.0,312.9,4.91589451,0.37349546,7.50103378,-0.03019032,38.82352829,-0.08149765,0.0591839,0.06748183,-0.05503488,13.53675842,1002.25805664,-,174.19999695,-,1996,-,42.31861877,-71.23558807,-,28.36000061,-,53.43792343
Fri May 05 18:53:50 EDT 2017,05-May-2017 18:55:17.255,-71.2358196,42.31876409,24.66,3.0,3.0,310.6,4.88476992,-0.61650693,7.12514448,0.01632266,40.39215851,-0.07234393,0.03276469,0.00146434,-0.0242837,14.59996033,1002.29296875,-,174.19999695,-,2058,-,42.31876373,-71.23581696,-,29.02000046,-,54.68066406
Fri May 05 18:53:51 EDT 2017,05-May-2017 18:55:18.252,-71.23605917,42.31890526,25.35,3.0,2.0,309.4,4.48194551,-0.81881696,9.74978828,0.16475517,35.29411697,0.09739976,0.01433836,-0.08932495,0.17334172,15.08849525,1002.28979492,-,174.19999695,-,2119,-,42.31890488,-71.2360611,-,23.15999985,-,56.54477692
Fri May 05 18:53:52 EDT 2017,05-May-2017 18:55:19.251,-71.23629938,42.31904271,25.76,3.0,2.0,309.0,4.50828171,0.0035913,9.26376534,0.11793631,32.15686417,-0.17136951,-0.0733392,-0.03313077,-0.07950163,14.45685387,1002.421875,-,174.19999695,-,2130,-,42.31904221,-71.23629761,-,8.31000042,-,56.54477692
Fri May 05 18:53:53 EDT 2017,05-May-2017 18:55:20.253,-71.23655441,42.31918479,25.78,3.0,2.0,307.7,3.7062242,0.9828198,8.03374386,0.00970298,31.37254906,-0.02412941,-0.0068336,0.0221482,0.05186219,14.132061,1002.36376953,-,174.19999695,-,2114,-,42.31918335,-71.23655701,-,5.17000008,-,56.54477692
Fri May 05 18:53:54 EDT 2017,05-May-2017 18:55:21.252,-71.23681042,42.31931439,25.53,3.0,2.0,305.5,3.82533574,0.39085343,7.53096151,-0.00142215,31.37254906,-0.13774364,-0.05259433,0.03398497,-0.05283837,29.39955139,1002.37744141,-,176,-,2081,-,42.31931305,-71.23680878,-,5.23000002,-,55.92340851
Fri May 05 18:53:55 EDT 2017,05-May-2017 18:55:22.252,-71.23706587,42.31943468,25.16,3.0,1.0,303.5,3.77625465,0.90321261,8.37611485,0.00353295,31.37254906,-0.00389736,-0.01836533,0.13453656,0.06937334,29.39955139,1002.40917969,-,176,-,2060,-,42.31943512,-71.23706818,-,5.11999989,-,54.68066406
Fri May 05 18:53:56 EDT 2017,05-May-2017 18:55:23.252,-71.23733337,42.31955257,24.81,3.0,1.0,301.0,4.47476292,0.85054016,9.18834782,0.11313003,31.76470566,-0.01450623,0.00988433,0.04368625,0.05320453,14.0221529,1002.51831055,-,176,-,2025,-,42.31955338,-71.23733521,-,10.17000008,-,54.05929184
Fri May 05 18:53:57 EDT 2017,05-May-2017 18:55:24.252,-71.23758346,42.31965305,24.6,3.0,2.0,298.5,4.16890383,0.40162733,9.58937645,0.13440615,34.11764908,0.06704031,-0.0175721,0.03508323,0.15698986,14.05669498,1002.38305664,-,176,-,2031,-,42.31965256,-71.23758698,-,13.06000042,-,54.05929184
Fri May 05 18:53:58 EDT 2017,05-May-2017 18:55:25.253,-71.2378482,42.31974757,24.53,3.0,3.0,295.9,4.41790056,0.88046765,8.23665237,-0.04058063,34.50980377,-0.17749524,-0.0401474,0.08554207,-0.10933764,13.49503708,1002.51147461,-,176,-,2023,-,42.31974792,-71.23784637,-,13.69999981,-,54.05929184
Fri May 05 18:53:59 EDT 2017,05-May-2017 18:55:26.255,-71.23812509,42.31983287,24.69,3.0,4.0,292.9,4.5663414,1.75195706,7.79731655,0.09459671,41.17647171,-0.06142355,0.02294141,0.17273152,-0.02568699,14.42365742,1002.22729492,-,176,-,2055,-,42.31983185,-71.23812866,-,33.45000076,-,55.30203629
Fri May 05 18:54:00 EDT 2017,05-May-2017 18:55:27.253,-71.23840496,42.3199092,25.2,3.0,4.0,289.9,3.60387206,2.06918883,5.3402667,-0.24249661,33.72549057,-0.30999121,-0.07516963,0.20506911,-0.27615076,15.10240173,1002.39648438,-,176,-,2086,-,42.31990814,-71.23840332,-,14.82999992,-,55.30203629
Fri May 05 18:54:01 EDT 2017,05-May-2017 18:55:28.252,-71.23871102,42.31997712,25.21,3.0,4.0,286.1,4.09588051,0.66439098,8.40963364,0.02365386,32.15686417,-0.05838746,-0.01025039,0.1721824,-0.0035388,14.57169724,1002.40454102,-,176,-,2071,-,42.31997681,-71.2387085,-,7.51999998,-,55.30203629
Fri May 05 18:54:02 EDT 2017,05-May-2017 18:55:29.252,-71.23901284,42.32002574,25.1,3.0,4.0,282.2,4.39874697,0.41599256,8.52335835,0.0463748,34.50980377,-0.02102111,0.00585737,0.03654758,0.04832339,14.74396324,1002.41821289,-,176,-,2072,-,42.3200264,-71.23901367,-,15.02999973,-,55.30203629
Fri May 05 18:54:03 EDT 2017,05-May-2017 18:55:30.252,-71.23931805,42.32006541,25.25,3.0,4.0,279.9,4.73213959,0.60872579,8.02476597,-0.00554764,37.64706039,-0.04799477,0.03984234,0.05619418,-0.00250152,15.13873863,1002.40795898,-,176,-,2094,-,42.32006454,-71.23931885,-,24.20000076,-,55.92340851
Fri May 05 18:54:04 EDT 2017,05-May-2017 18:55:31.252,-71.23963607,42.32009224,25.59,3.0,4.0,277.3,4.73453379,0.96187055,7.49744272,0.00265183,45.09804153,-0.0796614,0.03758483,0.0417948,-0.03715772,15.1580286,1002.34301758,-,176,-,2130,-,42.32009125,-71.23963928,-,41.91999817,-,57.16614914
Fri May 05 18:54:05 EDT 2017,05-May-2017 18:55:32.252,-71.23994263,42.32010945,26.24,3.0,3.0,274.3,3.80678082,0.99598789,7.87692356,-0.03470773,31.37254906,-0.10213137,-0.05448576,0.09567044,-0.0175721,15.06337261,1002.51855469,-,176,-,2178,-,42.32011032,-71.23994446,-,5.67999983,-,57.78752136
Fri May 05 18:54:06 EDT 2017,05-May-2017 18:55:33.254,-71.24026305,42.32011294,26.24,3.0,3.0,271.3,4.08211374,0.31124622,8.67000294,0.04509884,61.17647171,-0.04399925,-0.03709669,0.06937327,0.04161179,26.60651398,1002.42626953,-,176,-,3256,-,42.32011414,-71.24026489,-,71.11000061,-,57.16614914
Fri May 05 18:54:07 EDT 2017,05-May-2017 18:55:34.251,-71.24058151,42.3201009,26.07,3.0,2.0,268.5,3.75710106,0.70688808,6.95874739,-0.07373039,31.37254906,-0.03189856,-0.08993508,0.0456387,0.07925762,13.64577007,1002.42236328,-,176,-,2510,-,42.32010269,-71.2405777,-,6.63000011,-,57.16614914
Fri May 05 18:54:08 EDT 2017,05-May-2017 18:55:35.256,-71.24087977,42.32008049,25.65,3.0,2.0,265.7,4.20840788,0.30166942,8.76936245,0.08126445,31.76470566,-0.00765625,-0.01354519,0.02489384,0.07340025,29.39955139,1002.48730469,-,177.80000305,-,2538,-,42.3200798,-71.24088287,-,6.13000011,-,55.92340851
Fri May 05 18:54:09 EDT 2017,05-May-2017 18:55:36.254,-71.24119687,42.32005783,25.22,3.0,2.0,264.4,3.93906045,-0.74579382,8.50121212,0.00147048,31.76470566,-0.08374397,-0.05985504,-0.01555865,0.01159273,29.39955139,1002.53271484,-,177.80000305,-,2493,-,42.32005692,-71.24119568,-,5.96999979,-,54.68066406
Fri May 05 18:54:10 EDT 2017,05-May-2017 18:55:37.251,-71.24149571,42.32003552,24.77,3.0,2.0,264.0,4.44842672,-0.46986207,8.04272175,0.00585145,33.33333206,-0.11114434,-0.02141601,-0.11464589,-0.04569971,29.39955139,1002.45483398,-,177.80000305,-,2475,-,42.32003403,-71.24149323,-,10.64000034,-,54.05929184
Fri May 05 18:54:11 EDT 2017,05-May-2017 18:55:38.253,-71.24179424,42.32001651,24.68,3.0,2.0,264.4,4.60404968,-0.05746084,5.85023165,-0.17336565,46.66666794,-0.24083662,0.02678527,-0.01171475,-0.22416659,12.20618534,1002.4855957,-,177.80000305,-,2475,-,42.32001495,-71.24179077,-,47.72999954,-,54.68066406
Fri May 05 18:54:12 EDT 2017,05-May-2017 18:55:39.253,-71.24211554,42.31999683,25.5,3.0,2.0,264.7,5.01226139,-0.30166942,7.54772091,-0.00851091,63.92156982,-0.04908267,0.1028091,-0.00652853,-0.0419168,15.09567261,1002.45263672,-,177.80000305,-,2591,-,42.31999588,-71.24211884,-,47.95999908,-,57.16614914
Fri May 05 18:54:13 EDT 2017,05-May-2017 18:55:40.252,-71.24242772,42.31997408,26.52,3.0,2.0,264.3,5.20379734,0.80983871,7.11676455,-0.02053586,74.11764526,-0.13979819,0.03069018,0.0784644,-0.10750718,14.12712669,1002.39355469,-,177.80000305,-,2696,-,42.31997299,-71.24242401,-,47.06000137,-,59.03026199
Fri May 05 18:54:14 EDT 2017,05-May-2017 18:55:41.255,-71.24275703,42.31994759,27.59,3.0,1.0,264.0,5.14454079,-0.94690675,7.66383982,0.01358819,54.50980377,-0.05381891,0.0818812,-0.10238201,-0.03929318,14.53222084,1002.45751953,-,177.80000305,-,2833,-,42.31994629,-71.2427597,-,55.90000153,-,62.13711929
Fri May 05 18:54:15 EDT 2017,05-May-2017 18:55:42.252,-71.24310621,42.31992872,28.6,3.0,0.0,265.5,4.9398365,-2.30501771,8.79988861,0.12292689,40,-0.20363654,0.0209279,-0.12245572,-0.18383613,14.49588299,1002.51635742,-,177.80000305,-,2917,-,42.31992722,-71.24310303,-,39.97999954,-,63.37985992
Fri May 05 18:54:16 EDT 2017,05-May-2017 18:55:43.253,-71.24345806,42.31993211,29.47,3.0,0.0,270.0,4.33290672,-1.4359225,8.66940403,0.06647426,40.39215851,-0.00091479,-0.00085418,-0.15223071,0.06321082,14.3357296,1002.37329102,-,177.80000305,-,2963,-,42.31993103,-71.24346161,-,45.06000137,-,65.24397278
Fri May 05 18:54:17 EDT 2017,05-May-2017 18:55:44.252,-71.24383604,42.31994264,29.76,4.0,2.0,271.1,3.98395157,-1.27610946,7.41125154,-0.01451981,32.15686417,-0.13218035,-0.03642555,-0.13593988,-0.06504121,13.96114159,1002.41625977,-,177.80000305,-,2958,-,42.31994247,-71.24383545,-,7.23999977,-,64.62260437
Fri May 05 18:54:18 EDT 2017,05-May-2017 18:55:45.252,-71.24418763,42.31998582,29.19,3.0,2.0,276.6,3.71879387,-1.04327345,7.78594398,-0.00815396,31.76470566,-0.00806718,-0.08218628,-0.06369894,0.10146686,29.39955139,1002.42602539,-,177.80000305,-,2881,-,42.31998444,-71.2441864,-,6.78999996,-,63.37985992
Fri May 05 18:54:19 EDT 2017,05-May-2017 18:55:46.253,-71.24452934,42.32003295,28.62,3.0,2.0,279.2,3.62123013,-1.09055889,9.84196472,0.14250809,31.76470566,0.07514504,-0.07340021,-0.11702544,0.18273789,29.39955139,1002.3515625,-,177.80000305,-,2821,-,42.32003403,-71.24452972,-,6.73999977,-,62.13711929
Fri May 05 18:54:20 EDT 2017,05-May-2017 18:55:47.252,-71.24487101,42.32008867,28.07,3.0,2.0,282.3,3.88698649,-1.03010523,8.75020885,0.04937649,31.76470566,-0.01801843,-0.04630985,-0.11086299,0.0714478,29.39955139,1002.3815918,-,177.80000305,-,2762,-,42.32008743,-71.24487305,-,6.51999998,-,60.89437866
Fri May 05 18:54:21 EDT 2017,05-May-2017 18:55:48.252,-71.24518033,42.32015546,27.53,3.0,2.0,285.6,4.91290188,-0.49919105,8.36953068,0.01875059,39.60784531,-0.12140581,0,-0.18054134,-0.08224726,14.93686485,1002.43505859,-,177.80000305,-,2746,-,42.3201561,-71.24517822,-,39.38999939,-,60.27300644
Fri May 05 18:54:22 EDT 2017,05-May-2017 18:55:49.253,-71.24549378,42.32024088,27.56,3.0,3.0,289.3,4.40054274,-0.80325466,6.87734461,-0.00590336,39.2156868,-0.16341089,0.00604042,-0.08773858,-0.11946598,14.44429302,1002.36694336,-,177.80000305,-,2766,-,42.32024002,-71.24549103,-,34.02000046,-,60.89437866
Fri May 05 18:54:23 EDT 2017,05-May-2017 18:55:50.253,-71.24580469,42.32033,27.83,3.0,2.0,292.3,4.46638346,-1.38504565,9.52353573,0.02845114,34.50980377,-0.12644579,-0.00585737,-0.12013717,-0.07297309,14.73005676,1002.32617188,-,177.80000305,-,2790,-,42.32033157,-71.24580383,-,21.85000038,-,61.51574707
Fri May 05 18:54:24 EDT 2017,05-May-2017 18:55:51.253,-71.24609586,42.32043814,27.87,3.0,2.0,295.9,3.87441683,-0.83677351,8.54430771,0.02786714,32.94117737,-0.1605015,-0.0400864,-0.07516963,-0.08737246,14.96153831,1002.33544922,-,177.80000305,-,2763,-,42.32043839,-71.24609375,-,9.61999989,-,60.89437866
Fri May 05 18:54:25 EDT 2017,05-May-2017 18:55:52.252,-71.24639793,42.32056272,27.6,3.0,2.0,299.0,4.36642551,-1.29466462,7.66383982,-0.02350867,36.86274719,-0.09092849,0.00256262,-0.13783133,-0.03929318,14.44025612,1002.31079102,-,177.80000305,-,2759,-,42.32056427,-71.24639893,-,24.64999962,-,60.89437866
Fri May 05 18:54:26 EDT 2017,05-May-2017 18:55:53.252,-71.2466779,42.32069911,27.67,3.0,2.0,302.6,4.4382515,-1.49817169,8.45452499,0.04118233,36.07843018,-0.00851676,0.01549764,-0.10439549,0.05289946,14.59996033,1002.41064453,-,177.80000305,-,2771,-,42.32069778,-71.24668121,-,21.20000076,-,60.89437866
Fri May 05 18:54:27 EDT 2017,05-May-2017 18:55:54.254,-71.24694898,42.32084649,27.83,3.0,2.0,306.1,4.60943699,-1.5352819,6.98508358,0.00745118,37.25490189,-0.01042834,0.01025039,-0.13118076,0.05003174,14.68385029,1002.40966797,-,177.80000305,-,2790,-,42.32084656,-71.24694824,-,27.04000092,-,61.51574707
Fri May 05 18:54:28 EDT 2017,05-May-2017 18:55:55.252,-71.24722175,42.32101477,28.12,3.0,2.0,309.5,5.27562332,-1.75973821,7.77038145,0.04178798,41.5686264,-0.02560949,0.09524333,-0.18523943,-0.02843267,14.73678589,1002.28613281,-,177.80000305,-,2834,-,42.3210144,-71.2472229,-,45.06000137,-,62.75849152
Fri May 05 18:54:29 EDT 2017,05-May-2017 18:55:56.253,-71.24746743,42.32118486,28.74,3.0,2.0,312.5,4.52204847,-2.35828876,7.83801794,0.02096176,36.86274719,-0.11030594,-0.0277615,-0.06894618,-0.03630349,14.64437199,1002.30395508,-,177.80000305,-,2894,-,42.32118607,-71.24746704,-,25.87999916,-,64.00123596
Fri May 05 18:54:30 EDT 2017,05-May-2017 18:55:57.252,-71.24771804,42.32137772,29.04,3.0,1.0,316.0,3.40335774,-0.55246204,7.10778618,-0.00853946,31.76470566,-0.10677553,-0.07748818,-0.1786499,-0.02416164,13.63365746,1002.35522461,-,177.80000305,-,2884,-,42.3213768,-71.24771881,-,6.96000004,-,63.37985992
Fri May 05 18:54:31 EDT 2017,05-May-2017 18:55:58.252,-71.24794067,42.32157346,28.69,3.0,2.0,319.6,3.857059,-1.98359609,9.03930855,0.01152967,31.76470566,0.02236735,-0.04936057,-0.20805879,0.1009177,29.39955139,1002.37451172,-,177.80000305,-,2840,-,42.32157516,-71.24794006,-,6.78999996,-,62.75849152
Fri May 05 18:54:32 EDT 2017,05-May-2017 18:55:59.252,-71.24813249,42.32177273,28.2,3.0,1.0,323.4,3.97676897,-1.39103115,7.95473528,0.03367867,33.33333206,-0.02491427,0.02471081,-0.08474888,0.03130035,29.39955139,1002.42773438,-,177.80000305,-,2791,-,42.32177353,-71.2481308,-,10.17000008,-,61.51574707
Fri May 05 18:54:33 EDT 2017,05-May-2017 18:56:00.252,-71.24831562,42.32199021,27.86,3.0,1.0,327.0,4.39994431,-1.29167187,8.31147099,0.03537023,34.11764908,-0.03202945,0.00597942,-0.13752626,0.02672427,13.4770937,1002.50463867,-,177.80000305,-,2775,-,42.32199097,-71.2483139,-,13.32999992,-,60.89437866
Fri May 05 18:54:34 EDT 2017,05-May-2017 18:56:01.252,-71.24848129,42.32220911,27.73,3.0,2.0,330.3,4.38079071,-0.46267948,8.43297672,0.03757995,34.90196228,-0.02981894,0.00402696,-0.05302143,0.03911017,13.4770937,1002.47631836,-,177.80000305,-,2773,-,42.3222084,-71.24848175,-,16.88999939,-,60.89437866
Fri May 05 18:54:35 EDT 2017,05-May-2017 18:56:02.252,-71.24862838,42.32243887,27.7,3.0,2.0,333.6,3.58771133,-0.48123455,8.89326191,0.0226077,31.76470566,-0.10981922,-0.06223459,-0.01439938,-0.01604676,13.86155033,1002.57226562,-,177.80000305,-,2738,-,42.32243729,-71.24862671,-,6.51999998,-,60.27300644
Fri May 05 18:54:36 EDT 2017,05-May-2017 18:56:03.253,-71.24875648,42.3226714,27.3,3.0,2.0,337.1,3.94744015,-1.40958619,7.81826544,-0.0394135,33.33333206,-0.09541061,-0.0401474,-0.14954607,-0.02355153,29.39955139,1002.49682617,-,177.80000305,-,2705,-,42.32266998,-71.24875641,-,6.46000004,-,59.65163422
Fri May 05 18:54:37 EDT 2017,05-May-2017 18:56:04.253,-71.24885722,42.32289465,26.91,3.0,3.0,340.2,4.43525887,-0.9816227,8.47487545,0.04790765,34.50980377,-0.01948776,0.00957927,-0.10592084,0.0433812,13.64846134,1002.50927734,-,177.80000305,-,2672,-,42.32289505,-71.24885559,-,14.82999992,-,59.03026199
Fri May 05 18:54:38 EDT 2017,05-May-2017 18:56:05.253,-71.24894885,42.32312153,26.69,3.0,4.0,343.1,4.50050068,-0.71766198,7.25742388,-0.05870205,35.29411697,-0.04438625,-0.01818227,-0.16193198,0.0209889,13.53810406,1002.51416016,-,177.80000305,-,2656,-,42.32312012,-71.24894714,-,18.78000069,-,58.40889359
Fri May 05 18:54:39 EDT 2017,05-May-2017 18:56:06.254,-71.24902829,42.32335365,26.63,3.0,4.0,345.6,4.41011953,0.82420391,9.15303326,0.10681814,36.86274719,0.0394429,0.00701665,0.07815933,0.11251043,15.1746273,1002.51318359,-,177.80000305,-,2661,-,42.32335281,-71.24903107,-,24.95000076,-,58.40889359
Fri May 05 18:54:40 EDT 2017,05-May-2017 18:56:07.254,-71.24910563,42.32357946,26.82,3.0,4.0,346.6,4.69443083,0.03351882,7.95413637,0.02713506,45.09804153,-0.04460705,0.06424809,0.07211892,-0.01476542,13.87007427,1002.36328125,-,177.80000305,-,2697,-,42.32357788,-71.24910736,-,47.06000137,-,59.65163422
Fri May 05 18:54:41 EDT 2017,05-May-2017 18:56:08.253,-71.24918143,42.3238325,27.27,3.0,4.0,346.7,4.08031845,-0.04728548,8.49223328,0.15703166,34.50980377,-0.01590249,0.07443748,-0.01885342,0.01635187,14.58470726,1002.37207031,-,177.80000305,-,2726,-,42.32383347,-71.24918365,-,16.67000008,-,59.65163422
Fri May 05 18:54:42 EDT 2017,05-May-2017 18:56:09.253,-71.24925484,42.32407309,27.21,3.0,4.0,346.9,4.1102457,0.10295067,6.80372286,-0.12191796,33.72549057,-0.18937141,-0.02355153,0.00463709,-0.12697074,15.07952213,1002.29589844,-,177.80000305,-,2705,-,42.32407379,-71.24925232,-,11.81000042,-,59.65163422
Fri May 05 18:54:43 EDT 2017,05-May-2017 18:56:10.253,-71.24932915,42.32430944,26.96,3.0,5.0,346.8,4.16531229,-0.47345337,8.39407158,0.02416915,33.72549057,-0.11823588,-0.06040416,0.04399132,-0.0277615,14.31464481,1002.33032227,-,177.80000305,-,2675,-,42.3243103,-71.24932861,-,11.44999981,-,59.03026199
Fri May 05 18:54:44 EDT 2017,05-May-2017 18:56:11.253,-71.24940818,42.32454799,26.76,3.0,5.0,346.8,4.37181234,0.56443304,8.04212379,-0.01087946,32.94117737,-0.10413005,-0.01055545,0.01244692,-0.03624249,14.39808559,1002.22680664,-,177.80000305,-,2654,-,42.32454681,-71.24940491,-,10.01000023,-,58.40889359
Fri May 05 18:54:45 EDT 2017,05-May-2017 18:56:12.253,-71.24947891,42.32477062,26.47,3.0,5.0,346.4,3.75949526,-0.51176059,9.12490082,0.01241959,31.76470566,0.00771239,-0.0593059,-0.05802461,0.1096427,14.13026714,1002.22485352,-,177.80000305,-,2613,-,42.32477188,-71.2494812,-,6.40999985,-,57.16614914
Fri May 05 18:54:46 EDT 2017,05-May-2017 18:56:13.254,-71.2495497,42.3249982,25.96,3.0,5.0,346.7,3.97257924,-0.61411273,7.87512779,-0.00579546,31.76470566,0.01175766,-0.0575365,-0.09365697,0.11061893,29.39955139,1002.20703125,-,177.80000305,-,2563,-,42.32499695,-71.24954987,-,6.13000011,-,56.54477692
Fri May 05 18:54:47 EDT 2017,05-May-2017 18:56:14.253,-71.24961118,42.32521882,25.22,3.0,5.0,347.1,3.95222855,0.19452889,7.28615427,-0.08707911,33.33333206,-0.09584862,-0.01464342,0.02885977,-0.02513787,13.24605942,1002.19702148,-,177.80000305,-,2514,-,42.3252182,-71.2496109,-,10.39999962,-,55.30203629
Fri May 05 18:54:48 EDT 2017,05-May-2017 18:56:15.252,-71.24966903,42.32543057,24.96,3.0,5.0,347.4,4.30118322,0.07541735,6.71813011,-0.11907774,37.25490189,-0.18653016,-0.00408797,0.00183043,-0.1356958,13.37615585,1002.1574707,-,177.80000305,-,2509,-,42.32543182,-71.24967194,-,25.70999908,-,55.30203629
Fri May 05 18:54:49 EDT 2017,05-May-2017 18:56:16.253,-71.24974012,42.32565783,25.28,3.0,5.0,346.0,3.61823726,-0.13227965,8.14387703,-0.02366383,35.29411697,-0.08188995,0.0173891,0.04917753,-0.02818861,14.44832993,1002.11083984,-,177.80000305,-,2537,-,42.32565689,-71.2497406,-,17.78000069,-,55.92340851
Fri May 05 18:54:50 EDT 2017,05-May-2017 18:56:17.252,-71.24982514,42.32587724,25.42,3.0,5.0,344.6,4.04201078,0.29747957,7.31308889,-0.04854953,33.72549057,-0.14740738,-0.03050718,0.02446674,-0.0750476,15.1580286,1002.0859375,-,177.80000305,-,2535,-,42.32587814,-71.24982452,-,12.07999992,-,55.92340851
Fri May 05 18:54:51 EDT 2017,05-May-2017 18:56:18.252,-71.24991998,42.32609633,25.36,3.0,5.0,342.5,3.76787496,-0.00179565,8.22049141,-0.01046932,31.76470566,-0.07788464,-0.0584517,-0.00604042,0.0174501,14.23748493,1002.1394043,-,177.80000305,-,2511,-,42.32609558,-71.24992371,-,6.23999977,-,55.30203629
Fri May 05 18:54:52 EDT 2017,05-May-2017 18:56:19.252,-71.25003096,42.32632019,25.12,3.0,5.0,340.5,3.75530529,-0.08379706,8.84178734,0.0469951,31.76470566,-0.01093156,-0.02715138,-0.0362425,0.07620694,29.39955139,1002.26904297,-,177.80000305,-,2480,-,42.32632065,-71.25003052,-,6.07999992,-,54.68066406
Fri May 05 18:54:53 EDT 2017,05-May-2017 18:56:20.252,-71.25013421,42.32652512,24.68,3.0,5.0,339.3,1.96863234,1.20907187,8.6759882,-0.01704907,31.37254906,-0.08446667,-0.24186075,0.11739154,0.06388199,29.39955139,1002.20556641,-,177.80000305,-,2426,-,42.32652664,-71.25013733,-,5.8499999,-,53.43792343
Fri May 05 18:54:54 EDT 2017,05-May-2017 18:56:21.252,-71.25024236,42.32672029,23.27,4.0,6.0,338.5,0.533907,0.77871412,8.45632076,0.04138653,31.37254906,-0.13233705,-0.38811204,0.07352225,0.04148979,29.39955139,1002.4453125,-,177.80000305,-,2138,-,42.32672119,-71.25024414,-,5.51000023,-,46.60284042
Fri May 05 18:54:55 EDT 2017,05-May-2017 18:56:22.252,-71.25034105,42.3268795,19.44,3.0,5.0,336.3,0.46028528,-0.75776482,9.08659363,0.03927174,30.98039246,-0.02591157,-0.41733786,-0.21123153,0.1309977,29.39955139,1002.5078125,-,177.80000305,-,1715,-,42.32687759,-71.25034332,-,4.51000023,-,37.28227234
Fri May 05 18:54:56 EDT 2017,05-May-2017 18:56:23.252,-71.25040533,42.32700554,15.74,3.0,4.0,340.5,3.10647678,-1.23720372,8.89206505,0.03612816,30.58823586,-0.03127126,-0.12587251,-0.13197395,0.08590817,29.39955139,1002.56225586,-,177.80000305,-,1301,-,42.32700729,-71.25040436,-,3.86999989,-,30.44718933
Fri May 05 18:54:57 EDT 2017,05-May-2017 18:56:24.252,-71.25044145,42.32712929,13.57,3.0,5.0,347.2,4.33589935,-1.56999779,7.00124454,-0.07768708,34.50980377,0.01171959,-0.05698736,-0.22587498,0.08822673,17.5567379,1002.49511719,-,177.80000305,-,1604,-,42.32712936,-71.2504425,-,21.06999969,-,28.58307457
Fri May 05 18:54:58 EDT 2017,05-May-2017 18:56:25.252,-71.25045075,42.32724448,13.43,3.0,4.0,355.4,5.6371479,-2.37385106,9.00698662,0.11716074,40.7843132,-0.03857479,0.0993313,-0.2446674,-0.06351587,12.91633224,1002.51049805,-,177.80000305,-,1700,-,42.3272438,-71.25045013,-,31.38999939,-,30.44718933
Fri May 05 18:54:59 EDT 2017,05-May-2017 18:56:26.256,-71.25043051,42.32737226,14.02,4.0,4.0,4.4,4.77343941,-1.55323839,7.82544804,0.00889837,35.68627548,-0.05196051,0.04405231,-0.16418952,-0.02281936,14.72018719,1002.40136719,-,177.80000305,-,1791,-,42.3273735,-71.25042725,-,27.53000069,-,32.31130219
Fri May 05 18:55:00 EDT 2017,05-May-2017 18:56:27.254,-71.25038271,42.32750493,14.3,3.0,4.0,12.8,3.96240377,-1.30543852,7.62792683,-0.02942938,32.94117737,-0.04542057,-0.01738905,-0.18054134,0.01574175,15.18673992,1002.33178711,-,177.80000305,-,1874,-,42.3275032,-71.25038147,-,10.23999977,-,31.68992996
Fri May 05 18:55:01 EDT 2017,05-May-2017 18:56:28.252,-71.25032403,42.32761538,14.25,3.0,4.0,19.2,5.60961437,-0.71586633,7.94396114,0.06174082,44.31372452,-0.05024387,0.13612296,-0.12038123,-0.07657295,17.75053596,1002.23193359,-,177.80000305,-,2337,-,42.32761383,-71.25032043,-,44.38999939,-,31.06855965
Fri May 05 18:55:02 EDT 2017,05-May-2017 18:56:29.252,-71.25025201,42.32772877,14.75,3.0,6.0,25.1,4.61602068,1.21445882,7.46751499,-0.0288409,35.68627548,-0.09626253,0.02800555,0.11794067,-0.0593059,14.36219788,1002.10620117,-,177.80000305,-,2485,-,42.32772827,-71.25025177,-,18.12000084,-,33.55404282
Fri May 05 18:55:03 EDT 2017,05-May-2017 18:56:30.251,-71.25018074,42.32785677,15.3,3.0,6.0,21.2,4.61482382,0.92775315,8.60116959,0.03884344,33.72549057,-0.02551526,-0.00671159,0.00866403,0.0505809,14.35187912,1001.99194336,-,177.80000305,-,2495,-,42.32785797,-71.25018311,-,12.78999996,-,33.55404282
Fri May 05 18:55:04 EDT 2017,05-May-2017 18:56:31.252,-71.25013285,42.32799018,15.24,3.0,7.0,13.3,3.15555787,2.40377855,7.01560974,-0.01203425,35.29411697,0.09081939,0.04545565,0.27505252,0.1133036,15.30921078,1001.97338867,-,177.80000305,-,2467,-,42.32799149,-71.2501297,-,19.40999985,-,32.93267441
Fri May 05 18:55:05 EDT 2017,05-May-2017 18:56:32.253,-71.25011964,42.32812908,15.04,3.0,7.0,4.5,5.6347537,4.15992546,8.54430771,0.19393867,42.74509811,0.12659317,0.13185193,0.41819209,0.0504589,14.43890953,1001.80541992,-,177.80000305,-,2532,-,42.32812881,-71.25012207,-,45.72999954,-,33.55404282
Fri May 05 18:55:06 EDT 2017,05-May-2017 18:56:33.252,-71.25016349,42.32828247,15.82,3.0,7.0,349.0,5.71615648,0.56802434,9.5013895,0.19952017,37.25490189,-0.01564133,0.07907457,0.15247478,-0.00128129,15.32356548,1001.7277832,-,177.80000305,-,2670,-,42.3282814,-71.25016022,-,24.20000076,-,35.41815948
Fri May 05 18:55:07 EDT 2017,05-May-2017 18:56:34.252,-71.25023284,42.32841507,16.1,4.0,8.0,339.8,3.69185901,1.81839621,8.35097599,0.01675683,31.76470566,-0.05064921,-0.06620052,0.17950411,0.03075128,13.29271603,1001.69311523,-,177.80000305,-,2595,-,42.32841492,-71.25023651,-,6.51999998,-,34.79678726
Fri May 05 18:55:08 EDT 2017,05-May-2017 18:56:35.253,-71.25031217,42.32854426,15.42,3.0,9.0,335.2,3.66851544,0.21906945,8.18936729,-0.03224071,31.76470566,-0.08468478,-0.06858009,0.01647386,0.01427741,29.39955139,1001.57519531,-,177.80000305,-,2450,-,42.32854462,-71.25031281,-,6.13000011,-,32.93267441
Fri May 05 18:55:09 EDT 2017,05-May-2017 18:56:36.252,-71.25039762,42.32865767,14.98,4.0,9.0,332.2,3.68946481,-0.34955344,8.26657963,-0.01480317,31.37254906,-0.18475448,-0.09817202,0.05485187,-0.08438277,29.39955139,1001.51708984,-,177.80000305,-,2305,-,42.32865906,-71.25039673,-,5.8499999,-,30.44718933
Fri May 05 18:55:10 EDT 2017,05-May-2017 18:56:37.254,-71.2504834,42.32875352,13.28,4.0,10.0,328.6,1.91835415,-1.08457339,8.92079544,0.00442332,31.37254906,-0.06298693,-0.24698594,-0.1164153,0.08883685,29.39955139,1001.5246582,-,177.80000305,-,2124,-,42.32875443,-71.25048065,-,5.46000004,-,27.96170425
Fri May 05 18:55:11 EDT 2017,05-May-2017 18:56:38.252,-71.25054658,42.32884653,11.69,3.0,10.0,334.7,0.79607207,-1.73220491,9.58159542,0.0635919,30.98039246,-0.00379817,-0.36138776,-0.18243279,0.15619668,29.39955139,1001.5222168,-,177.80000305,-,887,-,42.32884598,-71.25054932,-,4.71000004,-,23.61210442
Fri May 05 18:55:12 EDT 2017,05-May-2017 18:56:39.253,-71.25056632,42.32891461,8.55,3.0,10.0,345.2,-2.08714533,0.27832595,10.95826149,0.1531474,30.58823586,0.10760309,-0.63088799,-0.03740177,0.2701104,13.90237331,1001.72021484,-,177.80000305,-,974,-,42.32891464,-71.25056458,-,3.55999994,-,13.67016602
Fri May 05 18:55:13 EDT 2017,05-May-2017 18:56:40.253,-71.25056895,42.3289744,6.67,4.0,10.0,354.3,4.51726007,0.43514615,7.70932961,-0.01361864,30.19607925,-0.08777422,0.01793822,0.03850003,-0.0346561,13.38871765,1001.66845703,-,177.80000305,-,941,-,42.32897568,-71.2505722,-,3.05999994,-,0.62137121
Fri May 05 18:55:14 EDT 2017,05-May-2017 18:56:41.254,-71.25056446,42.32894302,0.0,3.0,11.0,0.0,3.89596462,1.03190088,8.36474228,-0.00279748,30.58823586,-0.09216937,-0.04484551,0.08688438,-0.01006734,14.6690464,1001.56958008,-,177.80000305,-,831,-,42.32894135,-71.25056458,-,3.42000008,-,0
Fri May 05 18:55:15 EDT 2017,05-May-2017 18:56:42.254,-71.25056981,42.32894091,0.0,3.0,11.0,0.0,4.41011953,0.69491702,8.03134918,0.00441033,32.54901886,-0.07089251,-0.01098257,0.05863475,-0.00061012,14.08809853,1001.56420898,-,177.80000305,-,1454,-,42.32894135,-71.2505722,-,6.67999983,-,0
Fri May 05 18:55:16 EDT 2017,05-May-2017 18:56:43.252,-71.25057045,42.32894529,0.76,3.0,11.0,354.3,4.62140799,0.60752869,9.93474007,0.18637019,33.33333206,0.11902209,0.02855472,0.05607215,0.19219512,13.52509499,1001.52636719,-,177.80000305,-,1360,-,42.32894516,-71.2505722,-,9.38000011,-,3.10685587
Fri May 05 18:55:17 EDT 2017,05-May-2017 18:56:44.252,-71.25057119,42.32896495,1.97,4.0,11.0,354.3,3.64277792,0.08798691,8.19595051,-0.02511455,30.19607925,-0.06153803,-0.05771953,0.02056182,0.03465619,13.24336815,1001.48535156,-,177.80000305,-,1003,-,42.32896423,-71.2505722,-,3.08999991,-,4.34959841
Fri May 05 18:55:18 EDT 2017,05-May-2017 18:56:45.253,-71.25057284,42.32898312,2.14,3.0,11.0,356.9,3.05679703,0.28490999,8.67359447,-0.00120305,30.19607925,-0.06228683,-0.1227608,0.00848099,0.06052624,14.30253315,1001.56445312,-,177.80000305,-,1145,-,42.32898331,-71.2505722,-,3.20000005,-,4.34959841
Fri May 05 18:55:19 EDT 2017,05-May-2017 18:56:46.254,-71.2505679,42.32899943,1.65,3.0,11.0,356.9,3.57574034,-0.1316811,8.55268669,0.01278776,32.54901886,-0.05461967,-0.07803729,-0.01928052,0.05131302,13.27521992,1001.59716797,-,179.6000061,-,823,-,42.32899857,-71.25056458,-,3.42000008,-,3.10685587
Fri May 05 18:55:20 EDT 2017,05-May-2017 18:56:47.252,-71.25056405,42.32901458,1.49,3.0,10.0,356.9,6.14831018,0.16041151,6.56968927,-0.01490504,44.70588303,0.02108164,0.22654615,-0.00841998,-0.04966563,14.67756844,1001.47998047,-,179.6000061,-,2381,-,42.32901382,-71.25056458,-,55.38000107,-,6.21371174
Fri May 05 18:55:21 EDT 2017,05-May-2017 18:56:48.252,-71.25055465,42.32904627,3.42,4.0,10.0,9.9,6.15549278,-2.69467402,6.84023428,0.08483526,40.39215851,0.02023783,0.21190272,-0.0264192,-0.03856101,14.17737103,1001.43798828,-,179.6000061,-,2418,-,42.32904816,-71.25055695,-,37.20999908,-,12.42742348
Fri May 05 18:55:21 EDT 2017,05-May-2017 18:56:49.256,-71.25055465,42.32904627,3.42,4.0,10.0,9.9,5.51085377,-1.76153386,6.38354015,0.07232116,41.5686264,-0.12149158,0.11922197,-0.18542248,-0.16980283,14.86374187,1001.37158203,-,179.6000061,-,3689,-,42.32904816,-71.25055695,-,49.70999908,-,16.77702141
Fri May 05 18:55:23 EDT 2017,05-May-2017 18:56:50.252,-71.25046201,42.32914994,7.38,4.0,11.0,36.2,3.57454324,-1.4466964,9.14285755,0.05358139,33.72549057,-0.04011059,-0.11482892,-0.08920293,0.07748822,14.58156681,1001.35009766,-,179.6000061,-,3918,-,42.32915115,-71.25046539,-,11.63000011,-,21.12662125
Fri May 05 18:55:24 EDT 2017,05-May-2017 18:56:51.253,-71.25035228,42.32920901,9.46,4.0,12.0,47.3,6.05972433,-0.54887074,7.46332502,0.04930663,65.88235474,-0.01808826,0.17517208,-0.0618075,-0.05973301,15.17238426,1001.2421875,-,179.6000061,-,2929,-,42.32920837,-71.25035095,-,55.90000153,-,25.47621918
Fri May 05 18:55:25 EDT 2017,05-May-2017 18:56:52.252,-71.25021707,42.32928207,12.69,3.0,12.0,51.5,6.18841267,0.86789811,6.66964722,-0.00059927,59.2156868,-0.06801121,0.18829015,0.08261338,-0.14063798,14.80317974,1001.25683594,-,179.6000061,-,3557,-,42.32928085,-71.25021362,-,69.55999756,-,31.06855965
Fri May 05 18:55:26 EDT 2017,05-May-2017 18:56:53.254,-71.25006208,42.32935544,15.13,4.0,12.0,54.8,5.791574,-0.90919811,7.93677855,0.03427381,50.19607925,0.08193821,0.21178068,-0.14582419,0.02922589,14.60220242,1001.05712891,-,179.6000061,-,4000,-,42.32935715,-71.25006104,-,80.83000183,-,36.03952789
Fri May 05 18:55:27 EDT 2017,05-May-2017 18:56:54.251,-71.24988634,42.32943873,17.12,4.0,12.0,58.3,2.95145226,-0.38726214,8.23545551,-0.02913934,34.11764908,-0.107042,-0.14167522,-0.04533364,0.01897549,13.91717911,1001.07348633,-,179.6000061,-,4406,-,42.32943726,-71.24988556,-,13.51000023,-,38.52501297
Fri May 05 18:55:28 EDT 2017,05-May-2017 18:56:55.252,-71.24971721,42.32951654,16.99,3.0,12.0,60.8,0.56742579,-0.19991584,10.46146393,0.13590032,33.72549057,0.06853498,-0.38469523,-0.02623615,0.24588765,29.39955139,1001.16796875,-,177.80000305,-,4045,-,42.32951736,-71.24971771,-,12.34000015,-,35.41815948
Fri May 05 18:55:29 EDT 2017,05-May-2017 18:56:56.252,-71.24955217,42.32957339,14.6,3.0,13.0,64.4,1.54485869,-0.62249243,8.91361332,-0.00791836,32.94117737,0.40801749,-0.04997071,-0.0707766,0.52960432,29.39955139,1001.13793945,-,177.80000305,-,3387,-,42.32957458,-71.24954987,-,9.38000011,-,29.20444679
Fri May 05 18:55:30 EDT 2017,05-May-2017 18:56:57.252,-71.24940996,42.32961853,13.01,3.0,13.0,64.8,2.37325239,-0.2753332,8.76158142,-0.00653183,32.15686417,-0.07394582,-0.20061506,-0.03392396,0.07260709,29.39955139,1001.1105957,-,177.80000305,-,3086,-,42.32962036,-71.24941254,-,7.86999989,-,26.71896172
Fri May 05 18:55:31 EDT 2017,05-May-2017 18:56:58.253,-71.24928007,42.32966419,11.82,3.0,13.0,65.9,2.39779305,0.41299978,8.60176849,0.01836989,31.37254906,0.0395881,-0.2238005,-0.0332528,0.19506274,29.39955139,1001.20141602,-,177.80000305,-,2183,-,42.32966232,-71.24928284,-,5.90999985,-,24.23347664
Fri May 05 18:55:32 EDT 2017,05-May-2017 18:56:59.252,-71.24916515,42.32970453,10.63,4.0,14.0,65.2,1.98419464,0.79188222,5.77361727,-0.1383214,30.98039246,-0.23827352,-0.20787576,-0.02837165,-0.09646362,29.39955139,1001.14672852,-,177.80000305,-,1365,-,42.32970428,-71.2491684,-,4.1500001,-,22.36936378
Fri May 05 18:55:33 EDT 2017,05-May-2017 18:57:00.253,-71.24905707,42.32974077,9.59,3.0,14.0,66.7,2.14700031,0.28191724,8.72507,-0.0158816,30.58823586,-0.08329875,-0.22367847,0.02288037,0.06888522,13.39858627,1001.12426758,-,177.80000305,-,938,-,42.32974243,-71.24905396,-,3.55999994,-,19.88387871
Fri May 05 18:55:34 EDT 2017,05-May-2017 18:57:01.253,-71.24896535,42.32977076,8.3,3.0,14.0,66.6,1.59154558,-0.2777274,9.083601,0.00821501,30.58823586,-0.10157005,-0.30110565,-0.07803731,0.06345492,13.42640114,1001.03100586,-,177.80000305,-,969,-,42.32976913,-71.2489624,-,3.6400001,-,16.77702141
Fri May 05 18:55:35 EDT 2017,05-May-2017 18:57:02.252,-71.24889542,42.32979396,6.58,3.0,14.0,66.0,1.27191961,0.38726214,9.55705452,0.00526276,30.58823586,-0.0493674,-0.29091623,0.01720604,0.11733051,13.40666199,1001.05175781,-,177.80000305,-,985,-,42.32979584,-71.24889374,-,3.6400001,-,12.42742348
Fri May 05 18:55:36 EDT 2017,05-May-2017 18:57:03.253,-71.24885274,42.3298036,4.3,3.0,14.0,65.0,0.4961983,0.26874915,8.86872196,0.00099115,30.58823586,-0.09381319,-0.39195594,0.02153805,0.08352865,13.36180115,1001.01733398,-,179.6000061,-,940,-,42.32980347,-71.24885559,-,3.55999994,-,6.21371174
Fri May 05 18:55:37 EDT 2017,05-May-2017 18:57:04.262,-71.24883718,42.32980677,2.02,3.0,15.0,63.0,1.24498487,0.11851298,8.84597683,-0.0020767,30.58823586,-0.0491804,-0.31477284,0.01775516,0.12105238,13.35686588,1001.12255859,-,179.6000061,-,864,-,42.32980728,-71.24884033,-,3.75,-,0.62137121
Fri May 05 18:55:38 EDT 2017,05-May-2017 18:57:05.253,-71.24884143,42.3298066,0.15,3.0,15.0,63.0,3.22319412,0.04608838,8.18936729,-0.03512841,30.19607925,-0.06013966,-0.09719579,0.01122663,0.05308243,13.66102314,1001.01708984,-,179.6000061,-,830,-,42.32980728,-71.24884033,-,3.45000005,-,0
Fri May 05 18:55:39 EDT 2017,05-May-2017 18:57:06.252,-71.2488437,42.32980687,0.0,3.0,15.0,0.0,3.305794,0.10235212,8.14627171,-0.03603435,30.19607925,-0.06613284,-0.10116173,0.00799287,0.04826234,13.61122799,1000.93457031,-,179.6000061,-,826,-,42.32980728,-71.24884033,-,3.26999998,-,0
Fri May 05 18:55:40 EDT 2017,05-May-2017 18:57:07.252,-71.24884302,42.32980316,0.0,3.0,15.0,0.0,3.42610264,0.09756372,8.4210062,-0.01224461,30.19607925,-0.07289324,-0.09329088,0.00408796,0.03788994,13.61346912,1001.0246582,-,179.6000061,-,818,-,42.32980347,-71.24884033,-,3.30999994,-,0
Fri May 05 18:55:40 EDT 2017,05-May-2017 18:57:08.252,-71.24884302,42.32980316,0.0,3.0,15.0,0.0,3.36983895,0.11731588,8.62810421,0.00188604,30.19607925,-0.06306673,-0.00366086,0.00347781,0.01671798,13.45914936,1000.98364258,-,179.6000061,-,808,-,42.32980347,-71.24884033,-,2.97000003,-,0
Fri May 05 18:55:42 EDT 2017,05-May-2017 18:57:09.252,-71.24884528,42.32980082,0.0,3.0,15.0,0.0,3.30280113,0.09876082,8.20313358,-0.00263869,30.19607925,-0.09820154,-0.00909114,-0.0012813,-0.01885339,13.47305584,1001.0534668,-,179.6000061,-,805,-,42.32979965,-71.24884796,-,3,-,0
Fri May 05 18:55:43 EDT 2017,05-May-2017 18:57:10.254,-71.24884514,42.32980184,0.0,3.0,15.0,0.0,3.27945781,0.16699557,7.99902773,-0.00687678,30.19607925,-0.05816127,-0.00353883,-0.0034168,0.02202618,14.20742798,1001.04931641,-,179.6000061,-,783,-,42.32980347,-71.24884796,-,2.8499999,-,0
Fri May 05 18:55:44 EDT 2017,05-May-2017 18:57:11.253,-71.24884577,42.32979945,0.0,3.0,16.0,0.0,3.36445189,0.11252748,8.63768101,0.02261305,30.19607925,-0.05467449,-0.00280666,0.00012203,0.02544298,14.57797813,1001.01489258,-,179.6000061,-,786,-,42.32979965,-71.24884796,-,2.94000006,-,0
Fri May 05 18:55:45 EDT 2017,05-May-2017 18:57:12.252,-71.24884597,42.32979723,0.0,3.0,15.0,0.0,3.48715472,0.14784196,8.52694893,0.01681823,30.98039246,-0.06047132,0.00970128,0.00372187,0.01415531,14.77581501,1000.95800781,-,179.6000061,-,793,-,42.32979584,-71.24884796,-,4.65999985,-,0
Fri May 05 18:55:46 EDT 2017,05-May-2017 18:57:13.252,-71.2488437,42.32979538,0.0,3.0,16.0,0.0,3.18428826,0.10594343,8.16183376,-0.00256706,30.58823586,-0.05251471,0.01092156,0.00585737,0.02220924,15.01223087,1001.01660156,-,179.6000061,-,791,-,42.32979584,-71.24884033,-,3.86999989,-,0
Fri May 05 18:55:47 EDT 2017,05-May-2017 18:57:14.253,-71.24884155,42.32979246,0.0,3.0,16.0,0.0,3.24414325,0.04908114,8.02356815,-0.00081245,30.58823586,-0.1174622,-0.01507053,-0.00634549,-0.03715772,14.58515644,1000.93481445,-,181.3999939,-,789,-,42.32979202,-71.24884033,-,3.67000008,-,0
