Mon May 08 09:13:45 EDT 2017,08-May-2017 09:15:14.508,-71.07041458,42.3578925,0.0,4.0,-25.0,0.0,4.83987856,-0.07302316,8.26777744,-0.06062803,30.19607925,-0.12279341,0.12782496,-0.00097623,-0.1845683,13.66416264,1005.96606445,-,179.6000061,-,795,-,42.35789108,-71.07041168,-,2.88000011,-,0
Mon May 08 09:13:46 EDT 2017,08-May-2017 09:15:15.521,-71.07040964,42.3578895,0.0,4.0,-25.0,0.0,4.66390514,-0.10055647,8.02177238,-0.04266608,30.19607925,-0.0835935,0.12977743,-0.0029897,-0.14008883,13.68704319,1006.00024414,-,179.6000061,-,788,-,42.35789108,-71.07041168,-,2.88000011,-,0
Mon May 08 09:13:47 EDT 2017,08-May-2017 09:15:16.516,-71.07040992,42.35788987,0.0,4.0,-25.0,0.0,4.75727892,-0.12270284,8.22647667,-0.01981461,30.19607925,-0.03088503,0.15296289,0.00549129,-0.0924367,13.68704319,1005.98681641,-,179.6000061,-,789,-,42.35789108,-71.07041168,-,2.8499999,-,0
Mon May 08 09:13:48 EDT 2017,08-May-2017 09:15:17.513,-71.07041044,42.35789056,0.0,4.0,-26.0,0.0,4.64355421,-0.09935937,7.77457142,-0.06781632,30.19607925,-0.07651521,0.14137016,0.00787085,-0.13850248,14.0750885,1006.02001953,-,179.6000061,-,777,-,42.35789108,-71.07041168,-,2.76999998,-,0
Mon May 08 09:13:49 EDT 2017,08-May-2017 09:15:18.508,-71.07041038,42.35789104,0.0,4.0,-26.0,0.0,4.73752642,-0.04309563,7.99783087,-0.06547256,30.19607925,-0.10929894,0.12776397,-0.00237956,-0.16876554,14.0750885,1006.01342773,-,179.6000061,-,775,-,42.35789108,-71.07041168,-,2.79999995,-,0
Mon May 08 09:13:50 EDT 2017,08-May-2017 09:15:19.518,-71.07040885,42.35788963,0.0,4.0,-25.0,0.0,4.58190346,-0.16938977,7.39509058,-0.04390723,30.19607925,-0.0549858,0.13789235,0.00750476,-0.1115341,14.55420303,1005.97241211,-,181.3999939,-,775,-,42.35789108,-71.07041168,-,2.79999995,-,0
Mon May 08 09:13:51 EDT 2017,08-May-2017 09:15:20.506,-71.07040882,42.35788971,0.0,4.0,-25.0,0.0,4.77703094,-0.05925649,8.13250446,-0.06484461,30.19607925,-0.11609168,0.1269708,-0.00396593,-0.17627031,14.72691631,1005.96362305,-,181.3999939,-,768,-,42.35789108,-71.07041168,-,2.81999993,-,0
Mon May 08 09:13:52 EDT 2017,08-May-2017 09:15:21.507,-71.07040883,42.35788982,0.0,5.0,-25.0,0.0,4.48254395,-0.17956513,7.52856731,-0.06670213,30.19607925,-0.10633776,0.12495729,-0.00030507,-0.16357934,14.72691631,1005.95996094,-,181.3999939,-,781,-,42.35789108,-71.07041168,-,2.81999993,-,0
Mon May 08 09:13:53 EDT 2017,08-May-2017 09:15:22.513,-71.07040879,42.35788983,0.0,5.0,-25.0,0.0,4.61602068,-0.14844051,7.86734676,-0.05984153,30.19607925,-0.07323729,0.14423785,0.01086055,-0.13636696,14.87226582,1006.02905273,-,181.3999939,-,781,-,42.35789108,-71.07041168,-,2.81999993,-,0
Mon May 08 09:13:54 EDT 2017,08-May-2017 09:15:23.504,-71.0704087,42.35788976,0.0,5.0,-25.0,0.0,4.36343241,-0.29568392,6.94857168,-0.1516633,30.19607925,0.01439269,0.16748425,0.01714502,-0.04850634,14.87226582,1005.9987793,-,181.3999939,-,793,-,42.35789108,-71.07041168,-,2.74000001,-,0
Mon May 08 09:13:55 EDT 2017,08-May-2017 09:15:24.505,-71.07040866,42.35788977,0.0,4.0,-25.0,0.0,4.59746599,-0.10414778,7.15028334,-0.07567233,30.58823586,-0.13309672,0.13667206,0.00738273,-0.20214041,15.62727356,1006.02563477,-,181.3999939,-,801,-,42.35789108,-71.07041168,-,3.75,-,0
Mon May 08 09:13:56 EDT 2017,08-May-2017 09:15:25.505,-71.07040852,42.35788968,0.0,5.0,-25.0,0.0,4.73872375,0.01675941,7.63989782,-0.06233966,30.58823586,-0.1286415,0.10817835,-0.01458242,-0.18005322,14.59143639,1005.99121094,-,181.3999939,-,795,-,42.35789108,-71.07041168,-,3.78999996,-,0
Mon May 08 09:13:57 EDT 2017,08-May-2017 09:15:26.504,-71.07040853,42.35788972,0.0,5.0,-25.0,0.0,4.48912811,-0.13946225,6.93360806,-0.14648324,30.58823586,0.00419142,0.15430517,0.00201347,-0.05296042,14.57079983,1005.98779297,-,181.3999939,-,795,-,42.35789108,-71.07041168,-,3.78999996,-,0
Mon May 08 09:13:58 EDT 2017,08-May-2017 09:15:27.505,-71.07040842,42.35788963,0.0,5.0,-25.0,0.0,4.95360327,0.05506664,8.391078,0.00470418,30.58823586,-0.00635783,0.17297557,0.02361254,-0.07565777,14.6264286,1005.94848633,-,181.3999939,-,787,-,42.35789108,-71.07041168,-,3.71000004,-,0
Mon May 08 09:13:59 EDT 2017,08-May-2017 09:15:28.504,-71.07040842,42.35788963,0.0,4.0,-25.0,0.0,4.69502974,-0.1436521,8.16841793,-0.02808034,30.58823586,-0.07487483,0.15308489,0.01635184,-0.14362767,14.6264286,1005.92407227,-,181.3999939,-,780,-,42.35789108,-71.07041168,-,3.71000004,-,0
Mon May 08 09:14:00 EDT 2017,08-May-2017 09:15:29.516,-71.07040842,42.35788962,0.0,4.0,-25.0,0.0,4.48194551,-0.17118542,7.74105263,-0.06485383,30.19607925,-0.03984815,0.1513765,0.00890809,-0.10183287,14.76729107,1005.90795898,-,181.3999939,-,780,-,42.35789108,-71.07041168,-,3.71000004,-,0
Mon May 08 09:14:01 EDT 2017,08-May-2017 09:15:30.514,-71.07040842,42.35788963,0.0,4.0,-25.0,0.0,4.54060364,-0.16400282,7.49026012,-0.07762407,30.19607925,-0.10666824,0.13087571,0.0012813,-0.16748425,14.57483864,1005.9831543,-,181.3999939,-,791,-,42.35789108,-71.07041168,-,2.8499999,-,0
Mon May 08 09:14:02 EDT 2017,08-May-2017 09:15:31.510,-71.07040837,42.35788963,0.0,5.0,-25.0,0.0,4.64654684,-0.18794483,7.84340477,-0.05910099,30.19607925,-0.07658944,0.14307855,0.00878606,-0.13960071,14.57483864,1005.97290039,-,181.3999939,-,775,-,42.35789108,-71.07041168,-,2.76999998,-,0
Mon May 08 09:14:03 EDT 2017,08-May-2017 09:15:32.506,-71.07040837,42.35788964,0.0,5.0,-25.0,0.0,4.50169754,-0.18195933,7.57226133,-0.09041148,30.19607925,-0.03672418,0.15601358,0.0051252,-0.10097865,14.68609238,1006.00537109,-,181.3999939,-,775,-,42.35789108,-71.07041168,-,2.76999998,-,0
Mon May 08 09:14:04 EDT 2017,08-May-2017 09:15:33.505,-71.07040837,42.35788966,0.0,5.0,-25.0,0.0,4.78062201,-0.06105214,8.06127739,-0.06216763,30.19607925,-0.04427912,0.15534241,0.01177576,-0.10927659,14.84804058,1005.97851562,-,181.3999939,-,788,-,42.35789108,-71.07041168,-,2.81999993,-,0
Mon May 08 09:14:05 EDT 2017,08-May-2017 09:15:34.511,-71.07040834,42.35788967,0.0,5.0,-25.0,0.0,4.49810648,-0.21068975,7.3088994,-0.07234529,30.19607925,-0.03686965,0.15271883,0.01104359,-0.0991482,14.86374187,1005.94995117,-,181.3999939,-,786,-,42.35789108,-71.07041168,-,2.81999993,-,0
Mon May 08 09:14:06 EDT 2017,08-May-2017 09:15:35.510,-71.07040831,42.35788969,0.0,5.0,-25.0,0.0,4.52324533,-0.05027824,7.8613615,-0.10569608,30.19607925,-0.02449164,0.15302388,0.00878606,-0.08505394,14.86374187,1005.98217773,-,181.3999939,-,781,-,42.35789108,-71.07041168,-,2.81999993,-,0
Mon May 08 09:14:07 EDT 2017,08-May-2017 09:15:36.510,-71.0704083,42.35788967,0.0,5.0,-25.0,0.0,4.76685572,-0.13467385,8.21510506,-0.02031177,30.19607925,-0.03138231,0.15393911,0.004271,-0.09359588,14.83099365,1005.99511719,-,181.3999939,-,781,-,42.35789108,-71.07041168,-,2.81999993,-,0
Mon May 08 09:14:08 EDT 2017,08-May-2017 09:15:37.517,-71.07040828,42.35788965,0.0,5.0,-25.0,0.0,4.47775555,-0.207697,7.46332502,-0.06965011,30.19607925,-0.03234818,0.15662375,0.00848099,-0.09621951,14.86374187,1005.94897461,-,181.3999939,-,794,-,42.35789108,-71.07041168,-,2.88000011,-,0
Mon May 08 09:14:09 EDT 2017,08-May-2017 09:15:38.523,-71.07040821,42.35788962,0.0,5.0,-25.0,0.0,4.75847578,-0.10773908,8.14507389,-0.06083927,30.19607925,-0.03801823,0.15308489,0.00701665,-0.10073464,14.86374187,1005.94458008,-,181.3999939,-,782,-,42.35789108,-71.07041168,-,2.76999998,-,0
Mon May 08 09:14:10 EDT 2017,08-May-2017 09:15:39.512,-71.07040821,42.35788963,0.0,4.0,-25.0,0.0,4.60764122,-0.11013328,7.49026012,-0.07101823,30.19607925,-0.06023065,0.14021087,0.00835896,-0.11891686,14.9400053,1005.95361328,-,181.3999939,-,782,-,42.35789108,-71.07041168,-,2.76999998,-,0
Mon May 08 09:14:11 EDT 2017,08-May-2017 09:15:40.508,-71.0704082,42.35788963,0.0,4.0,-25.0,0.0,4.68964243,-0.10115502,7.89488029,-0.05248737,30.19607925,-0.08863798,0.13111976,-0.00347782,-0.14673941,14.85162926,1005.91308594,-,181.3999939,-,782,-,42.35789108,-71.07041168,-,2.88000011,-,0
Mon May 08 09:14:12 EDT 2017,08-May-2017 09:15:41.506,-71.07040817,42.35788965,0.0,5.0,-25.0,0.0,4.61721802,-0.15382746,7.77756405,-0.06813762,30.19607925,-0.0775492,0.13868552,0.00231854,-0.13819742,14.85162926,1006.03344727,-,181.3999939,-,776,-,42.35789108,-71.07041168,-,2.81999993,-,0
Mon May 08 09:14:13 EDT 2017,08-May-2017 09:15:42.519,-71.07040812,42.35788961,0.0,5.0,-25.0,0.0,4.77463675,-0.12808979,8.30967522,-0.06002057,30.19607925,-0.11356758,0.13044859,-0.00329477,-0.17541613,14.80497456,1006.00048828,-,181.3999939,-,776,-,42.35789108,-71.07041168,-,2.81999993,-,0
Mon May 08 09:14:14 EDT 2017,08-May-2017 09:15:43.510,-71.07040807,42.35788961,0.0,5.0,-25.0,0.0,4.78122091,-0.06165069,8.02596283,-0.03626698,30.19607925,-0.11834846,0.12739785,-0.00036609,-0.17907698,14.80497456,1005.98779297,-,181.3999939,-,790,-,42.35789108,-71.07041168,-,2.8499999,-,0
Mon May 08 09:14:15 EDT 2017,08-May-2017 09:15:44.509,-71.07040797,42.35788955,0.0,5.0,-25.0,0.0,4.54599047,-0.16879122,7.38252115,-0.1046465,30.19607925,-0.11574591,0.13142481,0.00079319,-0.17846683,14.89828491,1006.06518555,-,181.3999939,-,778,-,42.35789108,-71.07041168,-,2.76999998,-,0
Mon May 08 09:14:16 EDT 2017,08-May-2017 09:15:45.513,-71.07040789,42.35788951,0.0,5.0,-25.0,0.0,4.69682503,-0.1376666,8.08342361,-0.03549856,30.19607925,-0.10448713,0.13862453,0.00756578,-0.16955876,14.89828491,1005.98364258,-,181.3999939,-,778,-,42.35789108,-71.07041168,-,2.88000011,-,0
Mon May 08 09:14:17 EDT 2017,08-May-2017 09:15:46.504,-71.0704078,42.35788947,0.0,5.0,-25.0,0.0,4.75907421,-0.10833763,8.24742603,-0.06125612,30.19607925,-0.02896156,0.15314589,0.00695563,-0.09030119,14.83951664,1006.00195312,-,181.3999939,-,778,-,42.35789108,-71.07040405,-,2.88000011,-,0
Mon May 08 09:14:18 EDT 2017,08-May-2017 09:15:47.509,-71.07040773,42.35788942,0.0,5.0,-25.0,0.0,4.50469065,-0.18734628,7.19098473,-0.12341046,30.19607925,-0.13451621,0.12721485,-0.00109826,-0.19799143,14.8673315,1005.98583984,-,181.3999939,-,786,-,42.35789108,-71.07040405,-,2.88000011,-,0
Mon May 08 09:14:19 EDT 2017,08-May-2017 09:15:48.511,-71.07040771,42.35788941,0.0,5.0,-25.0,0.0,4.30238056,-0.28850129,7.23587608,-0.12995666,30.98039246,0.00672301,0.17187732,0.02007371,-0.05985507,14.8673315,1006.00756836,-,181.3999939,-,769,-,42.35789108,-71.07040405,-,3.91000009,-,0
Mon May 08 09:14:20 EDT 2017,08-May-2017 09:15:49.504,-71.07040771,42.3578894,0.0,10.0,-25.0,0.0,4.86202526,-0.09636662,8.73524475,-0.06540301,30.58823586,0.01947695,0.16364039,0.00817592,-0.04057451,14.99114704,1005.94726562,-,181.3999939,-,794,-,42.35789108,-71.07040405,-,3.86999989,-,0
Mon May 08 09:14:21 EDT 2017,08-May-2017 09:15:50.506,-71.0704077,42.3578894,0.0,10.0,-25.0,0.0,4.31734419,-0.18614918,8.67718506,-0.03083208,30.58823586,-0.0338927,0.16327429,0.01586372,-0.10189392,14.67756844,1006.0144043,-,181.3999939,-,794,-,42.35789108,-71.07040405,-,3.6400001,-,0
Mon May 08 09:14:22 EDT 2017,08-May-2017 09:15:51.513,-71.07040771,42.35788921,0.0,10.0,-25.0,0.0,5.86998415,0.1340753,6.68281555,-0.08179241,30.58823586,-0.092884,0.26638851,0.03166643,-0.24979258,16.40560913,1005.984375,-,181.3999939,-,792,-,42.35789108,-71.07040405,-,3.6400001,-,0
Mon May 08 09:14:23 EDT 2017,08-May-2017 09:15:52.512,-71.0704084,42.35788722,0.38,11.0,-25.0,156.6,6.32787514,-0.45429978,5.81431866,-0.11138117,35.68627548,-0.23893362,0.28493682,0.04868942,-0.48683318,16.40560913,1006.04296875,-,181.3999939,-,869,-,42.35788727,-71.07041168,-,9.85000038,-,0
Mon May 08 09:14:24 EDT 2017,08-May-2017 09:15:53.510,-71.07038508,42.35784714,2.71,11.0,-24.0,156.9,5.46895504,0.16160862,7.38790798,-0.03970894,33.72549057,-0.05628685,0.23521015,0.03770684,-0.17742959,14.07239628,1005.92260742,-,181.3999939,-,869,-,42.35784531,-71.07038879,-,9.85000038,-,5.59234095
Mon May 08 09:14:25 EDT 2017,08-May-2017 09:15:54.512,-71.0703624,42.3577906,4.3,7.0,-17.0,159.9,4.72435856,-0.31543607,8.11873817,-0.03678037,33.72549057,-0.0416134,0.14960709,-0.01415532,-0.10341922,14.96961403,1005.91357422,-,181.3999939,-,1890,-,42.3577919,-71.07036591,-,11.89999962,-,9.94193935
Mon May 08 09:14:26 EDT 2017,08-May-2017 09:15:55.506,-71.07033678,42.35773654,4.97,5.0,-14.0,155.5,5.71316385,-0.57939678,9.77971554,-0.02609207,31.37254906,-0.02399786,0.08157614,0.09371798,-0.0505808,14.96961403,1005.94726562,-,181.3999939,-,1705,-,42.35773468,-71.07033539,-,4.71000004,-,9.94193935
Mon May 08 09:14:27 EDT 2017,08-May-2017 09:15:56.515,-71.07030345,42.35770448,5.32,4.0,-18.0,156.5,4.83808327,-0.4429273,7.19577312,-0.10355252,33.33333206,-0.0489423,0.24314202,-0.02885977,-0.17541613,15.15443993,1005.94140625,-,181.3999939,-,1705,-,42.35770416,-71.07030487,-,4.71000004,-,11.18468189
Mon May 08 09:14:28 EDT 2017,08-May-2017 09:15:57.516,-71.07026988,42.35764868,5.8,4.0,-18.0,156.4,4.91290188,-0.72544312,7.76798725,-0.06528024,33.33333206,-0.10356542,0.13838047,-0.03337483,-0.16998588,15.15443993,1005.93823242,-,181.3999939,-,1464,-,42.35764694,-71.07026672,-,6.40999985,-,13.04879475
Mon May 08 09:14:29 EDT 2017,08-May-2017 09:15:58.506,-71.07023875,42.3575915,5.91,3.0,-18.0,157.6,4.46817875,-0.40043023,7.90984392,-0.0997622,30.58823586,-0.07272751,0.12349294,-0.02281935,-0.12471323,14.53536129,1005.92871094,-,181.3999939,-,1072,-,42.35758972,-71.07023621,-,3.6400001,-,13.04879475
Mon May 08 09:14:30 EDT 2017,08-May-2017 09:15:59.505,-71.07021731,42.35756642,5.77,3.0,-24.0,157.4,4.47296715,-0.42257661,7.62373686,-0.05035327,30.58823586,-0.10490199,0.11806269,0.01201982,-0.15766098,28.66338539,1005.94750977,-,181.3999939,-,1072,-,42.35756683,-71.07022095,-,3.6400001,-,12.42742348
Mon May 08 09:14:31 EDT 2017,08-May-2017 09:16:00.505,-71.07018438,42.35751514,5.92,4.0,-24.0,155.9,4.1389761,-0.11432313,7.94815111,-0.07504189,30.58823586,-0.10788169,0.09432811,0.00305072,-0.14783764,13.85885906,1005.92211914,-,181.3999939,-,931,-,42.35751343,-71.0701828,-,3.26999998,-,12.42742348
Mon May 08 09:14:32 EDT 2017,08-May-2017 09:16:01.507,-71.07016207,42.3574711,5.33,4.0,-24.0,156.0,4.08750105,-0.42497081,7.47888756,-0.0906721,30.58823586,-0.1298168,0.08468788,-0.02532094,-0.16864353,13.85885906,1005.98950195,-,179.6000061,-,839,-,42.35747147,-71.07015991,-,3.52999997,-,12.42742348
Mon May 08 09:14:33 EDT 2017,08-May-2017 09:16:02.510,-71.07013483,42.35743283,4.73,4.0,-25.0,155.9,4.47476292,-1.79265857,9.00758553,-0.04320371,30.58823586,-0.03400135,0.11067998,-0.06760386,-0.07706106,15.21769428,1005.97070312,-,179.6000061,-,839,-,42.35743332,-71.07013702,-,3.52999997,-,10.56331062
Mon May 08 09:14:34 EDT 2017,08-May-2017 09:16:03.508,-71.07011304,42.35740744,4.27,3.0,-27.0,156.7,4.47955132,-0.33518824,7.52497578,-0.06057765,30.58823586,-0.0645975,0.12721485,-0.02117197,-0.11739152,15.21769428,1005.96020508,-,179.6000061,-,861,-,42.35740662,-71.07011414,-,3.49000001,-,10.56331062
Mon May 08 09:14:35 EDT 2017,08-May-2017 09:16:04.509,-71.07009798,42.35737094,4.08,4.0,-27.0,157.7,4.48673391,-0.56144029,7.26759911,-0.07603858,30.58823586,-0.0739437,0.14088205,-0.04179481,-0.13740419,15.08670044,1005.96289062,-,179.6000061,-,812,-,42.35737228,-71.07009888,-,3.24000001,-,8.69919682
Mon May 08 09:14:36 EDT 2017,08-May-2017 09:16:05.506,-71.07008045,42.35734253,3.76,3.0,-28.0,156.6,5.43783045,-0.40940848,7.03296757,0.03188056,30.58823586,-0.10166872,0.18054134,-0.02629717,-0.1949407,15.16206646,1005.98095703,-,181.3999939,-,812,-,42.35734177,-71.07008362,-,3.24000001,-,8.07782555
Mon May 08 09:14:37 EDT 2017,08-May-2017 09:16:06.509,-71.0700673,42.35730724,4.15,4.0,-27.0,159.6,5.52761316,-0.28371289,7.45015717,-0.05002871,32.15686417,-0.023703,0.21324502,-0.02275834,-0.12257772,15.16206646,1005.95532227,-,181.3999939,-,1128,-,42.35730743,-71.07006836,-,7.30999994,-,8.07782555
Mon May 08 09:14:38 EDT 2017,08-May-2017 09:16:07.508,-71.07004567,42.35726601,4.76,4.0,-28.0,158.9,5.33188725,-0.17058687,7.34002399,-0.04856938,34.50980377,-0.07472865,0.21153662,0.00061014,-0.18279885,14.31643963,1005.93994141,-,181.3999939,-,1128,-,42.35726547,-71.07004547,-,7.30999994,-,9.94193935
Mon May 08 09:14:39 EDT 2017,08-May-2017 09:16:08.513,-71.07002037,42.35721417,5.63,4.0,-29.0,158.8,4.91948605,-0.64583594,7.57106447,-0.06586248,34.50980377,-0.04421217,0.18060239,-0.02788354,-0.12599452,14.46806908,1005.93530273,-,181.3999939,-,1488,-,42.35721588,-71.07002258,-,8.14999962,-,13.04879475
Mon May 08 09:14:40 EDT 2017,08-May-2017 09:16:09.507,-71.06999132,42.35715527,6.38,3.0,-28.0,158.1,5.25646973,-0.46806642,7.92720175,-0.01784086,32.54901886,-0.02891055,0.20384879,-0.02971397,-0.12294383,14.46806908,1005.98022461,-,181.3999939,-,1488,-,42.35715485,-71.06999207,-,11,-,13.04879475
Mon May 08 09:14:41 EDT 2017,08-May-2017 09:16:10.505,-71.06996293,42.35709496,6.77,4.0,-28.0,157.3,5.20499468,0.30346507,7.07845736,-0.04513998,34.11764908,-0.10352727,0.1986016,0.04893348,-0.20946211,15.03331566,1005.96191406,-,181.3999939,-,1693,-,42.35709381,-71.06996155,-,11,-,14.91290855
Mon May 08 09:14:42 EDT 2017,08-May-2017 09:16:11.506,-71.06993469,42.35703285,7.76,4.0,-30.0,160.6,4.88357306,-0.20111294,8.47008705,-0.09428152,34.11764908,-0.02713659,0.16211501,0.05308245,-0.0940841,15.03331566,1005.96875,-,181.3999939,-,2010,-,42.35703278,-71.06993103,-,11.09000015,-,14.91290855
Mon May 08 09:14:43 EDT 2017,08-May-2017 09:16:12.506,-71.06989719,42.35696458,8.01,4.0,-29.0,159.4,4.40832376,0.79307932,6.01483345,-0.22413713,33.33333206,-0.23527735,0.11739152,0.09884319,-0.31788453,14.60848427,1006.01855469,-,181.3999939,-,2010,-,42.35696411,-71.06990051,-,11.09000015,-,17.39839363
Mon May 08 09:14:44 EDT 2017,08-May-2017 09:16:13.512,-71.06985955,42.35689509,7.98,4.0,-28.0,157.2,4.37001657,-0.08080431,7.51240635,-0.10262877,33.33333206,-0.08736277,0.11525601,-0.05613317,-0.13929565,14.58829689,1006.02807617,-,181.3999939,-,2044,-,42.35689545,-71.06986237,-,10.17000008,-,18.01976395
Mon May 08 09:14:45 EDT 2017,08-May-2017 09:16:14.507,-71.06983471,42.35683889,8.03,4.0,-33.0,157.2,4.05996752,-0.05805939,8.05708694,-0.06741917,32.15686417,-0.07819041,0.08889785,-0.02397862,-0.11232737,14.58829689,1005.98901367,-,181.3999939,-,2044,-,42.35683823,-71.06983185,-,4.86000013,-,18.01976395
Mon May 08 09:14:46 EDT 2017,08-May-2017 09:16:15.505,-71.06981663,42.35677374,7.61,4.0,-31.0,159.5,4.48852968,0.05027824,7.59979486,-0.04479587,33.33333206,-0.09995209,0.12556745,0.02312442,-0.15631863,29.39955139,1005.99243164,-,181.3999939,-,1981,-,42.35677338,-71.06981659,-,4.86000013,-,16.77702141
Mon May 08 09:14:47 EDT 2017,08-May-2017 09:16:16.514,-71.06979286,42.35671147,7.38,5.0,-30.0,160.0,4.61901379,0.11611878,7.41005421,-0.09842902,33.33333206,-0.06067855,0.10524967,-0.00378289,-0.10030748,29.39955139,1005.94848633,-,181.3999939,-,1850,-,42.35671234,-71.0697937,-,8.46000004,-,16.15565109
Mon May 08 09:14:48 EDT 2017,08-May-2017 09:16:17.505,-71.06977202,42.35663967,7.58,5.0,-30.0,164.6,4.28023386,0.29628247,7.48846436,-0.10883456,30.19607925,-0.10371146,0.14259045,0.05100796,-0.17175528,13.64711571,1005.92626953,-,181.3999939,-,1850,-,42.35663986,-71.06977081,-,3.3499999,-,16.15565109
Mon May 08 09:14:49 EDT 2017,08-May-2017 09:16:18.505,-71.06974994,42.35656989,7.27,6.0,-30.0,162.3,3.91990662,-0.51595044,8.54191303,-0.06861648,30.58823586,-0.04018673,0.06760384,-0.03459511,-0.06028213,13.88039303,1005.99584961,-,181.3999939,-,901,-,42.3565712,-71.06974792,-,3.3499999,-,15.53427982
Mon May 08 09:14:50 EDT 2017,08-May-2017 09:16:19.506,-71.06972107,42.35651303,6.79,6.0,-30.0,160.1,3.24773455,0.51176059,7.58722496,-0.08440767,30.58823586,-0.08334152,0.00701665,0.03575439,-0.07986774,13.88039303,1005.98950195,-,181.3999939,-,959,-,42.35651398,-71.06971741,-,3.38000011,-,11.80605221
Mon May 08 09:14:51 EDT 2017,08-May-2017 09:16:20.508,-71.06969855,42.35647456,4.84,5.0,-31.0,152.6,3.56197357,-0.23942018,8.32823086,-0.06493425,30.58823586,-0.08370659,-0.00652854,0.01842632,-0.07480355,13.79470825,1006.05004883,-,181.3999939,-,936,-,42.35647583,-71.06970215,-,3.49000001,-,11.80605221
Mon May 08 09:14:52 EDT 2017,08-May-2017 09:16:21.512,-71.06967942,42.35644531,3.89,5.0,-31.0,153.4,3.69844317,-0.30107087,8.25041866,-0.06643099,30.58823586,-0.07751731,0.04502857,-0.01269098,-0.08999613,13.62199306,1005.96313477,-,181.3999939,-,936,-,42.35644531,-71.06967926,-,3.49000001,-,8.69919682
Mon May 08 09:14:53 EDT 2017,08-May-2017 09:16:22.505,-71.06964672,42.35643648,3.09,5.0,-29.0,146.5,3.88459229,0.07302316,7.67162085,-0.06410247,30.58823586,-0.12310837,0.06400401,0.02544297,-0.14899692,13.62199306,1006.01293945,-,181.3999939,-,857,-,42.35643768,-71.06964874,-,3.42000008,-,4.97096968
Mon May 08 09:14:54 EDT 2017,08-May-2017 09:16:23.506,-71.06963074,42.35642293,2.24,5.0,-27.0,149.9,4.0282445,-0.13347675,7.87752199,-0.08289711,30.58823586,-0.12160391,0.07120369,-0.00762679,-0.1513765,13.74491215,1005.95629883,-,181.3999939,-,857,-,42.35642242,-71.06963348,-,3.38000011,-,4.97096968
Mon May 08 09:14:55 EDT 2017,08-May-2017 09:16:24.508,-71.06963425,42.35640935,1.37,6.0,-27.0,149.9,3.92349815,-0.10773908,8.62391472,-0.02273822,30.58823586,-0.07449915,0.07291209,0.01311808,-0.0991482,13.58475876,1006.02807617,-,181.3999939,-,834,-,42.35641098,-71.06963348,-,3.38000011,-,2.48548484
Mon May 08 09:14:56 EDT 2017,08-May-2017 09:16:25.506,-71.06963997,42.35639706,0.51,5.0,-26.0,149.9,4.15633392,-0.06224924,8.27675533,-0.06425241,30.19607925,-0.05554425,0.09170448,0.01165373,-0.08731145,13.60674095,1006.01513672,-,181.3999939,-,832,-,42.35639572,-71.06964111,-,3.30999994,-,0.62137121
Mon May 08 09:14:57 EDT 2017,08-May-2017 09:16:26.508,-71.06963643,42.35639778,0.0,5.0,-27.0,0.0,4.60165548,-0.05446809,8.1750021,-0.05711999,30.19607925,-0.07956398,0.13862453,0.0264192,-0.14039393,13.64397621,1005.953125,-,181.3999939,-,819,-,42.35639954,-71.06963348,-,3.08999991,-,0
Mon May 08 09:14:58 EDT 2017,08-May-2017 09:16:27.506,-71.06963477,42.35639255,0.0,5.0,-27.0,0.0,4.56753826,-0.0748188,8.14507389,-0.05481176,30.19607925,-0.04772354,0.13362134,0.01037243,-0.10073464,13.64397621,1005.99731445,-,181.3999939,-,813,-,42.35639191,-71.06963348,-,3,-,0
Mon May 08 09:14:59 EDT 2017,08-May-2017 09:16:28.505,-71.06963678,42.35639128,0.0,5.0,-28.0,0.0,4.5639472,-0.01795651,7.64588308,-0.08090621,30.19607925,-0.08745261,0.11873386,0.0089691,-0.13795336,13.52330017,1005.98242188,-,181.3999939,-,813,-,42.35639191,-71.06963348,-,3,-,0
Mon May 08 09:15:00 EDT 2017,08-May-2017 09:16:29.504,-71.06963618,42.35639311,0.0,4.0,-27.0,0.0,4.4262805,-0.0688333,7.92839909,-0.06295747,30.19607925,-0.07404263,0.11922197,0.01098258,-0.12282178,13.52330017,1005.97851562,-,181.3999939,-,800,-,42.35639191,-71.06963348,-,2.8499999,-,0
Mon May 08 09:15:01 EDT 2017,08-May-2017 09:16:30.515,-71.06963835,42.35639671,0.0,4.0,-27.0,0.0,4.64116001,-0.01197101,8.15285492,-0.0637958,30.19607925,-0.11644274,0.1201982,0.01244692,-0.17230439,13.55873966,1005.95263672,-,181.3999939,-,800,-,42.35639572,-71.06964111,-,2.74000001,-,0
Mon May 08 09:15:02 EDT 2017,08-May-2017 09:16:31.506,-71.06963552,42.35639925,0.0,4.0,-26.0,0.0,4.47476292,-0.08080431,7.48786592,-0.07324755,30.19607925,-0.11045808,0.12416411,0.00976229,-0.16772832,13.61346912,1005.97973633,-,181.3999939,-,797,-,42.35639954,-71.06963348,-,2.74000001,-,0
Mon May 08 09:15:03 EDT 2017,08-May-2017 09:16:32.505,-71.06963352,42.35639854,0.0,4.0,-26.0,0.0,4.70281076,-0.01316811,8.29171944,-0.01688266,30.19607925,-0.10794796,0.12690975,0.00982331,-0.16644703,13.61346912,1006.02246094,-,181.3999939,-,787,-,42.35639954,-71.06963348,-,2.53999996,-,0
Mon May 08 09:15:04 EDT 2017,08-May-2017 09:16:33.509,-71.06963409,42.35639991,0.0,4.0,-25.0,0.0,4.57053089,-0.01137246,7.92959595,-0.0556215,30.19607925,-0.09162229,0.12044226,0.01409431,-0.14368868,13.6785183,1006.03466797,-,183.19999695,-,787,-,42.35639954,-71.06963348,-,2.53999996,-,0
Mon May 08 09:15:05 EDT 2017,08-May-2017 09:16:34.518,-71.06963174,42.35639918,0.0,4.0,-24.0,0.0,4.50169754,-0.0664391,7.49205589,-0.07253754,30.19607925,-0.10869226,0.12690975,0.01122663,-0.16730121,14.50620174,1005.95825195,-,183.19999695,-,752,-,42.35639954,-71.06963348,-,2.6500001,-,0
Mon May 08 09:15:06 EDT 2017,08-May-2017 09:16:35.506,-71.06963061,42.35639907,0.0,4.0,-24.0,0.0,4.46997452,-0.0712275,7.60218906,-0.05818632,30.19607925,-0.03857321,0.1389906,0.01482648,-0.09322987,14.50620174,1005.91235352,-,183.19999695,-,752,-,42.35639954,-71.06963348,-,2.71000004,-,0
Mon May 08 09:15:07 EDT 2017,08-May-2017 09:16:36.516,-71.06963173,42.35639887,0.0,3.0,-24.0,0.0,4.42987156,0.07422026,8.2785511,-0.03145784,30.19607925,-0.04253223,0.11958803,0.025565,-0.0871284,14.67936325,1006.01586914,-,183.19999695,-,769,-,42.35639954,-71.06963348,-,2.71000004,-,0
Mon May 08 09:15:08 EDT 2017,08-May-2017 09:16:37.510,-71.06963184,42.35639919,0.0,3.0,-23.0,0.0,4.48553705,-0.0664391,7.43459463,-0.10346287,30.19607925,-0.11456182,0.12526239,0.01122663,-0.17315862,14.87405968,1006.01049805,-,183.19999695,-,767,-,42.35639954,-71.06963348,-,2.76999998,-,0
Mon May 08 09:15:09 EDT 2017,08-May-2017 09:16:38.510,-71.06963173,42.35639929,0.0,3.0,-23.0,0.0,4.5567646,-0.02035072,8.07384682,-0.06604371,30.19607925,-0.05462069,0.1325231,0.01592474,-0.1079953,14.82067585,1005.92797852,-,183.19999695,-,788,-,42.35639954,-71.06963348,-,2.6500001,-,0
Mon May 08 09:15:10 EDT 2017,08-May-2017 09:16:39.510,-71.06963203,42.35639923,0.0,3.0,-23.0,0.0,4.48314285,-0.05506664,7.55430508,-0.0753158,30.19607925,-0.05792499,0.13282816,0.01714502,-0.11196126,14.82067585,1005.99194336,-,183.19999695,-,788,-,42.35639954,-71.06963348,-,2.79999995,-,0
Mon May 08 09:15:11 EDT 2017,08-May-2017 09:16:40.507,-71.06963235,42.35639917,0.0,3.0,-23.0,0.0,4.56933403,-0.03711013,7.85776997,-0.06201202,30.19607925,-0.07878466,0.13392639,0.0204398,-0.13667202,14.76594543,1006.01245117,-,183.19999695,-,788,-,42.35639954,-71.06963348,-,2.79999995,-,0
Mon May 08 09:15:12 EDT 2017,08-May-2017 09:16:41.509,-71.06963231,42.35639916,0.0,4.0,-23.0,0.0,4.63397741,-0.02932897,7.98286724,-0.06000298,30.19607925,-0.08766828,0.13197394,0.01842632,-0.14582418,14.76594543,1005.97875977,-,183.19999695,-,775,-,42.35639954,-71.06963348,-,2.71000004,-,0
Mon May 08 09:15:13 EDT 2017,08-May-2017 09:16:42.517,-71.06963234,42.35639914,0.0,4.0,-23.0,0.0,4.54599047,-0.0035913,7.75781202,-0.06000344,30.19607925,-0.08310734,0.13142481,0.01763314,-0.14021087,14.75876713,1005.94042969,-,183.19999695,-,775,-,42.35639954,-71.06963348,-,2.6500001,-,0
Mon May 08 09:15:14 EDT 2017,08-May-2017 09:16:43.509,-71.06963233,42.35639912,0.0,4.0,-23.0,0.0,4.5663414,-0.02873042,8.10018253,-0.05283456,30.19607925,-0.08979321,0.12996048,0.01580271,-0.14710547,14.78299236,1006.00415039,-,183.19999695,-,781,-,42.35639954,-71.06963348,-,2.6500001,-,0
Mon May 08 09:15:15 EDT 2017,08-May-2017 09:16:44.506,-71.06963229,42.35639912,0.0,4.0,-23.0,0.0,4.54778624,-0.05087679,7.92839909,-0.05686921,30.19607925,-0.0761057,0.13349932,0.01714502,-0.13331628,14.78299236,1005.93847656,-,183.19999695,-,786,-,42.35639954,-71.06963348,-,2.79999995,-,0
Mon May 08 09:15:16 EDT 2017,08-May-2017 09:16:45.520,-71.06963224,42.35639911,0.0,4.0,-23.0,0.0,4.73034382,0.01436521,8.19595051,-0.02396214,30.19607925,-0.03503399,0.15021721,0.01946357,-0.09554844,14.82561016,1005.98071289,-,183.19999695,-,773,-,42.35639954,-71.06963348,-,2.76999998,-,0
Mon May 08 09:15:17 EDT 2017,08-May-2017 09:16:46.516,-71.06963217,42.35639909,0.0,4.0,-23.0,0.0,4.46698189,-0.10773908,7.54353094,-0.06863367,30.19607925,-0.10595604,0.12337094,0.00701665,-0.162054,14.78299236,1006.02978516,-,183.19999695,-,773,-,42.35639954,-71.06963348,-,2.76999998,-,0
Mon May 08 09:15:18 EDT 2017,08-May-2017 09:16:47.512,-71.06963212,42.35639906,0.0,4.0,-23.0,0.0,4.62918901,0.01616086,8.14686966,-0.06621578,30.19607925,-0.10110714,0.12642163,0.01757212,-0.15814909,14.69999981,1005.99975586,-,183.19999695,-,778,-,42.35639954,-71.06963348,-,2.68000007,-,0
Mon May 08 09:15:19 EDT 2017,08-May-2017 09:16:48.522,-71.06963202,42.35639908,0.0,5.0,-23.0,0.0,4.5465889,-0.02813187,7.8613615,-0.06286174,30.19607925,-0.0887576,0.13044859,0.01970762,-0.1461903,14.69999981,1006.0402832,-,183.19999695,-,772,-,42.35639954,-71.06963348,-,2.79999995,-,0
Mon May 08 09:15:20 EDT 2017,08-May-2017 09:16:49.509,-71.06963196,42.35639907,0.0,5.0,-23.0,0.0,4.6698904,0.0035913,7.98047304,-0.04605067,30.19607925,-0.05713004,0.14405479,0.01836531,-0.11751352,14.82246971,1006.05761719,-,183.19999695,-,784,-,42.35639954,-71.06963348,-,2.6500001,-,0
Mon May 08 09:15:21 EDT 2017,08-May-2017 09:16:50.506,-71.06963191,42.35639905,0.0,5.0,-23.0,0.0,4.59986019,-0.04788403,7.96610737,-0.05089164,30.19607925,-0.08714376,0.13295017,0.01092156,-0.14582418,14.68474674,1005.95776367,-,183.19999695,-,784,-,42.35639954,-71.06963348,-,2.6500001,-,0
Mon May 08 09:15:22 EDT 2017,08-May-2017 09:16:51.508,-71.06963185,42.35639906,0.0,5.0,-23.0,0.0,4.46159506,-0.0712275,7.70454121,-0.07064165,30.19607925,-0.11885929,0.11592717,0.00500317,-0.1726705,14.83951664,1006.02880859,-,183.19999695,-,781,-,42.35639954,-71.06963348,-,2.71000004,-,0
Mon May 08 09:15:23 EDT 2017,08-May-2017 09:16:52.508,-71.06963185,42.35639903,0.0,5.0,-23.0,0.0,4.71178913,-0.00718261,8.2683754,-0.06206949,30.19607925,-0.02956955,0.1483258,0.01726705,-0.08816568,14.83951664,1006.00512695,-,181.3999939,-,776,-,42.35639954,-71.06963348,-,2.79999995,-,0
Mon May 08 09:15:24 EDT 2017,08-May-2017 09:16:53.509,-71.06963179,42.35639903,0.0,5.0,-23.0,0.0,4.47955132,-0.06344634,7.431602,-0.10404146,30.19607925,-0.04881098,0.13752624,0.01854835,-0.10415144,14.80183315,1005.97241211,-,181.3999939,-,776,-,42.35639954,-71.06963348,-,2.79999995,-,0
Mon May 08 09:15:25 EDT 2017,08-May-2017 09:16:54.511,-71.06963175,42.35639904,0.0,5.0,-23.0,0.0,4.5298295,-0.01256956,8.12292767,-0.08231568,30.19607925,-0.06809981,0.13111976,0.01531459,-0.12269977,14.80183315,1006.01171875,-,181.3999939,-,780,-,42.35639954,-71.06963348,-,2.74000001,-,0
Mon May 08 09:15:26 EDT 2017,08-May-2017 09:16:55.516,-71.06963169,42.35639905,0.0,5.0,-23.0,0.0,4.55975723,-0.03292027,8.10377407,-0.06665414,30.19607925,-0.05180854,0.13282816,0.01464344,-0.10494461,14.82067585,1006.00756836,-,181.3999939,-,780,-,42.35639954,-71.06963348,-,4.1500001,-,0
Mon May 08 09:15:27 EDT 2017,08-May-2017 09:16:56.511,-71.06963166,42.35639904,0.0,5.0,-23.0,0.0,4.83688593,-0.03052607,8.82083797,-0.05153114,30.19607925,-0.15005429,0.12074731,0.01970762,-0.21202473,15.41777325,1006.0144043,-,181.3999939,-,749,-,42.35639954,-71.06963348,-,4.1500001,-,0
Mon May 08 09:15:28 EDT 2017,08-May-2017 09:16:57.510,-71.06963165,42.35639904,0.0,5.0,-23.0,0.0,4.29998636,-0.19033903,7.51420212,-0.1058628,30.58823586,-0.11696261,0.10634795,-0.00140333,-0.16504368,15.41777325,1005.9597168,-,181.3999939,-,787,-,42.35639954,-71.06963348,-,3.6400001,-,0
Mon May 08 09:15:29 EDT 2017,08-May-2017 09:16:58.515,-71.06963164,42.35639902,0.0,5.0,-23.0,0.0,4.53042793,-0.18076223,8.15345383,-0.03759742,30.58823586,-0.0661636,0.14606825,0.03056817,-0.12928931,14.65289688,1005.99707031,-,181.3999939,-,787,-,42.35639954,-71.06963348,-,3.6400001,-,0
Mon May 08 09:15:30 EDT 2017,08-May-2017 09:16:59.519,-71.06963161,42.35639904,0.0,5.0,-23.0,0.0,4.44363832,-0.02214637,7.18499947,-0.08538444,30.58823586,-0.13853215,0.12099137,0.01574169,-0.19860154,14.76729107,1006.01855469,-,181.3999939,-,782,-,42.35639954,-71.06963348,-,3.75,-,0
Mon May 08 09:15:31 EDT 2017,08-May-2017 09:17:00.506,-71.06963157,42.35639904,0.0,5.0,-23.0,0.0,4.60764122,-0.02753332,8.21809769,-0.05361786,30.58823586,-0.0905289,0.13417046,0.02824963,-0.15052228,14.76729107,1006.06469727,-,181.3999939,-,784,-,42.35639954,-71.06963348,-,3.6400001,-,0
Mon May 08 09:15:32 EDT 2017,08-May-2017 09:17:01.512,-71.06963153,42.35639904,0.0,5.0,-23.0,0.0,4.88177729,0.03830723,8.7986908,0.03712147,30.58823586,-0.15035032,0.11665935,0.01336213,-0.20982823,14.70986843,1006.0168457,-,181.3999939,-,784,-,42.35639954,-71.06963348,-,3.6400001,-,0
Mon May 08 09:15:33 EDT 2017,08-May-2017 09:17:02.507,-71.0696315,42.35639902,0.0,4.0,-23.0,0.0,4.70281076,0.03232172,8.22827244,-0.02249843,30.58823586,-0.03356969,0.14741059,0.021294,-0.09225365,14.90052795,1005.99633789,-,181.3999939,-,769,-,42.35639954,-71.06963348,-,3.55999994,-,0
Mon May 08 09:15:34 EDT 2017,08-May-2017 09:17:03.504,-71.06963147,42.35639901,0.0,4.0,-23.0,0.0,4.72914696,0.03711013,8.01518917,-0.06339937,30.19607925,-0.0510092,0.15009521,0.02178211,-0.11397468,14.90052795,1006.02661133,-,181.3999939,-,792,-,42.35639954,-71.06963348,-,2.81999993,-,0
Mon May 08 09:15:35 EDT 2017,08-May-2017 09:17:04.508,-71.06963147,42.35639898,0.0,5.0,-23.0,0.0,4.58250189,-0.01975216,8.00022507,-0.04876953,30.19607925,-0.0598498,0.13514668,0.01598575,-0.11550006,14.62418556,1006.04370117,-,181.3999939,-,792,-,42.35639954,-71.06963348,-,2.79999995,-,0
Mon May 08 09:15:36 EDT 2017,08-May-2017 09:17:05.509,-71.06963148,42.35639897,0.0,4.0,-23.0,0.0,4.45501089,-0.08499416,7.60997009,-0.08966875,30.19607925,-0.05178156,0.14545812,0.01574169,-0.11214432,14.62418556,1005.97167969,-,181.3999939,-,784,-,42.35639954,-71.06963348,-,2.79999995,-,0
Mon May 08 09:15:37 EDT 2017,08-May-2017 09:17:06.506,-71.06963147,42.35639896,0.0,4.0,-23.0,0.0,4.62320328,-0.01556231,7.84041214,-0.07049746,30.19607925,-0.07185484,0.13929565,0.01641285,-0.13179088,14.67936325,1006.00927734,-,181.3999939,-,780,-,42.35639954,-71.06963348,-,2.71000004,-,0
Mon May 08 09:15:38 EDT 2017,08-May-2017 09:17:07.511,-71.06963151,42.35639893,0.0,5.0,-23.0,0.0,4.51187325,-0.03890578,7.87512779,-0.06843393,30.19607925,-0.06370688,0.14021087,0.01921951,-0.12288283,14.67936325,1006.00512695,-,181.3999939,-,787,-,42.35639954,-71.06963348,-,2.76999998,-,0
Mon May 08 09:15:39 EDT 2017,08-May-2017 09:17:08.514,-71.06963157,42.35639891,0.0,5.0,-23.0,0.0,4.46578455,-0.10295067,7.52796888,-0.09629267,30.19607925,-0.04195975,0.14545812,0.01799922,-0.1007956,14.82246971,1005.99365234,-,181.3999939,-,787,-,42.35639954,-71.06963348,-,2.76999998,-,0
Mon May 08 09:15:40 EDT 2017,08-May-2017 09:17:09.507,-71.06963159,42.35639888,0.0,5.0,-23.0,0.0,4.69502974,0.0011971,8.20313358,-0.02512223,30.19607925,-0.03619444,0.14661741,0.01812125,-0.09481622,14.84804058,1005.99389648,-,181.3999939,-,777,-,42.35639954,-71.06963348,-,2.6500001,-,0
Mon May 08 09:15:41 EDT 2017,08-May-2017 09:17:10.508,-71.06963162,42.35639886,0.0,5.0,-23.0,0.0,4.3969512,-0.07062895,7.31668043,-0.11841428,30.19607925,-0.04475081,0.13886859,0.01860937,-0.10024653,14.84804058,1005.97167969,-,181.3999939,-,777,-,42.35639954,-71.06963348,-,2.8499999,-,0
Mon May 08 09:15:42 EDT 2017,08-May-2017 09:17:11.517,-71.06963161,42.35639884,0.0,10.0,-23.0,0.0,4.63996267,-0.01795651,8.25640488,-0.05810569,30.19607925,-0.05106775,0.13874653,0.01561966,-0.10744623,14.92789268,1005.98510742,-,181.3999939,-,776,-,42.35639954,-71.06963348,-,2.8499999,-,0
Mon May 08 09:15:43 EDT 2017,08-May-2017 09:17:12.515,-71.06963159,42.35639884,0.0,10.0,-23.0,0.0,4.68724823,0.03052607,8.07384682,-0.0625574,30.19607925,-0.04800754,0.14582418,0.02111095,-0.1079953,14.92789268,1005.99121094,-,181.3999939,-,778,-,42.35639954,-71.06963348,-,2.79999995,-,0
Mon May 08 09:15:44 EDT 2017,08-May-2017 09:17:13.508,-71.06963159,42.35639882,0.0,10.0,-23.0,0.0,4.5418005,-0.04967969,7.63091946,-0.08336002,30.19607925,-0.08564254,0.1253234,0.01439938,-0.13960071,14.9557066,1006.01464844,-,181.3999939,-,778,-,42.35639954,-71.06963348,-,2.79999995,-,0
Mon May 08 09:15:45 EDT 2017,08-May-2017 09:17:14.513,-71.06963162,42.35639882,0.0,10.0,-23.0,0.0,4.63218164,-0.00418985,8.07743835,-0.03942454,30.19607925,-0.10803033,0.11806269,0.00414897,-0.16138282,14.80497456,1005.9934082,-,181.3999939,-,781,-,42.35639954,-71.06963348,-,2.68000007,-,0
Mon May 08 09:15:46 EDT 2017,08-May-2017 09:17:15.524,-71.06963166,42.35639882,0.0,10.0,-23.0,0.0,4.57950926,0.06045359,8.18218422,-0.03276139,30.19607925,-0.10825848,0.1202592,0.00579636,-0.16290818,14.80497456,1006.05053711,-,181.3999939,-,781,-,42.35639954,-71.06963348,-,2.81999993,-,0
Mon May 08 09:15:47 EDT 2017,08-May-2017 09:17:16.510,-71.06963166,42.35639882,0.0,10.0,-23.0,0.0,4.69682503,0.03052607,8.12352657,-0.06620423,30.19607925,-0.09225816,0.12892325,0.01372822,-0.14936304,14.80497456,1006.01196289,-,181.3999939,-,776,-,42.35639954,-71.06963348,-,2.81999993,-,0
Mon May 08 09:15:48 EDT 2017,08-May-2017 09:17:17.508,-71.06963167,42.35639883,0.0,10.0,-23.0,0.0,4.43645573,-0.0688333,7.37713385,-0.0654902,30.19607925,-0.10883943,0.12642163,0.01128765,-0.1671792,14.80497456,1005.95727539,-,181.3999939,-,783,-,42.35639954,-71.06963348,-,2.71000004,-,0
Mon May 08 09:15:49 EDT 2017,08-May-2017 09:17:18.506,-71.06963167,42.35639882,0.0,10.0,-23.0,0.0,4.34607458,-0.16220717,7.13531971,-0.13678598,30.19607925,-0.1478963,0.11104604,0.00146434,-0.20366575,14.83592892,1006.04760742,-,181.3999939,-,783,-,42.35639954,-71.06963348,-,4.36000013,-,0
Mon May 08 09:15:50 EDT 2017,08-May-2017 09:17:19.515,-71.06963166,42.35639882,0.0,10.0,-23.0,0.0,4.86022949,0.0724246,8.91780281,0.0467214,30.19607925,-0.17225026,0.10531067,0.00097623,-0.22874261,15.4738493,1005.94580078,-,181.3999939,-,767,-,42.35639954,-71.06963348,-,4.36000013,-,0
Mon May 08 09:15:51 EDT 2017,08-May-2017 09:17:20.516,-71.06963169,42.35639883,0.0,10.0,-23.0,0.0,4.86920786,0.03711013,8.89565659,-0.04920428,30.58823586,0.03411122,0.16437256,0.02178211,-0.02422265,15.4738493,1006.00268555,-,181.3999939,-,794,-,42.35639954,-71.06963348,-,3.78999996,-,0
Mon May 08 09:15:52 EDT 2017,08-May-2017 09:17:21.507,-71.06963175,42.35639883,0.0,10.0,-23.0,0.0,4.56574249,0.22984336,6.68700552,-0.10714421,30.58823586,-0.17399922,0.13343827,0.04142872,-0.24936546,14.67756844,1005.96948242,-,181.3999939,-,794,-,42.35639954,-71.06963348,-,3.78999996,-,0
Mon May 08 09:15:53 EDT 2017,08-May-2017 09:17:22.506,-71.06963173,42.35639883,0.0,10.0,-23.0,0.0,5.5503583,0.36930561,3.79840088,-0.30197495,30.58823586,-0.01556505,0.30440038,0.00195246,-0.18054134,14.74710369,1005.92138672,-,181.3999939,-,1486,-,42.35639954,-71.06963348,-,19.40999985,-,1.24274242
Mon May 08 09:15:54 EDT 2017,08-May-2017 09:17:23.505,-71.0696287,42.35639486,0.84,10.0,-23.0,149.9,5.68503189,-0.05147533,7.39868164,-0.03745282,33.33333206,-0.04852922,0.24753505,0.01275199,-0.17681947,14.74710369,1005.95727539,-,181.3999939,-,1300,-,42.35639572,-71.06962585,-,10.17000008,-,1.24274242
Mon May 08 09:15:55 EDT 2017,08-May-2017 09:17:24.506,-71.06960625,42.3563459,2.62,10.0,-23.0,160.5,4.2718544,-0.34177229,8.71429539,0.00131464,30.19607925,-0.12816879,0.11281544,-0.01031142,-0.18206668,14.24331665,1005.94750977,-,181.3999939,-,1300,-,42.35634613,-71.06960297,-,10.17000008,-,5.59234095
Mon May 08 09:15:56 EDT 2017,08-May-2017 09:17:25.506,-71.06959662,42.35631233,2.86,10.0,-23.0,159.0,3.75590396,-0.08798691,7.84041214,-0.07474016,30.19607925,-0.05333164,0.08401671,-0.00054913,-0.08120998,15.83542824,1005.92651367,-,181.3999939,-,1105,-,42.3563118,-71.06959534,-,3.05999994,-,4.97096968
Mon May 08 09:15:57 EDT 2017,08-May-2017 09:17:26.506,-71.06960007,42.35630129,2.21,10.0,-23.0,157.3,4.80995131,-0.04848259,8.16901588,-0.03768325,30.19607925,-0.03330691,0.15833214,0.01305706,-0.09829407,15.83542824,1005.96459961,-,181.3999939,-,813,-,42.35630035,-71.06960297,-,3,-,3.72822714
Mon May 08 09:15:58 EDT 2017,08-May-2017 09:17:27.510,-71.06959545,42.35627898,2.18,10.0,-24.0,168.7,5.01166248,-0.03411737,7.1544733,-0.09815633,31.76470566,-0.05157489,0.1778567,0.03526627,-0.13185193,14.53760433,1005.95849609,-,181.3999939,-,813,-,42.35627747,-71.06959534,-,3.91000009,-,3.72822714
Mon May 08 09:15:59 EDT 2017,08-May-2017 09:17:28.517,-71.06959408,42.35627163,2.08,5.0,-24.0,185.7,4.29040956,0.272939,8.05469322,-0.05789733,30.19607925,0.00812593,0.10561578,-0.02879876,-0.0244057,14.38148689,1006.01342773,-,181.3999939,-,1018,-,42.35626984,-71.06959534,-,3.91000009,-,4.97096968
Mon May 08 09:16:00 EDT 2017,08-May-2017 09:17:29.508,-71.06958638,42.35624537,2.34,5.0,-25.0,194.7,4.72974539,-0.26994625,8.11035824,-0.04327834,30.19607925,-0.04221952,0.15015621,-0.00951823,-0.10427345,14.38148689,1006.02612305,-,181.3999939,-,1046,-,42.35624695,-71.06958771,-,3,-,4.97096968
Mon May 08 09:16:01 EDT 2017,08-May-2017 09:17:30.507,-71.06955487,42.35622062,2.23,4.0,-21.0,196.7,5.38994646,-0.39444473,7.98526144,-0.0376971,32.15686417,-0.13429072,0.20494708,-0.02147704,-0.25345343,15.08311176,1006.02099609,-,181.3999939,-,1046,-,42.35622025,-71.06955719,-,6.73999977,-,4.97096968
Mon May 08 09:16:02 EDT 2017,08-May-2017 09:17:31.518,-71.06956827,42.35621267,2.31,4.0,-20.0,212.8,5.86399841,-1.10193133,7.53574991,-0.01789942,32.15686417,-0.01986092,0.26577833,-0.09432813,-0.16284718,14.5443325,1005.98486328,-,181.3999939,-,1247,-,42.35621262,-71.06956482,-,6.73999977,-,6.21371174
Mon May 08 09:16:03 EDT 2017,08-May-2017 09:17:32.514,-71.06957952,42.35618643,3.08,4.0,-21.0,206.7,5.84424639,-0.42736501,6.56849241,-0.09130615,34.11764908,-0.10240094,0.26376486,-0.025565,-0.2614463,14.5443325,1006.03662109,-,181.3999939,-,2001,-,42.35618591,-71.06958008,-,15.46000004,-,6.21371174
Mon May 08 09:16:04 EDT 2017,08-May-2017 09:17:33.511,-71.06963623,42.35617635,3.71,4.0,-22.0,231.1,5.30375528,-0.27593175,7.26999331,-0.04766112,31.37254906,-0.12996776,0.15461023,-0.01006736,-0.21068239,14.06432152,1005.99194336,-,181.3999939,-,2001,-,42.35617447,-71.06963348,-,15.46000004,-,10.56331062
Mon May 08 09:16:05 EDT 2017,08-May-2017 09:17:34.507,-71.06972057,42.35617389,5.51,3.0,-22.0,250.7,5.46117401,-0.05865794,6.1967926,-0.08273894,31.37254906,-0.15771133,0.22471569,0.01201982,-0.29933619,14.06432152,1005.98046875,-,181.3999939,-,1444,-,42.35617447,-71.06971741,-,17.67000008,-,12.42742348
Mon May 08 09:16:06 EDT 2017,08-May-2017 09:17:35.505,-71.06980775,42.35616393,6.58,3.0,-22.0,250.7,5.31931782,-0.84216046,7.34062243,-0.06053078,34.50980377,-0.07161511,0.21025534,-0.06784791,-0.18273784,14.69147587,1005.91503906,-,181.3999939,-,1444,-,42.35616302,-71.06980896,-,12.07999992,-,12.42742348
Mon May 08 09:16:07 EDT 2017,08-May-2017 09:17:36.508,-71.06989914,42.35614257,7.53,3.0,-21.0,252.0,5.70957232,0.12389994,7.38910484,-0.03662992,35.68627548,-0.06709647,0.22819349,-0.02257529,-0.18652076,15.223526,1005.90820312,-,181.3999939,-,1821,-,42.35614395,-71.06990051,-,12.07999992,-,16.15565109
Mon May 08 09:16:08 EDT 2017,08-May-2017 09:17:37.507,-71.07000547,42.35611817,8.46,4.0,-22.0,254.5,4.78062201,0.55725044,6.65049362,-0.15176064,35.68627548,-0.16287608,0.15534241,0.07480355,-0.25308737,14.01004028,1005.89306641,-,181.3999939,-,2159,-,42.35611725,-71.07000732,-,18.45000076,-,18.64113617
Mon May 08 09:16:09 EDT 2017,08-May-2017 09:17:38.511,-71.07011736,42.35609091,9.22,3.0,-23.0,253.9,5.04817438,0.56443304,7.75182676,-0.08325534,34.50980377,-0.12167984,0.15314589,0.06919023,-0.20098113,14.01004028,1006.00537109,-,181.3999939,-,2337,-,42.35609055,-71.07011414,-,11.63000011,-,20.50524902
Mon May 08 09:16:10 EDT 2017,08-May-2017 09:17:39.506,-71.07023338,42.35607131,9.52,3.0,-20.0,253.1,4.21379519,0.207697,6.63193893,-0.08220477,33.33333206,-0.10333303,0.15400012,0.00317275,-0.17797871,14.55420303,1005.94433594,-,181.3999939,-,2337,-,42.35607147,-71.07023621,-,11.63000011,-,20.50524902
Mon May 08 09:16:11 EDT 2017,08-May-2017 09:17:40.504,-71.0703465,42.35604444,9.5,3.0,-20.0,254.7,3.86723423,-0.62009823,7.62014532,-0.11522788,33.33333206,-0.12633087,0.06223459,-0.0452116,-0.15424417,14.5402956,1005.98901367,-,181.3999939,-,2424,-,42.35604477,-71.07034302,-,10.17000008,-,21.12662125
Mon May 08 09:16:12 EDT 2017,08-May-2017 09:17:41.506,-71.07045341,42.35601772,9.64,4.0,-20.0,253.1,4.81593657,-0.43275195,7.64229202,-0.06673181,31.37254906,-0.08973498,0.15192561,0.06461415,-0.16180994,14.5402956,1005.99072266,-,181.3999939,-,1580,-,42.35601807,-71.07044983,-,4.40999985,-,21.12662125
Mon May 08 09:16:13 EDT 2017,08-May-2017 09:17:42.506,-71.07057223,42.35598952,9.68,4.0,-21.0,253.4,4.75428581,0.23283611,7.67940187,-0.06127813,33.72549057,-0.07099681,0.14374973,0.03221555,-0.13356033,13.93781376,1005.90527344,-,181.3999939,-,1580,-,42.35599136,-71.0705719,-,4.40999985,-,21.12662125
Mon May 08 09:16:14 EDT 2017,08-May-2017 09:17:43.505,-71.07068766,42.35596027,9.8,4.0,-22.0,253.5,4.59986019,1.18094003,9.88146877,-0.04649433,33.72549057,0.11795855,0.13691613,0.13838047,0.07626789,13.36314678,1005.94384766,-,181.3999939,-,1588,-,42.35596085,-71.07068634,-,3.86999989,-,21.12662125
Mon May 08 09:16:15 EDT 2017,08-May-2017 09:17:44.505,-71.0707935,42.35593246,9.31,4.0,-22.0,251.8,4.08031845,0.14903906,8.71609116,-0.07634145,30.58823586,-0.16449133,0.07480355,0.10769027,-0.20708254,13.36314678,1005.9309082,-,181.3999939,-,1588,-,42.35593414,-71.07079315,-,3.99000001,-,21.12662125
Mon May 08 09:16:16 EDT 2017,08-May-2017 09:17:45.505,-71.07089262,42.35590358,8.77,4.0,-22.0,249.8,4.77403831,0.23104046,7.89308453,-0.04798323,34.50980377,-0.07310441,0.17614831,0.05448578,-0.1570508,19.56695175,1005.8762207,-,181.3999939,-,1436,-,42.35590363,-71.07089233,-,3.99000001,-,19.26250648
Mon May 08 09:16:17 EDT 2017,08-May-2017 09:17:46.508,-71.07099314,42.35587091,8.76,4.0,-22.0,247.9,4.53761101,0.23104046,7.81527281,-0.06708896,34.50980377,-0.07817552,0.13057065,0.04155075,-0.1343535,14.15180111,1005.9050293,-,181.3999939,-,1426,-,42.35586929,-71.07099152,-,11.44999981,-,19.26250648
Mon May 08 09:16:18 EDT 2017,08-May-2017 09:17:47.506,-71.07109091,42.35584184,8.66,4.0,-22.0,249.2,4.76326418,0.02992752,8.32643509,-0.06012521,31.76470566,-0.00294843,0.18060239,-0.0264192,-0.07736612,14.15180111,1005.92797852,-,181.3999939,-,1448,-,42.35584259,-71.0710907,-,6.57000017,-,19.26250648
Mon May 08 09:16:19 EDT 2017,08-May-2017 09:17:48.505,-71.07118799,42.35581576,8.86,4.0,-22.0,247.9,5.58088398,-0.20649989,7.1879921,-0.03404661,38.4313736,0.06114579,0.28926885,-0.03551033,-0.07285109,13.28464031,1005.92504883,-,181.3999939,-,1448,-,42.35581589,-71.07118988,-,6.57000017,-,19.26250648
Mon May 08 09:16:20 EDT 2017,08-May-2017 09:17:49.508,-71.07130119,42.35578334,9.61,4.0,-22.0,248.0,4.66390514,-0.06105214,7.81048441,-0.06125724,38.4313736,-0.07234177,0.14344467,0.01177576,-0.13484162,13.28464031,1005.93774414,-,181.3999939,-,1611,-,42.35578156,-71.07130432,-,6.67999983,-,21.12662125
Mon May 08 09:16:21 EDT 2017,08-May-2017 09:17:50.506,-71.07140835,42.35574403,9.56,3.0,-22.0,248.8,3.28304911,-0.48602295,8.70232487,-0.03918946,30.19607925,0.002986,0.02239224,-0.03252063,0.00555231,14.26305485,1005.96630859,-,181.3999939,-,1611,-,42.35574341,-71.07141113,-,6.67999983,-,21.12662125
Mon May 08 09:16:22 EDT 2017,08-May-2017 09:17:51.505,-71.07150514,42.35571792,8.44,3.0,-22.0,249.8,4.16531229,-0.219668,8.87530613,0.01105338,30.19607925,-0.00000647,0.09261971,-0.00439303,-0.02629711,14.10559368,1005.99145508,-,181.3999939,-,893,-,42.35571671,-71.07150269,-,3.5999999,-,18.01976395
Mon May 08 09:16:23 EDT 2017,08-May-2017 09:17:52.511,-71.07158087,42.35570516,7.51,3.0,-25.0,249.8,3.41951847,-0.55725044,8.42998409,-0.07579178,30.19607925,-0.05798911,0.03788989,-0.02861571,-0.0662615,14.10559368,1006.07080078,-,181.3999939,-,850,-,42.35570526,-71.07157898,-,3.16000009,-,18.01976395
Mon May 08 09:16:24 EDT 2017,08-May-2017 09:17:53.505,-71.0716487,42.35569387,6.42,3.0,-26.0,250.4,3.89955592,-0.29448682,8.558074,-0.05274718,30.19607925,-0.04052406,0.06552935,-0.01201982,-0.05863473,13.85706425,1005.97363281,-,181.3999939,-,850,-,42.35569382,-71.07164764,-,3.16000009,-,14.29153728
Mon May 08 09:16:25 EDT 2017,08-May-2017 09:17:54.512,-71.07170838,42.35567911,5.29,3.0,-25.0,250.6,4.04380655,-0.1448492,8.34918022,-0.04282421,30.19607925,-0.02022533,0.08731145,0.04612682,-0.04630988,13.85706425,1006.01635742,-,181.3999939,-,862,-,42.35567856,-71.07170868,-,3.16000009,-,14.29153728
Mon May 08 09:16:26 EDT 2017,08-May-2017 09:17:55.507,-71.07175472,42.35566904,4.53,4.0,-25.0,249.7,4.51486588,-0.11192893,7.78714085,-0.05243939,30.19607925,-0.10666125,0.09579245,-0.00793186,-0.14753258,13.61616135,1006.05078125,-,181.3999939,-,862,-,42.35567093,-71.07175446,-,3.16000009,-,9.94193935
Mon May 08 09:16:27 EDT 2017,08-May-2017 09:17:56.507,-71.0717882,42.35565982,4.02,4.0,-26.0,248.5,4.36403131,-0.01855506,8.55148983,-0.06638845,30.19607925,-0.02100291,0.11287649,0.01610778,-0.0593059,13.96787071,1006.05957031,-,181.3999939,-,830,-,42.35565948,-71.07178497,-,3.05999994,-,8.07782555
Mon May 08 09:16:28 EDT 2017,08-May-2017 09:17:57.506,-71.07182211,42.35564973,3.45,3.0,-26.0,248.7,4.5226469,-0.45789108,7.68119764,-0.05565684,30.19607925,-0.07883507,0.1291673,-0.04075756,-0.13612291,13.96787071,1006.03344727,-,181.3999939,-,830,-,42.35564804,-71.07182312,-,2.88000011,-,8.07782555
Mon May 08 09:16:29 EDT 2017,08-May-2017 09:17:58.507,-71.0718566,42.35564262,3.15,3.0,-27.0,249.9,4.8195281,-0.21068975,8.21211147,-0.04349923,30.19607925,-0.02879855,0.15930837,-0.00347782,-0.09390105,13.66999435,1006.09179688,-,181.3999939,-,816,-,42.35564423,-71.07185364,-,2.88000011,-,6.83508301
Mon May 08 09:16:30 EDT 2017,08-May-2017 09:17:59.505,-71.07189054,42.35563128,2.83,3.0,-27.0,252.7,5.05954695,-0.37050271,7.62852526,-0.05471802,30.19607925,-0.06580037,0.18377513,-0.01976864,-0.15338995,13.66999435,1006.08789062,-,181.3999939,-,1286,-,42.35563278,-71.07189178,-,3.26999998,-,6.83508301
Mon May 08 09:16:31 EDT 2017,08-May-2017 09:18:00.505,-71.07191987,42.35562553,2.77,3.0,-27.0,252.6,4.98712206,0.0059855,7.4411788,-0.07546705,30.19607925,-0.03355424,0.1274589,-0.05893982,-0.08462688,14.43487167,1006.04223633,-,183.19999695,-,1286,-,42.35562515,-71.0719223,-,3.26999998,-,5.59234095
Mon May 08 09:16:32 EDT 2017,08-May-2017 09:18:01.507,-71.07195417,42.35561211,2.75,3.0,-27.0,251.7,5.90649557,0.31783026,6.47571707,-0.03591797,30.19607925,-0.10565241,0.27011034,0.05039782,-0.27090353,14.43487167,1006.03271484,-,183.19999695,-,1243,-,42.35561371,-71.07195282,-,8.60999966,-,6.83508301
Mon May 08 09:16:33 EDT 2017,08-May-2017 09:18:02.506,-71.07200278,42.35560722,3.56,4.0,-26.0,255.1,6.0782795,-0.17776948,7.05870533,-0.04709736,33.72549057,-0.04995278,0.28762147,-0.00012203,-0.21147557,14.52593994,1005.99121094,-,183.19999695,-,1243,-,42.35560608,-71.07200623,-,14.82999992,-,6.83508301
Mon May 08 09:16:34 EDT 2017,08-May-2017 09:18:03.506,-71.07206738,42.35559147,4.77,3.0,-28.0,249.2,4.22277308,-0.2765303,7.19218206,-0.13795602,33.72549057,-0.03564381,0.12160154,-0.08810466,-0.0870064,14.27741051,1006.01464844,-,183.19999695,-,2131,-,42.35559082,-71.07206726,-,14.82999992,-,10.56331062
Mon May 08 09:16:35 EDT 2017,08-May-2017 09:18:04.505,-71.07212516,42.35557386,4.98,3.0,-28.0,247.5,4.2814312,-0.20410569,8.67299557,-0.00242579,31.37254906,-0.01349024,0.1044565,-0.00280666,-0.04692,14.27741051,1006.00317383,-,183.19999695,-,934,-,42.35557556,-71.0721283,-,4.11000013,-,10.56331062
Mon May 08 09:16:36 EDT 2017,08-May-2017 09:18:05.507,-71.0721846,42.35555549,4.8,3.0,-27.0,246.5,5.46416664,0.30107087,7.32865143,-0.0454266,32.54901886,-0.05100693,0.2250818,0.05210622,-0.1638844,29.39955139,1006.02197266,-,183.19999695,-,1255,-,42.35555649,-71.0721817,-,8.14999962,-,10.56331062
Mon May 08 09:16:37 EDT 2017,08-May-2017 09:18:06.507,-71.0722406,42.35553148,5.48,3.0,-27.0,241.1,4.88596725,2.02489614,8.03015232,-0.04635231,33.72549057,-0.09658122,0.12953337,0.12434717,-0.162054,14.06073189,1006.00073242,-,183.19999695,-,1255,-,42.35552979,-71.07224274,-,8.14999962,-,11.80605221
Mon May 08 09:16:38 EDT 2017,08-May-2017 09:18:07.507,-71.07229499,42.35549134,6.24,4.0,-27.0,227.1,4.23115301,1.8567034,8.80826759,0.02532965,33.72549057,0.01427464,0.0993313,0.20726562,-0.0331308,14.06073189,1005.98779297,-,181.3999939,-,1604,-,42.35549164,-71.07229614,-,3.91000009,-,11.80605221
Mon May 08 09:16:39 EDT 2017,08-May-2017 09:18:08.505,-71.07233425,42.35544141,6.0,4.0,-26.0,209.6,4.77583361,1.62745857,7.48966169,-0.06804538,33.33333206,-0.07288996,0.1428955,0.20976719,-0.15857621,29.39955139,1006.00585938,-,181.3999939,-,1604,-,42.35544205,-71.07233429,-,3.91000009,-,13.67016602
Mon May 08 09:16:40 EDT 2017,08-May-2017 09:18:09.504,-71.07232959,42.35538611,5.83,4.0,-26.0,184.5,5.7963624,1.84652805,5.11760616,0.02084893,33.33333206,-0.05784124,0.28164208,0.04832334,-0.21714993,13.95396423,1006.00756836,-,181.3999939,-,1604,-,42.35538483,-71.07232666,-,17.12000084,-,13.67016602
Mon May 08 09:16:41 EDT 2017,08-May-2017 09:18:10.505,-71.07230895,42.35531158,7.41,3.0,-26.0,169.5,5.94001436,0.11133038,5.71196651,-0.02797729,35.68627548,-0.13492964,0.22953583,0.04637088,-0.27395427,13.95396423,1005.97241211,-,181.3999939,-,1855,-,42.35531235,-71.0723114,-,19.53000069,-,17.39839363
Mon May 08 09:16:42 EDT 2017,08-May-2017 09:18:11.514,-71.07227291,42.35523032,8.74,4.0,-26.0,160.9,6.42663574,-0.68593878,7.00124454,-0.04597101,38.4313736,-0.02837802,0.32313177,-0.05192318,-0.21733294,13.78259563,1005.84619141,-,181.3999939,-,1855,-,42.35522842,-71.07227325,-,36.61000061,-,17.39839363
Mon May 08 09:16:43 EDT 2017,08-May-2017 09:18:12.506,-71.07224347,42.35513609,10.56,4.0,-25.0,160.8,4.3849802,-0.52073884,7.88470459,-0.06739348,31.76470566,-0.07848011,0.11501195,-0.03508323,-0.12727585,15.10958004,1005.91162109,-,181.3999939,-,2613,-,42.35513687,-71.07224274,-,36.61000061,-,23.61210442
Mon May 08 09:16:44 EDT 2017,08-May-2017 09:18:13.505,-71.07220454,42.35504511,10.86,5.0,-25.0,160.3,5.06014538,-1.42634571,8.04032803,-0.0093345,31.76470566,-0.13846311,0.18957144,-0.0660785,-0.25082979,15.10958004,1005.90576172,-,181.3999939,-,1857,-,42.35504532,-71.07220459,-,12.07999992,-,23.61210442
Mon May 08 09:16:45 EDT 2017,08-May-2017 09:18:14.505,-71.07216036,42.35494615,11.28,5.0,-25.0,160.2,4.61183119,-1.43053555,7.21612406,-0.05092643,32.54901886,-0.11461933,0.13813642,-0.12782499,-0.1954288,15.03690434,1005.87426758,-,181.3999939,-,1857,-,42.35494614,-71.07215881,-,12.07999992,-,25.47621918
Mon May 08 09:16:46 EDT 2017,08-May-2017 09:18:15.506,-71.07212549,42.35485923,11.57,5.0,-24.0,160.7,4.88476992,-1.38384855,8.87949562,-0.0160156,32.54901886,-0.08248696,0.12135749,-0.02263631,-0.13471957,15.03690434,1005.88867188,-,181.3999939,-,1915,-,42.3548584,-71.0721283,-,6.9000001,-,25.47621918
Mon May 08 09:16:47 EDT 2017,08-May-2017 09:18:16.513,-71.07208711,42.35475601,11.68,5.0,-24.0,161.2,3.75530529,-0.74758947,7.87692356,-0.09580958,30.98039246,0.00730928,0.22489876,-0.05155709,-0.09493823,14.48018169,1005.87402344,-,179.6000061,-,1915,-,42.3547554,-71.07209015,-,6.9000001,-,25.47621918
Mon May 08 09:16:48 EDT 2017,08-May-2017 09:18:17.506,-71.07204672,42.35465483,11.28,5.0,-24.0,161.1,4.2598834,-0.48841715,8.60895061,-0.00820625,30.98039246,-0.01927266,0.10225999,-0.03178846,-0.05344854,29.39955139,1005.87451172,-,179.6000061,-,1850,-,42.35465622,-71.07204437,-,4.46000004,-,24.23347664
Mon May 08 09:16:49 EDT 2017,08-May-2017 09:18:18.510,-71.07199763,42.35455743,10.92,4.0,-23.0,160.5,3.96838927,-0.04010288,8.03314495,-0.07524759,30.98039246,-0.13996172,0.076756,-0.02452775,-0.17584324,29.39955139,1005.89672852,-,179.6000061,-,1734,-,42.35455704,-71.0719986,-,4.23000002,-,24.23347664
Mon May 08 09:16:50 EDT 2017,08-May-2017 09:18:19.505,-71.07195678,42.3544609,10.34,4.0,-22.0,160.6,3.12682748,0.60154319,8.57603073,-0.03417205,30.58823586,-0.01303391,0.01568067,0.03404599,-0.00780982,29.39955139,1005.93945312,-,179.6000061,-,1734,-,42.35446167,-71.07196045,-,4.23000002,-,22.9907341
Mon May 08 09:16:51 EDT 2017,08-May-2017 09:18:20.506,-71.07192517,42.35438192,9.58,4.0,-22.0,160.0,3.46321273,-0.69731122,7.30770206,-0.04895191,30.58823586,-0.17231579,0.02104993,-0.05308245,-0.18609364,29.39955139,1005.93139648,-,179.6000061,-,836,-,42.35438156,-71.0719223,-,4.76000023,-,19.26250648
Mon May 08 09:16:52 EDT 2017,08-May-2017 09:18:21.512,-71.07188927,42.35430736,8.54,4.0,-23.0,160.0,3.52606058,-0.28490999,7.62493372,-0.13176006,30.58823586,-0.05760021,-0.02312444,-0.02965295,-0.04228286,15.15623474,1005.96875,-,181.3999939,-,836,-,42.35430908,-71.07189178,-,3.82999992,-,19.26250648
Mon May 08 09:16:53 EDT 2017,08-May-2017 09:18:22.523,-71.07186725,42.35424871,6.93,4.0,-24.0,160.0,2.93229842,-1.28329206,9.20091724,0.00444621,30.58823586,-0.0066159,-0.03306977,-0.11281546,0.00689465,14.14013577,1005.97387695,-,181.3999939,-,808,-,42.35424805,-71.0718689,-,3.82999992,-,14.91290855
Mon May 08 09:16:54 EDT 2017,08-May-2017 09:18:23.507,-71.07183871,42.3541968,5.67,4.0,-23.0,159.1,3.72597647,-0.38905779,9.29608631,-0.04767294,30.58823586,0.02201552,0.04783522,-0.02166008,0.01659588,14.14013577,1006.04003906,-,181.3999939,-,809,-,42.35419846,-71.07183838,-,3.91000009,-,9.32056808
Mon May 08 09:16:55 EDT 2017,08-May-2017 09:18:24.505,-71.07182395,42.35415138,4.07,4.0,-23.0,158.5,4.18147326,-0.53929394,8.82203484,-0.05235606,30.58823586,-0.10655481,0.03807292,-0.04386929,-0.12050326,13.44613934,1006.05322266,-,181.3999939,-,809,-,42.35415268,-71.07182312,-,3.91000009,-,9.32056808
Mon May 08 09:16:56 EDT 2017,08-May-2017 09:18:25.506,-71.07181276,42.35412889,2.54,3.0,-23.0,153.8,3.8714242,-0.64583594,8.04631329,-0.06651101,30.58823586,-0.08709377,0.0626617,-0.04783522,-0.11080198,13.67537785,1005.91259766,-,181.3999939,-,803,-,42.35412979,-71.07181549,-,4.03000021,-,4.97096968
Mon May 08 09:16:57 EDT 2017,08-May-2017 09:18:26.506,-71.07179835,42.35410731,2.07,4.0,-23.0,159.7,3.81815314,-0.57879823,8.60954952,-0.02672547,30.19607925,-0.03779826,0.05723142,-0.04100161,-0.05338748,13.67537785,1005.99682617,-,181.3999939,-,817,-,42.3541069,-71.07180023,-,2.8499999,-,4.97096968
Mon May 08 09:16:58 EDT 2017,08-May-2017 09:18:27.509,-71.0717943,42.35409992,1.15,3.0,-22.0,159.7,3.90314722,-0.5315128,8.12472343,-0.0681811,30.19607925,-0.08349238,0.05058085,-0.03471714,-0.10018548,13.59238529,1005.97460938,-,181.3999939,-,817,-,42.35409927,-71.0717926,-,2.8499999,-,3.10685587
Mon May 08 09:16:59 EDT 2017,08-May-2017 09:18:28.506,-71.07178855,42.35409411,0.24,4.0,-22.0,159.7,4.48673391,-0.62488663,7.70813227,-0.06992326,30.19607925,-0.08829976,0.12538441,-0.04569972,-0.14527507,13.59238529,1005.94555664,-,181.3999939,-,805,-,42.35409546,-71.07178497,-,2.81999993,-,0
Mon May 08 09:17:00 EDT 2017,08-May-2017 09:18:29.505,-71.07178601,42.35409627,0.0,3.0,-22.0,0.0,4.62619638,-0.38666359,8.06486797,-0.05195281,30.19607925,-0.0510978,0.13960075,-0.02141602,-0.10891058,13.61616135,1006.00195312,-,181.3999939,-,805,-,42.35409546,-71.07178497,-,2.79999995,-,0
Mon May 08 09:17:01 EDT 2017,08-May-2017 09:18:30.508,-71.07177912,42.35409312,0.0,3.0,-22.0,0.0,4.74590635,-0.48123455,8.00142193,-0.03900957,30.19607925,-0.1155576,0.1134256,-0.04271002,-0.16968077,13.76106262,1005.98828125,-,181.3999939,-,804,-,42.35409164,-71.07177734,-,2.79999995,-,0
Mon May 08 09:17:02 EDT 2017,08-May-2017 09:18:31.520,-71.07177461,42.3540852,0.0,3.0,-22.0,0.0,4.72435856,-0.46627077,8.33122349,-0.01114088,30.19607925,-0.1046399,0.12349294,-0.04490653,-0.16309123,13.76106262,1005.97265625,-,181.3999939,-,792,-,42.35408401,-71.07177734,-,2.53999996,-,0
Mon May 08 09:17:03 EDT 2017,08-May-2017 09:18:32.508,-71.07176939,42.35408024,0.0,3.0,-22.0,0.0,4.38857174,-0.51355624,7.80330181,-0.07448745,30.19607925,-0.08557652,0.11537806,-0.03435105,-0.13557379,13.48472023,1005.97558594,-,181.3999939,-,792,-,42.3540802,-71.07176971,-,2.53999996,-,0
Mon May 08 09:17:04 EDT 2017,08-May-2017 09:18:33.522,-71.07176553,42.35407682,0.0,3.0,-22.0,0.0,4.64654684,-0.4417302,8.05229855,-0.063614,30.19607925,-0.03349455,0.14698347,-0.03105628,-0.09335188,13.67268658,1005.98266602,-,181.3999939,-,783,-,42.35407639,-71.07176208,-,2.6500001,-,0
