Mon May 08 09:17:05 EDT 2017,08-May-2017 09:18:34.505,-71.07176198,42.35407478,0.0,3.0,-23.0,0.0,4.64415264,-0.44651863,7.94216537,-0.06766638,30.19607925,-0.06072277,0.14143115,-0.02751745,-0.12141848,13.67268658,1005.97973633,-,181.3999939,-,780,-,42.35407639,-71.07176208,-,2.51999998,-,0
Mon May 08 09:17:06 EDT 2017,08-May-2017 09:18:35.507,-71.07175675,42.35407492,0.0,3.0,-22.0,0.0,4.57711506,-0.50517654,8.08761311,-0.03990346,30.19607925,-0.0910223,0.12758091,-0.03429004,-0.14887492,13.57713318,1005.93188477,-,183.19999695,-,780,-,42.35407639,-71.07175446,-,2.51999998,-,0
Mon May 08 09:17:07 EDT 2017,08-May-2017 09:18:36.505,-71.07175412,42.35407473,0.0,3.0,-22.0,0.0,4.48493814,-0.57999533,7.6847887,-0.07966167,30.19607925,-0.06157271,0.1342925,-0.03032411,-0.11842875,13.57713318,1006.00219727,-,183.19999695,-,782,-,42.35407639,-71.07175446,-,2.51999998,-,0
Mon May 08 09:17:08 EDT 2017,08-May-2017 09:18:37.512,-71.07175049,42.35407405,0.0,3.0,-21.0,0.0,4.67827034,-0.44831428,8.1606369,-0.06313222,30.19607925,-0.11649151,0.11629329,-0.04161176,-0.1723654,13.69018173,1005.9675293,-,183.19999695,-,782,-,42.35407257,-71.07174683,-,2.58999991,-,0
Mon May 08 09:17:09 EDT 2017,08-May-2017 09:18:38.508,-71.07174772,42.35406931,0.0,3.0,-21.0,0.0,4.46099615,-0.66738373,7.49564695,-0.07180467,30.19607925,-0.10793417,0.12276077,-0.05003174,-0.16693515,13.58834839,1005.95092773,-,183.19999695,-,782,-,42.35406876,-71.07174683,-,2.58999991,-,0
Mon May 08 09:17:10 EDT 2017,08-May-2017 09:18:39.506,-71.07174717,42.35406821,0.0,3.0,-21.0,0.0,4.43166733,-0.58358669,7.86914253,-0.06606418,30.19607925,-0.04698231,0.13807537,-0.03551033,-0.10409039,13.58834839,1005.98144531,-,183.19999695,-,766,-,42.35406876,-71.07174683,-,2.58999991,-,0
Mon May 08 09:17:11 EDT 2017,08-May-2017 09:18:40.510,-71.07174631,42.35406827,0.0,3.0,-21.0,0.0,4.6674962,-0.52133745,7.87512779,-0.05391574,30.19607925,-0.10576259,0.12263877,-0.04252698,-0.1637014,14.32989788,1005.93139648,-,183.19999695,-,775,-,42.35406876,-71.07174683,-,2.56999993,-,0
Mon May 08 09:17:12 EDT 2017,08-May-2017 09:18:41.511,-71.07174611,42.35406822,0.0,3.0,-21.0,0.0,4.47655869,-0.59316349,7.56807137,-0.06988785,30.19607925,-0.10133477,0.12434717,-0.04246596,-0.15955243,14.62418556,1005.99633789,-,183.19999695,-,768,-,42.35406876,-71.07174683,-,2.68000007,-,0
Mon May 08 09:17:13 EDT 2017,08-May-2017 09:18:42.513,-71.07174605,42.35406821,0.0,3.0,-21.0,0.0,4.43406153,-0.63206923,7.49804115,-0.06877141,30.19607925,-0.0312551,0.14521407,-0.02757847,-0.08956897,14.75876713,1005.99829102,-,183.19999695,-,768,-,42.35406876,-71.07174683,-,2.68000007,-,0
Mon May 08 09:17:14 EDT 2017,08-May-2017 09:18:43.506,-71.071746,42.35406821,0.0,3.0,-21.0,0.0,4.40533113,-0.58238959,7.41903257,-0.10704774,30.19607925,-0.03561083,0.14661741,-0.02831064,-0.09542634,14.75876713,1005.98510742,-,183.19999695,-,776,-,42.35406876,-71.07174683,-,2.6500001,-,0
Mon May 08 09:17:15 EDT 2017,08-May-2017 09:18:44.538,-71.07174597,42.3540682,0.0,3.0,-21.0,0.0,4.55736303,-0.4441244,7.72309637,-0.07336164,30.19607925,-0.05520575,0.14216334,-0.03532729,-0.11592717,14.69999981,1005.98242188,-,183.19999695,-,776,-,42.35406876,-71.07174683,-,2.6500001,-,0
Mon May 08 09:17:16 EDT 2017,08-May-2017 09:18:45.518,-71.07174596,42.35406819,0.0,3.0,-21.0,0.0,4.73094273,-0.44592008,8.08821201,-0.03234762,30.19607925,-0.0434223,0.15027826,-0.02745644,-0.10653096,14.77581501,1006.00732422,-,183.19999695,-,775,-,42.35406876,-71.07174683,-,2.74000001,-,0
Mon May 08 09:17:17 EDT 2017,08-May-2017 09:18:46.516,-71.07174593,42.35406819,0.0,3.0,-21.0,0.0,4.5226469,-0.58179098,7.68598604,-0.06729841,30.19607925,-0.06336853,0.13752624,-0.03911017,-0.12294383,14.77581501,1006.01660156,-,183.19999695,-,777,-,42.35406876,-71.07174683,-,2.76999998,-,0
Mon May 08 09:17:18 EDT 2017,08-May-2017 09:18:47.515,-71.07174591,42.35406819,0.0,3.0,-21.0,0.0,4.26646757,-0.65122288,7.28136587,-0.07338208,30.19607925,-0.1368771,0.10293116,-0.04838435,-0.18877827,14.74396324,1005.96533203,-,183.19999695,-,777,-,42.35406876,-71.07174683,-,3.86999989,-,0
Mon May 08 09:17:19 EDT 2017,08-May-2017 09:18:48.513,-71.07174587,42.3540682,0.0,3.0,-21.0,0.0,4.80217028,-0.43155485,8.6568346,0.02149087,30.19607925,-0.14329635,0.12117442,-0.05320448,-0.20781471,15.45904541,1006.01977539,-,183.19999695,-,745,-,42.35406876,-71.07174683,-,3.86999989,-,0
Mon May 08 09:17:20 EDT 2017,08-May-2017 09:18:49.506,-71.07174585,42.35406821,0.0,3.0,-21.0,0.0,4.61063385,-0.2693477,7.66802931,-0.07611251,30.58823586,-0.08720209,0.13801436,-0.00945722,-0.14936304,15.45904541,1006.0534668,-,181.3999939,-,788,-,42.35406876,-71.07174683,-,3.6400001,-,0
Mon May 08 09:17:21 EDT 2017,08-May-2017 09:18:50.511,-71.07174582,42.35406818,0.0,3.0,-21.0,0.0,4.25389767,-0.73262572,7.23647451,-0.05709702,30.58823586,-0.14077821,0.10164982,-0.0566823,-0.19335435,14.71166325,1005.99682617,-,181.3999939,-,788,-,42.35406876,-71.07174683,-,3.6400001,-,0
Mon May 08 09:17:22 EDT 2017,08-May-2017 09:18:51.512,-71.07174578,42.35406819,0.0,3.0,-21.0,0.0,4.89913511,-0.5009867,8.66281986,-0.05816267,30.58823586,0.01612536,0.16742325,-0.03306976,-0.04795728,14.82426453,1006.01123047,-,181.3999939,-,775,-,42.35406876,-71.07174683,-,3.55999994,-,0
Mon May 08 09:17:23 EDT 2017,08-May-2017 09:18:52.511,-71.07174578,42.35406819,0.0,3.0,-21.0,0.0,4.88596725,-0.32980129,8.43956089,0.00604349,30.58823586,-0.15880758,0.0942061,-0.05649925,-0.20995022,14.82426453,1006.01782227,-,181.3999939,-,775,-,42.35406876,-71.07174683,-,3.52999997,-,0
Mon May 08 09:17:24 EDT 2017,08-May-2017 09:18:53.514,-71.07174577,42.35406818,0.0,3.0,-21.0,0.0,4.61362648,-0.57879823,8.07444477,-0.03879488,30.19607925,-0.06554366,0.14368872,-0.02800557,-0.12837408,14.70672894,1005.99389648,-,181.3999939,-,772,-,42.35406876,-71.07174683,-,2.6500001,-,0
Mon May 08 09:17:25 EDT 2017,08-May-2017 09:18:54.506,-71.07174578,42.35406821,0.0,3.0,-21.0,0.0,4.63816738,-0.46088383,8.01219559,-0.06496365,30.19607925,-0.11063744,0.12080832,-0.05094695,-0.16900966,14.76056194,1005.95849609,-,181.3999939,-,813,-,42.35406876,-71.07174683,-,2.6500001,-,0
Mon May 08 09:17:26 EDT 2017,08-May-2017 09:18:55.511,-71.07174578,42.35406821,0.0,3.0,-21.0,0.0,4.69323397,-0.50876784,8.04691219,-0.05668347,30.19607925,-0.04866392,0.14643435,-0.03386294,-0.11074093,14.76056194,1006.02539062,-,181.3999939,-,757,-,42.35406876,-71.07174683,-,2.49000001,-,0
Mon May 08 09:17:27 EDT 2017,08-May-2017 09:18:56.515,-71.07174581,42.35406822,0.0,3.0,-21.0,0.0,4.68964243,-0.47046062,8.10437298,-0.06184408,30.19607925,-0.11363355,0.12080832,-0.04728609,-0.1721824,14.66680241,1006.03881836,-,181.3999939,-,757,-,42.35406876,-71.07174683,-,2.49000001,-,0
Mon May 08 09:17:28 EDT 2017,08-May-2017 09:18:57.513,-71.07174583,42.35406825,0.0,3.0,-21.0,0.0,4.60045862,-0.51475334,7.92241335,-0.05325526,30.19607925,-0.08209691,0.13087571,-0.02959194,-0.14014988,14.66680241,1006.00366211,-,181.3999939,-,782,-,42.35406876,-71.07174683,-,2.58999991,-,0
Mon May 08 09:17:29 EDT 2017,08-May-2017 09:18:58.509,-71.07174583,42.35406824,0.0,3.0,-21.0,0.0,4.61602068,-0.43873745,7.99244404,-0.04669327,30.19607925,-0.05777288,0.13856348,-0.02672427,-0.11629324,14.82919884,1006.02954102,-,181.3999939,-,782,-,42.35406876,-71.07174683,-,2.6500001,-,0
Mon May 08 09:17:30 EDT 2017,08-May-2017 09:18:59.509,-71.07174585,42.35406828,0.0,3.0,-21.0,0.0,4.38617754,-0.59795189,7.56507874,-0.06493053,30.19607925,-0.04390432,0.14905797,-0.03221555,-0.10665296,14.75562763,1005.97949219,-,181.3999939,-,775,-,42.35406876,-71.07174683,-,2.6500001,-,0
Mon May 08 09:17:31 EDT 2017,08-May-2017 09:19:00.514,-71.07174586,42.35406826,0.0,3.0,-21.0,0.0,4.52563953,-0.59615624,7.52617311,-0.07161774,30.19607925,-0.05659107,0.13276716,-0.03270367,-0.11196126,14.75562763,1006.00415039,-,181.3999939,-,774,-,42.35406876,-71.07174683,-,2.71000004,-,0
Mon May 08 09:17:31 EDT 2017,08-May-2017 09:19:01.505,-71.07174586,42.35406826,0.0,3.0,-21.0,0.0,4.66689777,-0.49320555,8.08581734,-0.0355925,30.19607925,-0.10362297,0.12562846,-0.03215454,-0.16223705,14.71839333,1006.01025391,-,181.3999939,-,774,-,42.35406876,-71.07174683,-,2.71000004,-,0
Mon May 08 09:17:33 EDT 2017,08-May-2017 09:19:02.505,-71.07174588,42.3540683,0.0,3.0,-21.0,0.0,4.561553,-0.5374983,7.94515848,-0.05309755,30.19607925,-0.06417932,0.13301122,-0.03679163,-0.12111337,14.8134985,1006.00170898,-,181.3999939,-,779,-,42.35406876,-71.07174683,-,2.76999998,-,0
Mon May 08 09:17:34 EDT 2017,08-May-2017 09:19:03.511,-71.07174588,42.35406832,0.0,3.0,-21.0,0.0,4.43166733,-0.65122288,7.45674133,-0.10188472,30.19607925,-0.04213903,0.14252944,-0.03245961,-0.10085665,14.8134985,1005.99975586,-,181.3999939,-,779,-,42.35406876,-71.07174683,-,2.74000001,-,0
Mon May 08 09:17:35 EDT 2017,08-May-2017 09:19:04.515,-71.0717459,42.35406833,0.0,3.0,-21.0,0.0,4.56334829,-0.5303157,7.57704973,-0.06758817,30.19607925,-0.0885372,0.12477428,-0.03618149,-0.1444819,14.75562763,1005.97460938,-,181.3999939,-,780,-,42.35406876,-71.07174683,-,2.74000001,-,0
Mon May 08 09:17:36 EDT 2017,08-May-2017 09:19:05.507,-71.07174591,42.35406834,0.0,3.0,-21.0,0.0,4.39635277,-0.62548518,7.45374823,-0.06660265,30.19607925,-0.11526754,0.11617123,-0.04576073,-0.17120616,14.95391178,1005.94482422,-,181.3999939,-,785,-,42.35406876,-71.07174683,-,2.58999991,-,0
Mon May 08 09:17:37 EDT 2017,08-May-2017 09:19:06.516,-71.07174589,42.35406828,0.0,3.0,-21.0,0.0,4.57292509,-0.52073884,7.61595583,-0.08150095,30.19607925,-0.07451366,0.12343194,-0.03142237,-0.1272148,14.95391178,1005.97265625,-,181.3999939,-,781,-,42.35406876,-71.07174683,-,2.6500001,-,0
Mon May 08 09:17:38 EDT 2017,08-May-2017 09:19:07.505,-71.07174591,42.35406828,0.0,3.0,-21.0,0.0,4.44842672,-0.4830302,7.5764513,-0.07026418,30.19607925,-0.08165775,0.12837408,-0.029836,-0.13819742,14.86553574,1005.97729492,-,181.3999939,-,781,-,42.35406876,-71.07174683,-,2.61999989,-,0
Mon May 08 09:17:39 EDT 2017,08-May-2017 09:19:08.512,-71.07174597,42.35406824,0.0,3.0,-21.0,0.0,6.16925907,0.31663316,8.9124155,-0.0591348,30.19607925,0.10577472,0.29689562,0.05027579,-0.02251429,14.88796616,1005.92602539,-,181.3999939,-,788,-,42.35406876,-71.07174683,-,2.61999989,-,0
Mon May 08 09:17:40 EDT 2017,08-May-2017 09:19:09.511,-71.07174426,42.35406548,0.57,3.0,-21.0,159.7,5.91966391,0.44352585,9.25897694,0.09323603,30.58823586,0.14231077,0.36126572,0.02904281,-0.02367358,14.88796616,1005.87939453,-,181.3999939,-,1220,-,42.35406494,-71.07174683,-,5.73999977,-,0
Mon May 08 09:17:41 EDT 2017,08-May-2017 09:19:10.509,-71.07173047,42.35403752,2.57,3.0,-21.0,157.8,6.27939272,-0.84515321,6.85160685,0.07278734,34.90196228,-0.12097372,0.25174502,-0.0132401,-0.27493048,14.12039852,1005.97924805,-,181.3999939,-,1220,-,42.35403824,-71.07173157,-,5.73999977,-,4.97096968
Mon May 08 09:17:42 EDT 2017,08-May-2017 09:19:11.507,-71.07171917,42.35400797,3.36,4.0,-21.0,162.5,6.6211648,-0.98820674,7.44058037,-0.04461048,34.90196228,0.02062646,0.34296143,-0.0827354,-0.17254846,14.12039852,1005.97509766,-,181.3999939,-,2172,-,42.35400772,-71.07171631,-,17.45000076,-,11.18468189
Mon May 08 09:17:43 EDT 2017,08-May-2017 09:19:12.512,-71.07171503,42.35397423,3.79,4.0,-19.0,164.5,5.14394236,0.46088383,8.02835655,0.09036134,31.76470566,-0.04794574,0.28756046,-0.06369894,-0.21318397,14.48556614,1005.91162109,-,181.3999939,-,2172,-,42.35397339,-71.07171631,-,22.23999977,-,11.18468189
Mon May 08 09:17:44 EDT 2017,08-May-2017 09:19:13.505,-71.07168282,42.35389528,6.53,3.0,-18.0,161.2,5.81252337,-0.9475053,6.81569386,-0.02357391,37.25490189,-0.03271762,0.20805882,0.01726705,-0.12892321,14.77087975,1005.90673828,-,181.3999939,-,1778,-,42.35389709,-71.07168579,-,22.23999977,-,15.53427982
Mon May 08 09:17:45 EDT 2017,08-May-2017 09:19:14.504,-71.07164714,42.35382543,8.31,4.0,-18.0,160.6,5.60901594,-0.86670101,6.77738667,-0.08747971,37.25490189,-0.0985732,0.23978624,-0.0703495,-0.2401523,14.77087975,1006.0065918,-,179.6000061,-,2298,-,42.35382462,-71.07164764,-,25.87999916,-,15.53427982
Mon May 08 09:17:46 EDT 2017,08-May-2017 09:19:15.505,-71.07160808,42.35374735,9.56,3.0,-19.0,160.5,4.16172123,-0.61171854,6.8964982,-0.1651423,31.76470566,-0.06579103,0.14753258,-0.04856739,-0.13240105,14.41109657,1005.9621582,-,179.6000061,-,2298,-,42.35374832,-71.0716095,-,25.87999916,-,20.50524902
Mon May 08 09:17:47 EDT 2017,08-May-2017 09:19:16.505,-71.07156554,42.35366703,9.6,3.0,-19.0,159.7,5.65809727,-1.30244577,7.59859753,0.00330169,31.76470566,-0.02485529,0.24478942,-0.11476792,-0.15644069,14.41109657,1005.88647461,-,179.6000061,-,1554,-,42.35366821,-71.07156372,-,10.56000042,-,21.12662125
Mon May 08 09:17:48 EDT 2017,08-May-2017 09:19:17.506,-71.0715233,42.35358213,10.16,4.0,-20.0,159.7,5.67605352,0.04189853,8.55986977,0.01356381,36.86274719,0.04733694,0.24661982,0.02227022,-0.05845168,14.79331017,1005.93945312,-,179.6000061,-,1554,-,42.35358047,-71.07152557,-,20.80999947,-,21.12662125
Mon May 08 09:17:49 EDT 2017,08-May-2017 09:19:18.507,-71.07147705,42.3534999,11.25,3.0,-23.0,160.6,5.21935987,-0.25498247,7.47888756,-0.0585658,32.94117737,-0.14397974,0.14716652,-0.03319179,-0.22386147,14.20428753,1005.83666992,-,179.6000061,-,1835,-,42.35350037,-71.0714798,-,20.80999947,-,24.85484695
Mon May 08 09:17:50 EDT 2017,08-May-2017 09:19:19.505,-71.07143482,42.35340158,12.07,3.0,-25.0,161.2,4.90811348,-0.83378077,9.49241161,0.10403186,32.94117737,0.09300377,0.16833848,-0.06699371,0.03660865,14.20428753,1005.9050293,-,179.6000061,-,1835,-,42.35340118,-71.07143402,-,8.14999962,-,24.85484695
Mon May 08 09:17:51 EDT 2017,08-May-2017 09:19:20.505,-71.07138756,42.35329792,11.93,4.0,-24.0,160.4,4.37001657,-0.18195933,8.71669006,-0.05344665,32.15686417,-0.00552397,0.11348661,-0.00054913,-0.04246592,14.68385029,1005.79663086,-,179.6000061,-,1940,-,42.35329819,-71.07138824,-,8.14999962,-,26.09758949
Mon May 08 09:17:52 EDT 2017,08-May-2017 09:19:21.507,-71.07133991,42.3532014,11.58,5.0,-24.0,160.8,4.20361948,-0.30346507,5.55454779,0.00399895,32.15686417,-0.07517057,0.0234295,-0.32923323,-0.1513765,14.68385029,1005.89331055,-,179.6000061,-,1952,-,42.35320282,-71.07134247,-,4.86000013,-,26.09758949
Mon May 08 09:17:53 EDT 2017,08-May-2017 09:19:22.506,-71.07129399,42.35310215,11.75,4.0,-24.0,161.6,4.46638346,-0.76853877,9.09497356,-0.0367375,30.98039246,0.03619314,0.12330994,-0.06034316,-0.00390491,29.39955139,1005.85498047,-,179.6000061,-,1952,-,42.35310364,-71.07129669,-,4.86000013,-,26.09758949
Mon May 08 09:17:54 EDT 2017,08-May-2017 09:19:23.505,-71.0712501,42.35300223,11.63,4.0,-23.0,163.2,2.54204369,-1.60710788,8.90762711,-0.03022683,30.98039246,-0.00494314,0.21599065,0.00292869,-0.10097865,13.36180115,1005.87988281,-,179.6000061,-,1883,-,42.35300064,-71.07125092,-,10.31999969,-,24.85484695
Mon May 08 09:17:55 EDT 2017,08-May-2017 09:19:24.505,-71.07120938,42.35291338,11.28,4.0,-22.0,161.9,4.12820244,-0.2717419,8.3575592,-0.03798848,30.98039246,-0.01691747,0.11885586,-0.05039782,-0.06046519,13.36180115,1005.84619141,-,179.6000061,-,1832,-,42.3529129,-71.07121277,-,4.46000004,-,24.85484695
Mon May 08 09:17:56 EDT 2017,08-May-2017 09:19:25.504,-71.07116976,42.35281583,11.12,4.0,-22.0,162.1,4.23175144,-0.33937809,7.84340477,-0.06758823,30.98039246,-0.09055322,0.0993923,-0.01659589,-0.13148582,29.39955139,1005.88549805,-,179.6000061,-,1775,-,42.35281754,-71.07116699,-,4.23000002,-,23.61210442
Mon May 08 09:17:57 EDT 2017,08-May-2017 09:19:26.508,-71.07113096,42.35272497,10.83,5.0,-22.0,161.6,4.27245283,-0.90859956,7.13472128,-0.11346686,30.98039246,-0.10520063,0.04716405,-0.08139309,-0.12697074,29.39955139,1005.85498047,-,181.3999939,-,1775,-,42.35272598,-71.07112885,-,4.23000002,-,23.61210442
Mon May 08 09:17:58 EDT 2017,08-May-2017 09:19:27.505,-71.07108854,42.35262768,10.43,4.0,-22.0,161.5,5.00627565,0.05566519,7.34900188,-0.08214194,30.98039246,-0.03626622,0.18102944,-0.04014742,-0.11763558,14.90546322,1005.93823242,-,181.3999939,-,1680,-,42.3526268,-71.0710907,-,4.11000013,-,21.74799156
Mon May 08 09:17:59 EDT 2017,08-May-2017 09:19:28.508,-71.07106533,42.35253805,10.01,5.0,-22.0,165.3,4.33709621,-0.48123455,7.48367596,-0.1055212,34.90196228,-0.11662088,0.11013081,-0.03105628,-0.16815543,14.90546322,1005.92871094,-,181.3999939,-,1680,-,42.35253906,-71.07106781,-,11.44999981,-,21.74799156
Mon May 08 09:18:00 EDT 2017,08-May-2017 09:19:29.506,-71.07100482,42.35242467,11.55,4.0,-21.0,159.7,4.3849802,-0.54468089,7.71950483,-0.08190262,30.98039246,-0.17008859,0.01873139,-0.04661493,-0.18194467,13.46542931,1005.95654297,-,181.3999939,-,1794,-,42.35242462,-71.07100677,-,11.44999981,-,24.23347664
Mon May 08 09:18:01 EDT 2017,08-May-2017 09:19:30.507,-71.07095779,42.35232144,10.84,3.0,-22.0,160.8,3.95462275,0.05267244,8.48385334,-0.06221868,30.98039246,-0.02983203,0.07156978,0.06418706,-0.05033679,13.46542931,1005.86206055,-,181.3999939,-,1753,-,42.35232162,-71.070961,-,4.26999998,-,22.9907341
Mon May 08 09:18:02 EDT 2017,08-May-2017 09:19:31.506,-71.07091897,42.35223785,10.5,4.0,-22.0,160.5,3.56915617,-0.34775779,7.8613615,-0.08762021,30.98039246,-0.0567683,0.11916097,-0.0294089,-0.10439545,29.39955139,1005.90014648,-,181.3999939,-,1753,-,42.3522377,-71.07091522,-,4.03000021,-,22.9907341
Mon May 08 09:18:03 EDT 2017,08-May-2017 09:19:32.511,-71.070874,42.35215808,9.97,4.0,-21.0,159.9,3.1465795,-0.35972881,8.32583618,-0.08056027,30.58823586,-0.09165137,-0.01122665,-0.01867038,-0.08230831,29.39955139,1005.95507812,-,181.3999939,-,1664,-,42.35215759,-71.07087708,-,4.03000021,-,21.74799156
Mon May 08 09:18:04 EDT 2017,08-May-2017 09:19:33.505,-71.07083192,42.35208089,9.29,4.0,-21.0,160.0,2.82874942,-0.23044191,8.78492451,-0.04751813,30.58823586,-0.12878156,-0.09188756,-0.00445404,-0.09414505,29.39955139,1006.04467773,-,181.3999939,-,1389,-,42.3520813,-71.0708313,-,3.5999999,-,21.74799156
Mon May 08 09:18:05 EDT 2017,08-May-2017 09:19:34.509,-71.07078943,42.35200544,8.36,4.0,-22.0,158.6,3.93008208,-0.98700964,7.90086555,-0.10073364,30.19607925,-0.07520485,0.01714502,-0.02269732,-0.07596283,29.39955139,1006.05664062,-,181.3999939,-,1389,-,42.352005,-71.07079315,-,3.5999999,-,17.39839363
Mon May 08 09:18:06 EDT 2017,08-May-2017 09:19:35.506,-71.07075935,42.35195297,7.23,4.0,-22.0,157.4,4.62021065,0.06105214,9.53730202,-0.04274387,30.19607925,0.08065961,0.1389906,0.02422268,0.04118463,29.39955139,1006.01171875,-,181.3999939,-,862,-,42.3519516,-71.07076263,-,3.05999994,-,14.29153728
Mon May 08 09:18:07 EDT 2017,08-May-2017 09:19:36.507,-71.0707307,42.35190665,6.2,3.0,-22.0,155.8,4.51127434,-0.68953007,7.20235729,-0.07190005,30.19607925,-0.04222115,0.15064432,-0.06876313,-0.10866647,14.9628849,1005.98364258,-,181.3999939,-,862,-,42.35190582,-71.07073212,-,9.69999981,-,14.29153728
Mon May 08 09:18:08 EDT 2017,08-May-2017 09:19:37.508,-71.07070533,42.35185595,5.77,3.0,-22.0,157.4,2.10330629,-0.17357962,8.81066227,-0.06506145,30.19607925,-0.14211343,-0.12977745,-0.02275834,-0.09859913,13.8341856,1005.98291016,-,181.3999939,-,1592,-,42.35185623,-71.0707016,-,9.69999981,-,13.04879475
Mon May 08 09:18:09 EDT 2017,08-May-2017 09:19:38.506,-71.07070207,42.35182326,4.51,4.0,-22.0,163.7,3.43089104,-0.58179098,7.86555099,-0.11184508,30.19607925,-0.05532263,0.00396591,-0.00970128,-0.04887245,13.8341856,1005.96411133,-,181.3999939,-,808,-,42.3518219,-71.0707016,-,2.81999993,-,13.04879475
Mon May 08 09:18:10 EDT 2017,08-May-2017 09:19:39.506,-71.07069018,42.35178808,3.84,5.0,-21.0,161.3,3.90195012,-0.49559975,8.11754131,-0.07246264,30.19607925,-0.08018821,0.06577341,-0.03252063,-0.10354123,14.28638172,1005.99829102,-,181.3999939,-,808,-,42.35178757,-71.07069397,-,2.81999993,-,6.21371174
Mon May 08 09:18:11 EDT 2017,08-May-2017 09:19:40.505,-71.07068446,42.35178186,2.39,5.0,-20.0,161.1,4.91649342,0.43873745,6.80013132,-0.08271508,30.19607925,-0.07671276,0.20519114,-0.00164739,-0.18072438,14.71839333,1005.94262695,-,181.3999939,-,994,-,42.35178375,-71.07068634,-,3.08999991,-,5.59234095
Mon May 08 09:18:12 EDT 2017,08-May-2017 09:19:41.514,-71.07067137,42.35175985,2.35,6.0,-18.0,160.4,4.94881487,-0.91937345,7.62134266,-0.01100892,32.15686417,-0.06413801,0.18170062,-0.03642555,-0.15101038,13.37705421,1005.98193359,-,181.3999939,-,1414,-,42.35176086,-71.07067108,-,6.8499999,-,6.83508301
Mon May 08 09:18:13 EDT 2017,08-May-2017 09:19:42.506,-71.07066472,42.35172341,3.61,6.0,-18.0,172.4,5.10324097,-0.50158525,7.8853035,-0.02978206,32.54901886,-0.04085588,0.18822916,-0.03313077,-0.1272148,13.37705421,1005.94433594,-,181.3999939,-,1742,-,42.35172272,-71.07066345,-,7.51999998,-,6.83508301
Mon May 08 09:18:14 EDT 2017,08-May-2017 09:19:43.506,-71.07065356,42.3516855,3.58,6.0,-18.0,173.4,6.27999115,0.06703765,7.53395414,0.01123059,35.29411697,-0.01845499,0.26199546,0.04618783,-0.15052228,13.68300438,1005.96923828,-,181.3999939,-,1742,-,42.35168457,-71.07065582,-,7.51999998,-,8.69919682
Mon May 08 09:18:15 EDT 2017,08-May-2017 09:19:44.511,-71.07065806,42.35166771,2.39,7.0,-16.0,181.1,3.52426481,-0.2645593,8.08701515,-0.08627074,35.29411697,-0.2006215,0.03886611,0.03483918,-0.22337335,13.68300438,1006.00952148,-,181.3999939,-,2363,-,42.35166931,-71.07065582,-,14.72000027,-,12.42742348
Mon May 08 09:18:16 EDT 2017,08-May-2017 09:19:45.506,-71.07064323,42.35162051,4.5,7.0,-15.0,170.9,3.97976184,-0.01316811,7.59680176,-0.07995968,30.98039246,-0.0911521,0.0741934,-0.01879241,-0.11916092,29.39955139,1005.99487305,-,181.3999939,-,1658,-,42.35161972,-71.07064056,-,4.90999985,-,11.18468189
Mon May 08 09:18:17 EDT 2017,08-May-2017 09:19:46.505,-71.07064206,42.35158697,3.86,7.0,-14.0,186.1,3.66432571,-0.42437226,8.0373354,-0.0871284,30.19607925,-0.09822183,0.04155074,-0.02525993,-0.11171716,29.39955139,1006.03662109,-,181.3999939,-,785,-,42.35158539,-71.07064056,-,3.16000009,-,11.18468189
Mon May 08 09:18:18 EDT 2017,08-May-2017 09:19:47.505,-71.0706299,42.35157665,2.16,7.0,-14.0,175.1,3.8678329,0.33279404,7.32924986,-0.14314502,30.19607925,-0.08249429,0.04807928,-0.03050716,-0.09768385,14.05310631,1006.02563477,-,181.3999939,-,785,-,42.35157776,-71.07063293,-,3.16000009,-,10.56331062
Mon May 08 09:18:19 EDT 2017,08-May-2017 09:19:48.504,-71.07061595,42.35154004,3.2,7.0,-15.0,171.4,4.1730938,-0.42018241,8.66581345,-0.06675199,30.19607925,-0.10659539,0.07870845,-0.02269732,-0.1389906,14.05310631,1006.06762695,-,179.6000061,-,799,-,42.35153961,-71.07061768,-,2.97000003,-,10.56331062
Mon May 08 09:18:20 EDT 2017,08-May-2017 09:19:49.507,-71.07059931,42.35150579,3.2,7.0,-15.0,173.8,4.75847578,-0.78290397,8.21630192,-0.05021543,32.94117737,-0.02851683,0.15308489,-0.0618075,-0.09347388,13.74625778,1006.0390625,-,179.6000061,-,799,-,42.35150528,-71.07060242,-,2.97000003,-,8.07782555
Mon May 08 09:18:21 EDT 2017,08-May-2017 09:19:50.507,-71.07056801,42.35146631,3.98,7.0,-15.0,162.9,6.83903694,0.59795189,6.39491272,-0.01073211,32.94117737,-0.01932581,0.37072295,-0.021294,-0.24857229,13.98671246,1005.98413086,-,179.6000061,-,1770,-,42.35146713,-71.07056427,-,9.85000038,-,9.32056808
Mon May 08 09:18:22 EDT 2017,08-May-2017 09:19:51.505,-71.07052762,42.35141254,5.69,8.0,-16.0,156.9,4.42987156,1.08577049,7.2891469,-0.1120944,39.2156868,0.13995859,0.09969736,0.05045884,0.12312693,13.98671246,1005.93896484,-,179.6000061,-,1770,-,42.35141373,-71.07052612,-,14.21000004,-,9.32056808
Mon May 08 09:18:23 EDT 2017,08-May-2017 09:19:52.507,-71.07048137,42.35137011,5.36,9.0,-15.0,155.4,4.72974539,-1.20847332,8.83221054,0.04009885,35.29411697,0.02904899,0.15015621,-0.10518867,-0.03069013,14.01093769,1005.98779297,-,179.6000061,-,2988,-,42.35137177,-71.07048035,-,14.21000004,-,15.53427982
Mon May 08 09:18:24 EDT 2017,08-May-2017 09:19:53.508,-71.07046133,42.35127086,7.5,8.0,-14.0,158.8,4.01447773,-0.9343372,6.66007042,-0.06626299,35.29411697,-0.06081126,0.12989947,-0.11098503,-0.12385906,14.01093769,1006.00878906,-,179.6000061,-,1985,-,42.35127258,-71.07046509,-,15.35000038,-,15.53427982
Mon May 08 09:18:25 EDT 2017,08-May-2017 09:19:54.509,-71.07043876,42.35118869,7.77,9.0,-14.0,160.4,4.12820244,-0.40821138,6.92642546,-0.0674371,30.98039246,-0.06739216,0.10409039,-0.03343584,-0.10860541,14.5205574,1006.04003906,-,179.6000061,-,1985,-,42.35118866,-71.0704422,-,15.35000038,-,17.39839363
Mon May 08 09:18:26 EDT 2017,08-May-2017 09:19:55.513,-71.07041835,42.3511046,7.48,8.0,-15.0,160.7,3.85406613,0.02513912,8.27974796,-0.05762666,30.98039246,-0.06870996,0.06089227,0.02056182,-0.0870064,14.5205574,1006.08398438,-,179.6000061,-,854,-,42.35110474,-71.07041931,-,3.02999997,-,16.15565109
Mon May 08 09:18:27 EDT 2017,08-May-2017 09:19:56.506,-71.07041457,42.35104302,7.0,8.0,-15.0,166.2,4.27484703,-0.10534488,6.1943984,-0.22131866,30.19607925,-0.23245788,0.10378533,0.0072607,-0.29958025,20.43545723,1005.97949219,-,179.6000061,-,854,-,42.3510437,-71.07041168,-,3.08999991,-,16.15565109
Mon May 08 09:18:28 EDT 2017,08-May-2017 09:19:57.504,-71.07037755,42.35099959,6.67,8.0,-17.0,165.8,5.57609558,-0.61710548,4.28681803,-0.2688753,30.19607925,-0.05398155,0.05619419,-0.01708401,-0.06937324,13.82297039,1006.01953125,-,179.6000061,-,863,-,42.35099792,-71.07038116,-,3.20000005,-,16.15565109
Mon May 08 09:18:29 EDT 2017,08-May-2017 09:19:58.512,-71.070319,42.35093897,7.03,8.0,-17.0,161.5,3.7205894,-1.43891525,11.23359394,0.01261805,30.19607925,-0.20705897,0.00585737,-0.06369894,-0.21861428,13.63769531,1005.95898438,-,179.6000061,-,863,-,42.3509407,-71.07032013,-,3.20000005,-,15.53427982
Mon May 08 09:18:30 EDT 2017,08-May-2017 09:19:59.509,-71.07028935,42.35088282,7.03,9.0,-17.0,161.9,3.92529368,1.19829798,5.30794525,-0.09840304,30.19607925,-0.31581581,0.06815298,0.14014988,-0.38994244,13.63769531,1005.95751953,-,179.6000061,-,898,-,42.35088348,-71.07028961,-,2.88000011,-,15.53427982
Mon May 08 09:18:31 EDT 2017,08-May-2017 09:20:00.508,-71.07026046,42.35082039,7.28,9.0,-18.0,161.0,5.00926828,0.43275195,8.31506252,0.00192231,35.68627548,-0.19451691,0.23801683,0.09658566,-0.36773324,14.75383282,1005.98364258,-,179.6000061,-,898,-,42.35081863,-71.07025909,-,2.88000011,-,15.53427982
Mon May 08 09:18:32 EDT 2017,08-May-2017 09:20:01.506,-71.07023328,42.35075725,7.62,10.0,-18.0,162.6,5.10503674,-0.40940848,6.49726486,-0.14526975,35.68627548,-0.07398016,0.15759997,-0.04496755,-0.14789869,14.49812603,1005.94995117,-,179.6000061,-,1332,-,42.3507576,-71.07023621,-,16.78000069,-,18.64113617
Mon May 08 09:18:33 EDT 2017,08-May-2017 09:20:02.509,-71.0701913,42.35068682,8.32,12.0,-17.0,161.1,4.14855289,-0.22266077,5.12897873,-0.04975966,31.37254906,-0.32693717,0.09091131,-0.0046981,-0.40818572,14.49812603,1006.05932617,-,181.3999939,-,1332,-,42.35068512,-71.07019043,-,3.42000008,-,18.64113617
Mon May 08 09:18:34 EDT 2017,08-May-2017 09:20:03.510,-71.07015652,42.35061283,8.3,12.0,-17.0,163.1,5.59046078,-1.41676891,10.28249741,-0.0410903,30.58823586,-0.15235947,0.05576707,-0.06003808,-0.18163961,25.26428032,1006.01757812,-,181.3999939,-,1426,-,42.35061264,-71.07015991,-,3.42000008,-,18.64113617
Mon May 08 09:18:35 EDT 2017,08-May-2017 09:20:04.505,-71.07011741,42.35052857,8.38,11.0,-16.0,161.4,3.38240838,-1.01214874,7.24784708,-0.16678059,30.58823586,-0.17790116,0.01281299,-0.08517598,-0.19219507,25.26428032,1005.95678711,-,181.3999939,-,1336,-,42.35052872,-71.07011414,-,3.24000001,-,18.64113617
Mon May 08 09:18:36 EDT 2017,08-May-2017 09:20:05.507,-71.07011014,42.35047503,7.67,10.0,-18.0,163.0,4.69742393,-0.45549688,7.35019922,-0.09818965,32.54901886,-0.10928681,0.14686146,-0.02843267,-0.18176162,29.39955139,1005.99926758,-,181.3999939,-,1286,-,42.35047531,-71.07010651,-,6.9000001,-,17.39839363
Mon May 08 09:18:37 EDT 2017,08-May-2017 09:20:06.507,-71.07007948,42.35040112,7.94,9.0,-18.0,163.1,3.98634577,-0.5327099,7.55131197,-0.0851809,30.19607925,-0.19716546,0.06693269,-0.05662128,-0.23862694,14.24735451,1006.02563477,-,181.3999939,-,1286,-,42.35040283,-71.07007599,-,6.9000001,-,17.39839363
Mon May 08 09:18:38 EDT 2017,08-May-2017 09:20:07.509,-71.07004241,42.35034028,7.71,9.0,-19.0,163.3,4.32093573,-0.24420857,7.53874254,0.02357228,30.19607925,-0.11359288,0.10848346,-0.00689462,-0.16254212,14.60848427,1005.98339844,-,181.3999939,-,1262,-,42.3503418,-71.07004547,-,3.16000009,-,16.77702141
Mon May 08 09:18:39 EDT 2017,08-May-2017 09:20:08.508,-71.07003844,42.35028093,7.74,8.0,-17.0,161.4,5.39174223,-1.00855744,7.91044235,-0.00733763,32.94117737,-0.01840373,0.21763805,-0.08480989,-0.12465223,14.60848427,1005.96459961,-,181.3999939,-,1262,-,42.35028076,-71.07003784,-,11.09000015,-,16.77702141
Mon May 08 09:18:40 EDT 2017,08-May-2017 09:20:09.506,-71.06999438,42.35021406,8.4,8.0,-18.0,158.9,5.11700773,-0.26276365,7.37713385,-0.07301033,32.94117737,-0.08738635,0.18139556,-0.03014107,-0.17840582,14.04996586,1005.90380859,-,181.3999939,-,1315,-,42.35021591,-71.06999207,-,11.09000015,-,18.01976395
Mon May 08 09:18:41 EDT 2017,08-May-2017 09:20:10.506,-71.06994707,42.35013175,9.1,8.0,-18.0,160.7,4.21559048,-1.13664722,8.1558485,-0.04558116,34.11764908,-0.05666035,0.0977449,-0.09786695,-0.09963631,14.04996586,1005.93652344,-,181.3999939,-,1495,-,42.35013199,-71.06994629,-,6.23999977,-,18.01976395
Mon May 08 09:18:42 EDT 2017,08-May-2017 09:20:11.508,-71.06990894,42.35005112,9.47,10.0,-20.0,161.0,4.20960522,-1.54366159,9.79707336,0.03227741,30.58823586,0.00132296,0.08773857,-0.01818226,-0.02300241,14.02977848,1005.97045898,-,181.3999939,-,1495,-,42.35005188,-71.06990814,-,6.23999977,-,19.88387871
Mon May 08 09:18:43 EDT 2017,08-May-2017 09:20:12.507,-71.06987669,42.34996828,8.6,8.0,-19.0,167.8,4.29639482,-1.4610616,8.89445972,-0.04997578,30.58823586,-0.1343613,0.03465612,0.0264192,-0.14722753,14.02977848,1006.01049805,-,181.3999939,-,1425,-,42.34996796,-71.06987762,-,3.55999994,-,18.64113617
Mon May 08 09:18:44 EDT 2017,08-May-2017 09:20:13.508,-71.06985239,42.34988746,8.79,8.0,-19.0,167.5,4.67168617,-0.09337386,5.99208832,-0.21402323,33.33333206,-0.22516,0.14423785,0.00848099,-0.3202031,29.39955139,1005.94335938,-,181.3999939,-,1425,-,42.34988785,-71.06985474,-,11.35999966,-,18.64113617
Mon May 08 09:18:45 EDT 2017,08-May-2017 09:20:14.513,-71.06983477,42.34980905,8.75,10.0,-19.0,168.1,4.66330624,-1.18572843,7.5836339,-0.07307297,33.33333206,0.03017784,0.11977109,0.00372187,-0.00567431,14.46133995,1005.9128418,-,181.3999939,-,1420,-,42.34980774,-71.06983185,-,11.35999966,-,19.26250648
Mon May 08 09:18:46 EDT 2017,08-May-2017 09:20:15.506,-71.06979895,42.34973378,8.79,10.0,-19.0,165.6,4.47895288,-0.33877954,6.58944178,-0.07941183,32.15686417,-0.06345565,0.16010155,-0.09579246,-0.14271244,14.46133995,1005.94042969,-,181.3999939,-,1545,-,42.34973526,-71.06980133,-,6.3499999,-,19.26250648
Mon May 08 09:18:47 EDT 2017,08-May-2017 09:20:16.507,-71.06978321,42.34963784,9.35,10.0,-20.0,166.0,5.11401463,-0.84814596,8.29231739,-0.05300258,30.58823586,-0.00278726,0.18932739,-0.06845806,-0.08572511,12.99887753,1005.89746094,-,181.3999939,-,1545,-,42.34963608,-71.06978607,-,6.3499999,-,20.50524902
Mon May 08 09:18:48 EDT 2017,08-May-2017 09:20:17.507,-71.06978721,42.3495645,8.91,10.0,-20.0,168.5,4.09348631,-0.69012862,7.51240635,-0.10493235,30.58823586,-0.08651236,0.0707766,-0.05692635,-0.11488995,12.99887753,1005.98388672,-,181.3999939,-,1461,-,42.3495636,-71.06978607,-,3.6400001,-,19.26250648
Mon May 08 09:18:49 EDT 2017,08-May-2017 09:20:18.506,-71.06975611,42.34948331,8.75,10.0,-19.0,169.0,4.20242262,-0.15682021,7.77816296,-0.0872516,30.58823586,-0.00978537,0.06839704,-0.01745009,-0.02641921,29.39955139,1006.01000977,-,181.3999939,-,1461,-,42.34948349,-71.06975555,-,3.52999997,-,19.26250648
Mon May 08 09:18:50 EDT 2017,08-May-2017 09:20:19.508,-71.06972572,42.34940095,8.48,9.0,-18.0,170.1,5.13975239,-0.29029694,8.12472343,-0.00813591,30.58823586,-0.01920232,0.19195101,-0.01159272,-0.1028091,29.39955139,1005.98046875,-,181.3999939,-,1360,-,42.34939957,-71.06972504,-,3.52999997,-,18.01976395
Mon May 08 09:18:51 EDT 2017,08-May-2017 09:20:20.510,-71.06968974,42.34933459,7.86,9.0,-17.0,166.5,4.51666164,0.05805939,6.93540382,-0.05707783,30.58823586,-0.06807427,0.12233371,-0.06345488,-0.12178455,29.39955139,1005.92822266,-,181.3999939,-,1250,-,42.34933472,-71.06968689,-,2.94000006,-,18.01976395
Mon May 08 09:18:52 EDT 2017,08-May-2017 09:20:21.506,-71.06967434,42.34927021,7.56,9.0,-17.0,166.1,4.0162735,-0.79966336,8.15764332,-0.06927997,30.58823586,-0.06922164,0.07742717,-0.06351589,-0.09945335,22.1015892,1005.93481445,-,181.3999939,-,1250,-,42.34926987,-71.06967163,-,2.94000006,-,16.77702141
Mon May 08 09:18:53 EDT 2017,08-May-2017 09:20:22.505,-71.06964344,42.34920579,7.5,7.0,-14.0,167.4,4.73513222,-0.12569559,6.85340214,-0.1393581,30.58823586,-0.1504693,0.15070532,0.00518622,-0.23240352,14.15673447,1005.91992188,-,181.3999939,-,1224,-,42.34920502,-71.06964111,-,3.78999996,-,16.15565109
Mon May 08 09:18:54 EDT 2017,08-May-2017 09:20:23.507,-71.06962213,42.34913904,7.81,7.0,-14.0,169.5,4.78241777,-2.31339741,6.8767457,-0.1027863,34.11764908,0.37093478,0.70215267,0.02330747,-0.03172741,14.15673447,1005.93408203,-,181.3999939,-,1224,-,42.34914017,-71.06962585,-,16.34000015,-,16.15565109
Mon May 08 09:18:55 EDT 2017,08-May-2017 09:20:24.506,-71.06959689,42.34905825,8.7,7.0,-13.0,168.2,4.9811368,0.35434186,6.45057774,-0.15703404,34.11764908,-0.16815133,0.17578225,0.05411969,-0.27346614,13.92928982,1005.8894043,-,181.3999939,-,1413,-,42.34906006,-71.06959534,-,16.34000015,-,19.26250648
Mon May 08 09:18:56 EDT 2017,08-May-2017 09:20:25.508,-71.0695179,42.34900387,9.15,6.0,-17.0,164.3,5.47075081,-0.63266778,7.91642809,-0.0482951,37.25490189,-0.01662546,0.22569193,-0.0464929,-0.12404206,13.92928982,1005.84057617,-,181.3999939,-,1688,-,42.34900284,-71.06951904,-,21.32999992,-,19.26250648
Mon May 08 09:18:57 EDT 2017,08-May-2017 09:20:26.505,-71.06946835,42.34893026,9.92,6.0,-18.0,162.8,3.49373889,-0.37289691,6.58046341,-0.08053371,36.07843018,-0.15058824,0.19036466,0.09188756,-0.26565626,14.87405968,1005.87695312,-,181.3999939,-,1688,-,42.34893036,-71.06946564,-,21.32999992,-,23.61210442
Mon May 08 09:18:58 EDT 2017,08-May-2017 09:20:27.506,-71.06942965,42.34881168,11.69,6.0,-19.0,163.7,3.83072281,0.02693477,8.47786808,-0.04026091,36.07843018,-0.05133828,0.05851273,0.02074487,-0.06681067,14.87405968,1005.91723633,-,181.3999939,-,1918,-,42.3488121,-71.06942749,-,4.71000004,-,25.47621918
Mon May 08 09:18:59 EDT 2017,08-May-2017 09:20:28.507,-71.06939898,42.34869605,11.65,5.0,-17.0,164.4,5.08767843,-0.57640404,7.53574991,-0.05988652,33.33333206,-0.25240585,0.23984723,0.02666325,-0.44991952,29.39955139,1005.8659668,-,181.3999939,-,1918,-,42.34869766,-71.06939697,-,4.71000004,-,25.47621918
Mon May 08 09:19:00 EDT 2017,08-May-2017 09:20:29.510,-71.06935568,42.34859383,11.86,6.0,-17.0,163.2,5.61560011,0.05686229,7.13352394,-0.09570872,33.33333206,-0.00597206,0.1445429,-0.0754747,-0.06406504,29.39955139,1005.82739258,-,181.3999939,-,1969,-,42.34859467,-71.06935883,-,17.78000069,-,26.71896172
Mon May 08 09:19:01 EDT 2017,08-May-2017 09:20:30.513,-71.06932531,42.34846737,12.68,6.0,-16.0,164.8,4.74590635,-0.21547815,8.5287447,-0.02950195,34.11764908,-0.0044857,0.15180361,-0.00396593,-0.06162447,13.68479919,1005.85107422,-,181.3999939,-,1969,-,42.34846878,-71.06932831,-,7.73000002,-,26.71896172
Mon May 08 09:19:02 EDT 2017,08-May-2017 09:20:31.505,-71.0692929,42.3483557,12.63,4.0,-18.0,165.8,3.82772994,0.14544775,7.7111249,-0.08573942,34.11764908,-0.15468763,-0.00024406,0.03923221,-0.15412213,13.76465034,1005.84692383,-,181.3999939,-,2103,-,42.34835434,-71.06929016,-,7.73000002,-,27.34033203
Mon May 08 09:19:03 EDT 2017,08-May-2017 09:20:32.508,-71.06925515,42.34825318,11.85,4.0,-17.0,164.4,4.04500389,0.11971009,7.17482376,-0.14890617,30.98039246,0.02233442,0.10653101,0.05100796,-0.00848099,13.76465034,1005.83007812,-,181.3999939,-,2103,-,42.34825134,-71.06925201,-,4.80999994,-,27.34033203
Mon May 08 09:19:04 EDT 2017,08-May-2017 09:20:33.508,-71.06921786,42.34815517,11.01,4.0,-17.0,162.8,4.75727892,-0.63566053,8.95491314,0.04708236,32.94117737,0.03603482,0.15296289,-0.04679798,-0.01818222,14.39898396,1005.77734375,-,181.3999939,-,1838,-,42.34815598,-71.0692215,-,4.80999994,-,23.61210442
Mon May 08 09:19:05 EDT 2017,08-May-2017 09:20:34.506,-71.06917449,42.3480617,10.72,4.0,-16.0,160.0,5.82210016,0.9247604,8.02177238,-0.04840278,32.94117737,-0.01860104,0.05302142,0.13709916,-0.0365476,14.39898396,1005.74365234,-,181.3999939,-,1728,-,42.34806061,-71.06917572,-,10.23999977,-,22.9907341
Mon May 08 09:19:06 EDT 2017,08-May-2017 09:20:35.506,-71.06912427,42.34797695,10.58,3.0,-16.0,155.4,3.715801,1.35212541,7.3112936,-0.03554766,33.72549057,-0.08981917,0.16235906,-0.01470445,-0.16785036,13.58475876,1005.7097168,-,181.3999939,-,1728,-,42.34797668,-71.06912231,-,9.69999981,-,22.9907341
Mon May 08 09:19:07 EDT 2017,08-May-2017 09:20:36.512,-71.06905832,42.34789135,10.72,3.0,-16.0,151.0,4.40592957,-0.12629414,10.00477028,0.12584418,33.72549057,0.11482357,0.11714746,0.0051252,0.08883685,13.58745193,1005.7109375,-,181.3999939,-,1738,-,42.34789276,-71.06906128,-,9.69999981,-,22.9907341
Mon May 08 09:19:08 EDT 2017,08-May-2017 09:20:37.505,-71.06899227,42.3478,10.73,3.0,-18.0,147.7,4.31913996,0.19452889,7.62493372,-0.09508079,31.76470566,-0.01625851,0.04216088,-0.06046519,-0.02495487,13.58745193,1005.66870117,-,181.3999939,-,1713,-,42.34780121,-71.06899261,-,3.86999989,-,22.9907341
Mon May 08 09:19:09 EDT 2017,08-May-2017 09:20:38.507,-71.06892007,42.34771567,10.49,3.0,-18.0,147.2,3.93307495,0.55665189,8.3623476,-0.04488301,30.98039246,-0.07533702,0.20122518,-0.01092156,-0.17651437,29.39955139,1005.63989258,-,181.3999939,-,1713,-,42.34771729,-71.06891632,-,3.86999989,-,22.9907341
Mon May 08 09:19:10 EDT 2017,08-May-2017 09:20:39.506,-71.06885284,42.34764662,10.11,3.0,-19.0,145.6,2.39420176,0.00718261,8.74242783,-0.01694055,30.98039246,-0.07569433,-0.08792162,0.01873139,-0.0398423,29.39955139,1005.70825195,-,181.3999939,-,1624,-,42.34764481,-71.06885529,-,4.03000021,-,21.74799156
Mon May 08 09:19:11 EDT 2017,08-May-2017 09:20:40.505,-71.06876675,42.34758427,9.71,3.0,-20.0,139.9,5.59584808,0.60812724,8.21390724,-0.08659911,30.58823586,-0.21060932,0.05174014,0.03923221,-0.24179968,29.39955139,1005.79296875,-,181.3999939,-,1624,-,42.34758377,-71.06876373,-,6.73999977,-,21.74799156
Mon May 08 09:19:12 EDT 2017,08-May-2017 09:20:41.509,-71.06867298,42.34753196,9.58,3.0,-20.0,130.5,7.06169796,2.99813914,7.41843414,0.09926122,30.58823586,0.08823154,0.38786799,0.3236199,-0.17480597,14.07419205,1005.75708008,-,181.3999939,-,1575,-,42.34753036,-71.06867218,-,6.73999977,-,21.12662125
Mon May 08 09:19:13 EDT 2017,08-May-2017 09:20:42.508,-71.06856413,42.34749422,9.88,3.0,-20.0,119.1,2.92092609,-0.63027358,8.20672512,-0.0983023,34.50980377,-0.10939954,-0.03422903,-0.04624885,-0.09445011,14.07419205,1005.69824219,-,181.3999939,-,1575,-,42.34749603,-71.06856537,-,15.89999962,-,21.12662125
Mon May 08 09:19:14 EDT 2017,08-May-2017 09:20:43.510,-71.06844375,42.34746299,10.56,3.0,-20.0,111.1,5.11221933,-0.63027358,6.94198799,-0.05880444,36.86274719,0.01915113,0.22532587,0.02007371,-0.0781593,13.39768982,1005.73144531,-,181.3999939,-,1687,-,42.3474617,-71.0684433,-,15.89999962,-,22.9907341
Mon May 08 09:19:14 EDT 2017,08-May-2017 09:20:44.505,-71.06844375,42.34746299,10.56,3.0,-20.0,111.1,4.33290672,0.37169981,5.73171902,-0.15071061,36.86274719,-0.26633674,0.10970375,0.05588911,-0.3467443,13.39768982,1005.70654297,-,181.3999939,-,1939,-,42.3474617,-71.0684433,-,28.03000069,-,22.9907341
Mon May 08 09:19:16 EDT 2017,08-May-2017 09:20:45.506,-71.06815789,42.34741991,13.01,3.0,-20.0,106.2,5.13675976,0.02573767,7.50402689,-0.00487858,36.86274719,-0.01594391,0.20061506,-0.00738273,-0.1043345,15.04049397,1005.734375,-,181.3999939,-,1939,-,42.34741974,-71.06816101,-,23.02000046,-,28.58307457
Mon May 08 09:19:17 EDT 2017,08-May-2017 09:20:46.505,-71.06799485,42.34738978,13.79,4.0,-20.0,105.9,3.61644173,-0.00778116,8.2929163,-0.06635976,36.86274719,0.18562701,0.06070924,-0.12245572,0.17840582,14.10873413,1005.69189453,-,181.3999939,-,2263,-,42.34738922,-71.06799316,-,23.02000046,-,30.44718933
Mon May 08 09:19:18 EDT 2017,08-May-2017 09:20:47.513,-71.06783511,42.34735415,14.0,3.0,-20.0,105.4,4.47476292,-0.47165772,7.89667559,-0.0621314,31.37254906,-0.07321624,0.12416411,-0.03008005,-0.12605557,14.10873413,1005.68579102,-,181.3999939,-,1778,-,42.34735489,-71.06783295,-,20.68000031,-,30.44718933
Mon May 08 09:19:19 EDT 2017,08-May-2017 09:20:48.505,-71.06766058,42.34732388,14.42,3.0,-21.0,105.7,2.98377395,-2.0889411,10.21186924,-0.00243644,30.98039246,0.11466525,0.08145409,0.0017084,0.10360228,14.67756844,1005.73144531,-,181.3999939,-,1778,-,42.34732437,-71.06765747,-,20.68000031,-,31.06855965
Mon May 08 09:19:20 EDT 2017,08-May-2017 09:20:49.506,-71.06749205,42.34728903,14.34,3.0,-21.0,106.3,3.57514167,-0.18495208,7.58004236,-0.09869076,30.98039246,-0.14444228,0.04454045,0.01934154,-0.16309123,14.67756844,1005.79101562,-,181.3999939,-,1756,-,42.34729004,-71.06748962,-,4.30999994,-,31.06855965
Mon May 08 09:19:21 EDT 2017,08-May-2017 09:20:50.505,-71.06733029,42.34724148,14.05,3.0,-21.0,106.4,3.02208114,0.67217213,7.58243656,-0.15372366,30.98039246,-0.16483976,-0.02391761,0.0865183,-0.15808809,29.39955139,1005.81176758,-,181.3999939,-,1756,-,42.34724045,-71.06732941,-,4.26999998,-,31.06855965
Mon May 08 09:19:22 EDT 2017,08-May-2017 09:20:51.509,-71.06717371,42.34720215,13.51,3.0,-21.0,106.6,3.78343725,0.06943185,9.13567543,0.01938969,30.98039246,-0.09327459,0.06644458,0.03429004,-0.11702541,29.39955139,1005.83666992,-,181.3999939,-,1685,-,42.3472023,-71.06717682,-,4.26999998,-,29.20444679
Mon May 08 09:19:23 EDT 2017,08-May-2017 09:20:52.509,-71.0670227,42.34717435,12.78,3.0,-21.0,106.5,3.50511122,-0.10773908,7.55191088,-0.13983315,30.58823586,-0.07650517,0.04258797,-0.00719969,-0.08761652,29.39955139,1005.81958008,-,181.3999939,-,1547,-,42.3471756,-71.06702423,-,3.82999992,-,29.20444679
Mon May 08 09:19:24 EDT 2017,08-May-2017 09:20:53.506,-71.06687729,42.34715195,12.41,3.0,-20.0,106.0,3.13999557,-0.63506198,8.13848972,-0.04984482,30.58823586,-0.1081249,-0.01189779,-0.04673696,-0.10140581,29.39955139,1005.91381836,-,181.3999939,-,1547,-,42.34715271,-71.06687927,-,3.82999992,-,27.34033203
Mon May 08 09:19:25 EDT 2017,08-May-2017 09:20:54.504,-71.06673783,42.34712083,11.97,3.0,-19.0,106.3,4.62260485,-0.30346507,7.94037008,-0.04360412,30.58823586,-0.05279998,-0.02593109,-0.02867673,-0.03618149,29.39955139,1005.82299805,-,181.3999939,-,1457,-,42.34712219,-71.06673431,-,3.71000004,-,25.47621918
Mon May 08 09:19:26 EDT 2017,08-May-2017 09:20:55.506,-71.06660384,42.34709222,11.77,4.0,-19.0,106.6,5.18823528,-0.45789108,7.13412237,-0.08818364,35.29411697,-0.0992774,0.1968932,-0.02867673,-0.2037878,18.22202301,1005.80102539,-,181.3999939,-,1457,-,42.34709167,-71.06660461,-,17.12000084,-,25.47621918
Mon May 08 09:19:27 EDT 2017,08-May-2017 09:20:56.505,-71.06647047,42.34707319,12.23,3.0,-19.0,106.7,4.31494999,-0.36511576,7.87273359,-0.07268625,35.29411697,-0.0837747,0.1078733,-0.01921951,-0.12849614,13.48157883,1005.82788086,-,181.3999939,-,1494,-,42.3470726,-71.06646729,-,17.12000084,-,26.71896172
Mon May 08 09:19:28 EDT 2017,08-May-2017 09:20:57.505,-71.06632718,42.34704526,12.48,4.0,-19.0,106.3,4.48194551,-0.46148238,7.59680176,-0.09190431,33.33333206,-0.08906873,0.12379805,-0.02977498,-0.14411579,13.56816101,1005.86010742,-,181.3999939,-,1547,-,42.3470459,-71.06632996,-,10.01000023,-,27.34033203
Mon May 08 09:19:29 EDT 2017,08-May-2017 09:20:58.512,-71.06618072,42.34701091,12.77,4.0,-19.0,106.5,4.14556026,-0.260968,7.60997009,-0.05169832,32.94117737,-0.11592653,0.09060625,-0.00860302,-0.15528141,13.56816101,1005.84716797,-,181.3999939,-,1574,-,42.34701157,-71.06617737,-,9.14999962,-,27.96170425
Mon May 08 09:19:30 EDT 2017,08-May-2017 09:20:59.515,-71.06602617,42.34697774,12.75,4.0,-18.0,105.7,1.55144274,-1.72681797,6.51342583,-0.16642199,30.58823586,-0.37885806,-0.07809832,-0.02538195,-0.36602485,13.35552025,1005.76806641,-,181.3999939,-,1574,-,42.34697723,-71.06602478,-,9.14999962,-,27.96170425
Mon May 08 09:19:31 EDT 2017,08-May-2017 09:21:00.512,-71.06588614,42.34694131,12.33,3.0,-17.0,105.8,3.67988801,0.02573767,7.17721796,-0.16641223,30.58823586,-0.17751811,-0.02367355,-0.01970762,-0.16974182,13.35552025,1005.80883789,-,181.3999939,-,1507,-,42.3469429,-71.06588745,-,3.78999996,-,26.71896172
Mon May 08 09:19:32 EDT 2017,08-May-2017 09:21:01.505,-71.06574279,42.34690011,11.98,3.0,-17.0,105.9,3.73734879,-0.42377371,7.77277565,-0.1083734,30.58823586,-0.119474,0.04899448,-0.02519891,-0.13868552,29.39955139,1005.76586914,-,181.3999939,-,1507,-,42.34690094,-71.06574249,-,3.52999997,-,26.71896172
Mon May 08 09:19:33 EDT 2017,08-May-2017 09:21:02.508,-71.0656017,42.34687162,11.79,3.0,-18.0,105.3,3.8762126,0.20350714,8.23844814,-0.04068999,30.58823586,-0.06523246,0.05967199,-0.00268463,-0.08285738,29.39955139,1005.81323242,-,181.3999939,-,1448,-,42.34687042,-71.06560516,-,3.52999997,-,25.47621918
Mon May 08 09:19:34 EDT 2017,08-May-2017 09:21:03.506,-71.06546718,42.34684219,11.58,3.0,-17.0,106.3,4.2718544,-1.64122522,7.88650036,-0.04282326,30.58823586,-0.08159214,0.14533608,-0.07553571,-0.15235272,29.39955139,1005.86010742,-,181.3999939,-,1414,-,42.34684372,-71.06546783,-,3.55999994,-,25.47621918
Mon May 08 09:19:35 EDT 2017,08-May-2017 09:21:04.508,-71.06533527,42.34681556,11.38,3.0,-16.0,107.1,4.1126399,-0.60872579,7.00303984,-0.15841174,32.15686417,-0.16952944,0.08725046,-0.04405233,-0.21714993,15.47205544,1005.7902832,-,181.3999939,-,1414,-,42.34681702,-71.06533813,-,3.55999994,-,25.47621918
Mon May 08 09:19:36 EDT 2017,08-May-2017 09:21:05.504,-71.06519703,42.34678101,11.51,3.0,-17.0,106.4,3.34589696,-0.43514615,8.46230602,-0.05993819,32.15686417,-0.19609421,0.06162445,-0.03685265,-0.23252553,15.47205544,1005.84765625,-,181.3999939,-,1426,-,42.34678268,-71.06520081,-,6.9000001,-,25.47621918
Mon May 08 09:19:37 EDT 2017,08-May-2017 09:21:06.507,-71.06506086,42.3467493,11.69,3.0,-17.0,106.5,2.06140757,-0.9540894,8.71489429,-0.07698754,31.37254906,-0.09536283,-0.14472595,-0.0277005,-0.04746916,14.0221529,1005.79248047,-,181.3999939,-,1426,-,42.34674835,-71.06506348,-,3.30999994,-,25.47621918
Mon May 08 09:19:38 EDT 2017,08-May-2017 09:21:07.514,-71.06493881,42.34672208,10.63,3.0,-16.0,106.5,1.3748703,0.04908114,7.93797588,-0.00285847,31.37254906,-0.17848499,-0.19182901,0.0230024,-0.12184555,29.39955139,1005.99291992,-,181.3999939,-,1351,-,42.34672165,-71.06494141,-,3.30999994,-,22.36936378
Mon May 08 09:19:39 EDT 2017,08-May-2017 09:21:08.506,-71.06484338,42.3467069,7.71,3.0,-16.0,106.0,0.61111999,-0.56323594,9.92576122,0.01689392,30.19607925,0.03476384,-0.21232979,-0.00890809,0.0960976,29.39955139,1006.1237793,-,181.3999939,-,837,-,42.34670639,-71.06484222,-,3.13000011,-,22.36936378
Mon May 08 09:19:40 EDT 2017,08-May-2017 09:21:09.510,-71.06479263,42.34669675,4.35,3.0,-16.0,107.4,1.79146147,-0.06284779,8.87291145,-0.06584913,30.19607925,-0.01325642,-0.16925371,-0.03227657,0.04057451,14.0688076,1006.07861328,-,181.3999939,-,837,-,42.34669495,-71.06478882,-,3.13000011,-,11.18468189
Mon May 08 09:19:41 EDT 2017,08-May-2017 09:21:10.505,-71.06477318,42.34669253,1.87,4.0,-15.0,107.4,4.394557,-0.11851298,7.99902773,-0.05817407,30.19607925,-0.06925758,0.11598818,0.00591839,-0.11562212,14.0688076,1006.00170898,-,181.3999939,-,815,-,42.34669113,-71.06477356,-,3.08999991,-,0.62137121
Mon May 08 09:19:42 EDT 2017,08-May-2017 09:21:11.510,-71.06477892,42.34670017,0.0,4.0,-15.0,0.0,4.41371107,-0.27353755,7.61655426,-0.06840336,30.19607925,-0.03550849,0.16089472,-0.00073217,-0.102565,14.00645161,1005.94824219,-,181.3999939,-,815,-,42.34669876,-71.06478119,-,2.8499999,-,0.62137121
Mon May 08 09:19:43 EDT 2017,08-May-2017 09:21:12.507,-71.06478189,42.3467085,0.0,4.0,-15.0,0.0,4.56274986,-0.13108255,8.15165806,-0.06504723,30.19607925,-0.06597205,0.13313322,0.00463709,-0.10006347,13.72876167,1005.9609375,-,181.3999939,-,806,-,42.34671021,-71.06478119,-,2.8499999,-,0
Mon May 08 09:19:44 EDT 2017,08-May-2017 09:21:13.508,-71.06478137,42.34670781,0.0,4.0,-15.0,0.0,4.27484703,-0.2657564,7.64887571,-0.09497714,30.19607925,-0.10607322,0.10378533,-0.00909113,-0.1513155,13.38243771,1006.00244141,-,181.3999939,-,797,-,42.34670639,-71.06478119,-,2.79999995,-,0
Mon May 08 09:19:45 EDT 2017,08-May-2017 09:21:14.510,-71.0647805,42.34670515,0.0,4.0,-15.0,0.0,4.44124413,-0.15741876,7.94934797,-0.06023723,30.19607925,-0.09044115,0.10463955,-0.01098257,-0.1339874,13.3182869,1005.9519043,-,181.3999939,-,792,-,42.34670639,-71.06478119,-,2.81999993,-,0
Mon May 08 09:19:46 EDT 2017,08-May-2017 09:21:15.510,-71.06477888,42.34670867,0.0,4.0,-15.0,0.0,4.65432787,-0.18614918,8.62690735,0.01080287,30.19607925,-0.00025707,0.14246839,-0.00097623,-0.05161808,13.3182869,1005.88232422,-,181.3999939,-,792,-,42.34671021,-71.06478119,-,3.99000001,-,0
Mon May 08 09:19:47 EDT 2017,08-May-2017 09:21:16.506,-71.0647802,42.34670776,0.0,4.0,-16.0,0.0,4.267066,-0.37768531,8.0277586,-0.06855541,30.19607925,-0.07214001,0.10299215,-0.02050081,-0.11269338,14.04996586,1005.97241211,-,181.3999939,-,770,-,42.34670639,-71.06478119,-,3.99000001,-,0
Mon May 08 09:19:48 EDT 2017,08-May-2017 09:21:17.518,-71.06478487,42.34670679,0.0,4.0,-16.0,0.0,4.06715012,-0.37948096,7.27777481,-0.06558439,30.58823586,0.00536372,0.15180361,0.00359985,-0.05021479,14.04996586,1005.90844727,-,181.3999939,-,786,-,42.34670639,-71.06478119,-,3.52999997,-,0
Mon May 08 09:19:49 EDT 2017,08-May-2017 09:21:18.516,-71.06478207,42.34670534,0.0,4.0,-16.0,0.0,4.71358442,0.02693477,8.08641624,-0.03447497,30.58823586,-0.04555038,0.14850882,0.02074487,-0.10671401,13.52688885,1005.90429688,-,181.3999939,-,786,-,42.34670639,-71.06478119,-,3.52999997,-,0
Mon May 08 09:19:50 EDT 2017,08-May-2017 09:21:19.520,-71.06478673,42.34670422,0.0,5.0,-16.0,0.0,4.4071269,-0.25438392,8.23904705,-0.03577924,30.58823586,-0.10140548,0.11964908,0.01092156,-0.15454924,13.52688885,1005.94775391,-,181.3999939,-,786,-,42.34670258,-71.06478882,-,3.42000008,-,0
Mon May 08 09:19:51 EDT 2017,08-May-2017 09:21:20.511,-71.0647923,42.3467002,0.0,4.0,-17.0,0.0,4.20780945,-0.39863458,7.81228018,-0.05627226,30.58823586,-0.00017784,0.15552546,0.00219652,-0.05863473,13.70992088,1005.92700195,-,183.19999695,-,786,-,42.34669876,-71.06478882,-,3.42000008,-,0
Mon May 08 09:19:52 EDT 2017,08-May-2017 09:21:21.513,-71.06479347,42.34670058,0.0,5.0,-17.0,0.0,4.5226469,-0.1340753,8.1115551,-0.06529586,30.58823586,-0.05287278,0.12904525,0.00433202,-0.10415144,13.70992088,1005.88891602,-,183.19999695,-,833,-,42.34669876,-71.06479645,-,2.58999991,-,0
Mon May 08 09:19:53 EDT 2017,08-May-2017 09:21:22.519,-71.06479447,42.34670065,0.0,5.0,-17.0,0.0,4.63038588,-0.18674773,8.33840561,-0.05977678,29.80392265,-0.1011628,0.1096427,-0.00799287,-0.14893593,13.74715519,1005.92285156,-,183.19999695,-,833,-,42.34669876,-71.06479645,-,2.58999991,-,0
Mon May 08 09:19:54 EDT 2017,08-May-2017 09:21:23.514,-71.06479473,42.34670079,0.0,5.0,-17.0,0.0,4.54599047,-0.28490999,7.68059921,-0.06518872,29.80392265,-0.11235637,0.10390738,-0.0068336,-0.15851516,13.74715519,1005.92163086,-,183.19999695,-,779,-,42.34670258,-71.06479645,-,2.6500001,-,0
Mon May 08 09:19:55 EDT 2017,08-May-2017 09:21:24.521,-71.06479485,42.34670081,0.0,5.0,-17.0,0.0,4.2886138,-0.22744916,7.5644803,-0.0725031,30.19607925,-0.11299165,0.10518867,-0.00518622,-0.15991849,13.43447495,1005.88671875,-,183.19999695,-,779,-,42.34670258,-71.06479645,-,2.6500001,-,0
Mon May 08 09:19:56 EDT 2017,08-May-2017 09:21:25.518,-71.06479495,42.34670059,0.0,5.0,-17.0,0.0,4.55556726,-0.17537527,8.16303062,-0.06286286,29.80392265,-0.10931581,0.10500561,-0.01049446,-0.15576953,13.59238529,1005.92749023,-,183.19999695,-,780,-,42.34669876,-71.06479645,-,2.51999998,-,0
Mon May 08 09:19:57 EDT 2017,08-May-2017 09:21:26.512,-71.06479503,42.34670051,0.0,5.0,-17.0,0.0,4.38318491,-0.25019407,7.91702652,-0.06577945,29.80392265,-0.08906469,0.1096427,-0.01189779,-0.13520768,13.59238529,1005.93920898,-,183.19999695,-,748,-,42.34669876,-71.06479645,-,2.51999998,-,0
Mon May 08 09:19:58 EDT 2017,08-May-2017 09:21:27.508,-71.0647951,42.34670053,0.0,5.0,-17.0,0.0,4.54539204,-0.18495208,8.06247425,-0.04493541,30.19607925,-0.05601437,0.13136382,-0.0008542,-0.10915458,14.39898396,1005.9519043,-,183.19999695,-,748,-,42.34669876,-71.06479645,-,2.51999998,-,0
Mon May 08 09:19:59 EDT 2017,08-May-2017 09:21:28.506,-71.06479514,42.34670048,0.0,5.0,-17.0,0.0,4.43406153,-0.16699557,7.82544804,-0.0666981,30.19607925,-0.09407926,0.10671401,-0.00957925,-0.13923465,14.39898396,1005.9453125,-,183.19999695,-,766,-,42.34669876,-71.06479645,-,2.6500001,-,0
Mon May 08 09:20:00 EDT 2017,08-May-2017 09:21:29.517,-71.06479519,42.34670042,0.0,5.0,-17.0,0.0,4.2766428,-0.28131869,7.76559305,-0.06630584,30.19607925,-0.09553271,0.10396838,-0.0106775,-0.13941771,14.87899399,1005.93676758,-,183.19999695,-,774,-,42.34669876,-71.06479645,-,2.6500001,-,0
Mon May 08 09:20:01 EDT 2017,08-May-2017 09:21:30.513,-71.06479522,42.34670036,0.0,4.0,-17.0,0.0,4.35385561,-0.25737667,7.70513964,-0.08606082,30.19607925,-0.09715387,0.11183921,-0.00823693,-0.14558013,14.88482666,1005.83789062,-,183.19999695,-,774,-,42.34669876,-71.06479645,-,2.6500001,-,0
Mon May 08 09:20:02 EDT 2017,08-May-2017 09:21:31.505,-71.06479523,42.34670027,0.0,4.0,-17.0,0.0,4.37241077,-0.21068975,7.92839909,-0.06539857,30.19607925,-0.07516139,0.12459122,0.00109826,-0.12727585,14.82067585,1005.90112305,-,183.19999695,-,777,-,42.34669876,-71.06479645,-,2.71000004,-,0
Mon May 08 09:20:03 EDT 2017,08-May-2017 09:21:32.515,-71.0647953,42.34670027,0.0,4.0,-17.0,0.0,4.4167037,-0.16101007,7.77876139,-0.07660711,30.19607925,-0.08769689,0.11824574,0.00158637,-0.13807537,14.82067585,1005.94067383,-,183.19999695,-,777,-,42.34669876,-71.06479645,-,2.56999993,-,0
Mon May 08 09:20:04 EDT 2017,08-May-2017 09:21:33.505,-71.06479534,42.34670026,0.0,3.0,-17.0,0.0,4.5519762,-0.18136078,8.16901588,-0.06232133,30.19607925,-0.04621809,0.13203499,-0.00048811,-0.09829407,14.68609238,1005.91088867,-,183.19999695,-,774,-,42.34669876,-71.06479645,-,2.56999993,-,0
Mon May 08 09:20:05 EDT 2017,08-May-2017 09:21:34.516,-71.06479537,42.34670025,0.0,3.0,-17.0,0.0,4.27783966,-0.27832595,7.6847887,-0.06120908,30.19607925,-0.03815357,0.1360009,-0.00323376,-0.09133837,14.68609238,1005.8581543,-,183.19999695,-,782,-,42.34669876,-71.06479645,-,2.68000007,-,0
Mon May 08 09:20:06 EDT 2017,08-May-2017 09:21:35.514,-71.06479539,42.34670024,0.0,3.0,-17.0,0.0,4.53042793,-0.21068975,8.24682808,-0.02920419,30.19607925,-0.04027778,0.12983842,-0.00347782,-0.09036215,14.88796616,1005.95751953,-,183.19999695,-,782,-,42.34669876,-71.06479645,-,2.71000004,-,0
Mon May 08 09:20:07 EDT 2017,08-May-2017 09:21:36.523,-71.06479542,42.34670017,0.0,3.0,-17.0,0.0,4.58729029,-0.18435353,8.44315243,-0.0089227,30.19607925,-0.13113008,-0.01092156,-0.00494216,-0.12428612,14.70672894,1005.92236328,-,183.19999695,-,779,-,42.34669876,-71.06479645,-,2.71000004,-,0
Mon May 08 09:20:08 EDT 2017,08-May-2017 09:21:37.512,-71.06479543,42.34670015,0.0,3.0,-17.0,0.0,4.53102684,-0.2136825,8.27495956,-0.06406894,30.19607925,-0.09245487,0.11446284,-0.008542,-0.14167522,14.70672894,1005.87329102,-,183.19999695,-,779,-,42.34669876,-71.06479645,-,2.56999993,-,0
Mon May 08 09:20:09 EDT 2017,08-May-2017 09:21:38.524,-71.06479547,42.34670016,0.0,3.0,-17.0,0.0,4.31255579,-0.23403321,7.77337456,-0.066453,30.19607925,-0.09834146,0.11202227,-0.00622346,-0.14698347,14.70493412,1005.88671875,-,183.19999695,-,779,-,42.34669876,-71.06479645,-,2.56999993,-,0
Mon May 08 09:20:10 EDT 2017,08-May-2017 09:21:39.510,-71.0647955,42.34670018,0.0,3.0,-17.0,0.0,4.60464859,-0.16819267,8.47846699,-0.00494564,30.19607925,-0.01601098,0.13740425,0.0008542,-0.06674962,14.70493412,1005.89135742,-,183.19999695,-,775,-,42.34669876,-71.06479645,-,2.71000004,-,0
Mon May 08 09:20:11 EDT 2017,08-May-2017 09:21:40.515,-71.06479559,42.34670023,0.0,3.0,-17.0,0.0,4.28801537,-0.29867667,7.61176586,-0.09750974,30.58823586,-0.1086067,0.10512767,-0.01244692,-0.15509835,15.46084023,1005.92993164,-,183.19999695,-,775,-,42.34669876,-71.06479645,-,2.71000004,-,0
Mon May 08 09:20:12 EDT 2017,08-May-2017 09:21:41.519,-71.06479567,42.34670026,0.0,3.0,-17.0,0.0,4.50050068,-0.1388637,7.93019438,-0.06098646,30.58823586,-0.11956345,0.09396204,-0.00823693,-0.16126083,14.82067585,1005.9609375,-,183.19999695,-,782,-,42.34669876,-71.06479645,-,3.52999997,-,0
Mon May 08 09:20:13 EDT 2017,08-May-2017 09:21:42.516,-71.06479572,42.34670031,0.0,3.0,-17.0,0.0,4.20002842,-0.13467385,7.43100357,-0.07527627,30.58823586,-0.1294813,0.09615856,0.004271,-0.17352468,14.82067585,1005.91333008,-,183.19999695,-,782,-,42.34669876,-71.06479645,-,3.49000001,-,0
Mon May 08 09:20:14 EDT 2017,08-May-2017 09:21:43.516,-71.06479572,42.34670035,0.0,3.0,-17.0,0.0,4.15214443,-0.33758244,7.5740571,-0.05995537,30.58823586,-0.02496978,0.14759363,0.00201347,-0.08261337,14.69461632,1005.94116211,-,183.19999695,-,771,-,42.34669876,-71.06479645,-,3.49000001,-,0
Mon May 08 09:20:15 EDT 2017,08-May-2017 09:21:44.511,-71.06479576,42.3467004,0.0,3.0,-17.0,0.0,4.37001657,-0.14544775,7.59141493,-0.09557307,30.58823586,-0.08339667,0.10134476,-0.01519256,-0.12434717,14.69461632,1005.91601562,-,181.3999939,-,771,-,42.34669876,-71.06479645,-,3.42000008,-,0
Mon May 08 09:20:16 EDT 2017,08-May-2017 09:21:45.507,-71.06479578,42.34670041,0.0,3.0,-17.0,0.0,4.49032545,-0.17058687,7.91343498,-0.06094819,30.58823586,-0.0720326,0.12575051,0.00061014,-0.12434717,14.85656452,1005.95166016,-,181.3999939,-,780,-,42.34669876,-71.06479645,-,3.42000008,-,0
Mon May 08 09:20:17 EDT 2017,08-May-2017 09:21:46.506,-71.06479585,42.34670041,0.0,3.0,-17.0,0.0,4.42029476,-0.19033903,7.9816699,-0.06564742,30.19607925,-0.09623706,0.11366966,-0.00268463,-0.14539707,14.85656452,1005.91430664,-,181.3999939,-,780,-,42.34669876,-71.06479645,-,2.51999998,-,0
Mon May 08 09:20:18 EDT 2017,08-May-2017 09:21:47.508,-71.06479596,42.34670036,0.0,3.0,-17.0,0.0,4.44663095,-0.21906945,7.91223812,-0.07082829,30.19607925,-0.08734022,0.11263243,-0.00237956,-0.13459757,14.85656452,1005.92749023,-,181.3999939,-,768,-,42.34669876,-71.06479645,-,2.51999998,-,0
Mon May 08 09:20:19 EDT 2017,08-May-2017 09:21:48.514,-71.06479609,42.34670036,0.0,3.0,-17.0,0.0,4.45860195,-0.18195933,7.94515848,-0.05969888,30.19607925,-0.07078292,0.12251671,-0.00054913,-0.12111337,14.73364544,1005.95654297,-,181.3999939,-,768,-,42.34669876,-71.06479645,-,2.51999998,-,0
Mon May 08 09:20:20 EDT 2017,08-May-2017 09:21:49.505,-71.0647962,42.34670034,0.0,3.0,-17.0,0.0,4.34368038,-0.30406362,7.72189903,-0.08493173,30.19607925,-0.03848724,0.13026553,-0.00494216,-0.08859275,14.73364544,1005.97436523,-,181.3999939,-,770,-,42.34669876,-71.06479645,-,2.68000007,-,0
Mon May 08 09:20:21 EDT 2017,08-May-2017 09:21:50.511,-71.06479627,42.34670033,0.0,3.0,-17.0,0.0,4.54539204,-0.26635495,7.7135191,-0.06281645,30.19607925,-0.10697719,0.10714112,-0.00744374,-0.15418312,14.81035709,1005.89428711,-,181.3999939,-,770,-,42.34669876,-71.06479645,-,2.68000007,-,0
Mon May 08 09:20:22 EDT 2017,08-May-2017 09:21:51.514,-71.06479637,42.34670032,0.0,3.0,-17.0,0.0,4.26287603,-0.27234045,7.66084671,-0.0671796,30.19607925,-0.10558125,0.10256504,-0.00976229,-0.15009521,14.80183315,1005.94775391,-,181.3999939,-,777,-,42.34669876,-71.06479645,-,2.76999998,-,0
Mon May 08 09:20:23 EDT 2017,08-May-2017 09:21:52.512,-71.0647965,42.34670033,0.0,3.0,-17.0,0.0,4.50947905,-0.19033903,8.1558485,-0.03839958,30.19607925,-0.1000201,0.11190026,-0.00903012,-0.14893593,14.80183315,1005.93701172,-,181.3999939,-,777,-,42.34669876,-71.06479645,-,2.6500001,-,0
Mon May 08 09:20:24 EDT 2017,08-May-2017 09:21:53.518,-71.06479653,42.34670037,0.0,3.0,-17.0,0.0,4.3754034,-0.30645782,7.65545988,-0.08921719,30.19607925,-0.09508865,0.11495095,-0.00634549,-0.15064432,14.8673315,1005.91601562,-,181.3999939,-,790,-,42.34669876,-71.06479645,-,2.6500001,-,0
