Mon May 08 09:20:25 EDT 2017,08-May-2017 09:21:54.513,-71.06479654,42.3467004,0.0,3.0,-17.0,0.0,4.46398926,-0.19452889,7.92600489,-0.06648096,30.19607925,-0.07218941,0.12306588,-0.00183043,-0.12306583,14.8673315,1005.87817383,-,181.3999939,-,783,-,42.34669876,-71.06479645,-,2.68000007,-,0
Mon May 08 09:20:26 EDT 2017,08-May-2017 09:21:55.506,-71.06479665,42.34670041,0.0,3.0,-17.0,0.0,4.30178213,-0.24779987,7.79791498,-0.06908499,30.19607925,-0.06318245,0.12385906,-0.00616244,-0.1133036,14.76594543,1005.9128418,-,181.3999939,-,783,-,42.34669876,-71.06479645,-,2.68000007,-,0
Mon May 08 09:20:27 EDT 2017,08-May-2017 09:21:56.529,-71.06479667,42.3467004,0.0,3.0,-17.0,0.0,4.54479361,-0.19512744,8.22288609,-0.05700047,30.19607925,-0.04174299,0.13130282,-0.00189144,-0.09280271,14.76594543,1005.91674805,-,181.3999939,-,778,-,42.34669876,-71.06479645,-,2.76999998,-,0
Mon May 08 09:20:28 EDT 2017,08-May-2017 09:21:57.506,-71.06479672,42.34670034,0.0,3.0,-17.0,0.0,4.549582,-0.18076223,8.24024391,-0.02891374,30.19607925,-0.03998722,0.13179094,-0.0004271,-0.09103331,14.7915163,1005.83496094,-,181.3999939,-,778,-,42.34669876,-71.06479645,-,2.76999998,-,0
Mon May 08 09:20:29 EDT 2017,08-May-2017 09:21:58.511,-71.06479673,42.34670026,0.0,3.0,-17.0,0.0,4.4190979,-0.17836803,7.78534555,-0.0758695,30.19607925,-0.08679595,0.10781229,-0.00665056,-0.13142481,14.752038,1005.86938477,-,181.3999939,-,779,-,42.34669876,-71.06479645,-,2.61999989,-,0
Mon May 08 09:20:30 EDT 2017,08-May-2017 09:21:59.509,-71.06479676,42.34670026,0.0,3.0,-17.0,0.0,4.26407337,-0.26036942,7.726089,-0.0619231,30.19607925,-0.09974269,0.1026871,-0.008542,-0.14344461,14.752038,1005.89208984,-,181.3999939,-,779,-,42.34669876,-71.06479645,-,2.76999998,-,0
Mon May 08 09:20:31 EDT 2017,08-May-2017 09:22:00.515,-71.06479683,42.34670027,0.0,3.0,-17.0,0.0,4.53820944,-0.2136825,8.15285492,-0.05881622,30.19607925,-0.10187396,0.10689707,-0.01134866,-0.14832576,14.89469528,1005.94848633,-,181.3999939,-,775,-,42.34669876,-71.06479645,-,2.76999998,-,0
Mon May 08 09:20:32 EDT 2017,08-May-2017 09:22:01.516,-71.06479684,42.34670027,0.0,3.0,-17.0,0.0,4.65492678,-0.12988544,8.49881744,-0.00073111,30.58823586,-0.12582466,0.10128376,-0.01122663,-0.1726705,14.80183315,1005.85864258,-,181.3999939,-,780,-,42.34669876,-71.06479645,-,2.76999998,-,0
Mon May 08 09:20:33 EDT 2017,08-May-2017 09:22:02.513,-71.06479685,42.34670026,0.0,3.0,-17.0,0.0,4.4143095,-0.23223756,8.05289745,-0.05217052,30.58823586,-0.06325194,0.11800168,-0.00567433,-0.11013081,14.80183315,1005.88623047,-,181.3999939,-,724,-,42.34669876,-71.06479645,-,3.45000005,-,0
Mon May 08 09:20:34 EDT 2017,08-May-2017 09:22:03.508,-71.06479688,42.34670021,0.0,3.0,-17.0,0.0,4.76805258,0.02274492,8.21570301,-0.02029234,30.58823586,-0.1589222,0.07797629,-0.01220286,-0.19756432,14.92609787,1005.89013672,-,181.3999939,-,724,-,42.34669876,-71.06479645,-,3.45000005,-,0
Mon May 08 09:20:35 EDT 2017,08-May-2017 09:22:04.510,-71.06479686,42.3467002,0.0,3.0,-17.0,0.0,5.84963322,-0.07062895,6.59841967,-0.08576024,30.58823586,-0.02558191,0.27694395,0.03953727,-0.1710231,14.92609787,1005.93847656,-,181.3999939,-,783,-,42.34669876,-71.06479645,-,3.52999997,-,0
Mon May 08 09:20:36 EDT 2017,08-May-2017 09:22:05.518,-71.06479213,42.34669917,0.68,3.0,-17.0,107.4,3.91032982,-0.24241292,7.24186182,-0.0796459,36.86274719,-0.16039512,0.06662761,-0.00671157,-0.19280519,15.11361694,1005.87548828,-,181.3999939,-,783,-,42.34669876,-71.06478882,-,3.52999997,-,0
Mon May 08 09:20:37 EDT 2017,08-May-2017 09:22:06.505,-71.06476472,42.34669225,2.2,3.0,-17.0,106.9,6.10401726,0.36750996,6.83185434,-0.05395263,36.86274719,-0.06992008,0.25650415,0.04209988,-0.21159762,15.11361694,1005.85986328,-,181.3999939,-,783,-,42.34669113,-71.06476593,-,16.22999954,-,0
Mon May 08 09:20:38 EDT 2017,08-May-2017 09:22:07.507,-71.06471355,42.34667869,4.03,4.0,-17.0,106.8,5.04159021,0.01017536,5.59225655,-0.22108114,36.86274719,-0.04933397,0.25857866,0.01305706,-0.18645971,15.11361694,1005.73681641,-,181.3999939,-,1609,-,42.34667969,-71.06471252,-,16.22999954,-,9.94193935
Mon May 08 09:20:39 EDT 2017,08-May-2017 09:22:08.505,-71.06463795,42.34666101,5.99,3.0,-17.0,106.1,4.00011253,-0.17238252,7.44477034,-0.05295188,36.86274719,-0.13802178,0.07577977,0.0004271,-0.17212135,14.64033413,1005.79101562,-,181.3999939,-,1609,-,42.34666061,-71.06463623,-,16.22999954,-,9.94193935
Mon May 08 09:20:40 EDT 2017,08-May-2017 09:22:09.506,-71.06456855,42.34664194,6.33,3.0,-16.0,105.8,5.36061764,0.42497081,5.65330887,-0.01720555,31.76470566,-0.05937366,0.21220779,0.06925125,-0.16589791,14.64033413,1005.73779297,-,181.3999939,-,1609,-,42.34664154,-71.06456757,-,26.04000092,-,9.94193935
Mon May 08 09:20:41 EDT 2017,08-May-2017 09:22:10.506,-71.06446232,42.34662275,7.92,3.0,-16.0,106.5,6.02381134,-0.01855506,7.56328297,-0.02255161,38.4313736,-0.09156651,0.24137263,0.08804365,-0.230268,14.5070982,1005.78833008,-,181.3999939,-,2340,-,42.34662247,-71.06446075,-,26.04000092,-,17.39839363
Mon May 08 09:20:42 EDT 2017,08-May-2017 09:22:11.505,-71.06435572,42.34659669,9.74,3.0,-17.0,106.0,5.03081656,-0.70748663,8.31566143,0.00474852,38.4313736,-0.08446427,0.03636452,-0.04063553,-0.09524328,14.5070982,1005.75317383,-,181.3999939,-,2572,-,42.34659576,-71.06435394,-,30.85000038,-,17.39839363
Mon May 08 09:20:43 EDT 2017,08-May-2017 09:22:12.506,-71.06423571,42.34656869,10.68,3.0,-16.0,105.4,4.00609779,-0.08858547,8.38269901,-0.041484,31.76470566,-0.05256175,0.07638989,0.0089691,-0.0765119,13.74715519,1005.73925781,-,181.3999939,-,2572,-,42.34656906,-71.0642395,-,30.85000038,-,22.9907341
Mon May 08 09:20:44 EDT 2017,08-May-2017 09:22:13.505,-71.0641143,42.34654522,10.63,3.0,-15.0,103.6,3.80199242,-0.71167648,9.21288776,-0.07227955,30.19607925,-0.13591309,0.08304048,0.07156979,-0.17535514,29.39955139,1005.77880859,-,181.3999939,-,1428,-,42.34654617,-71.06411743,-,4.11000013,-,22.9907341
Mon May 08 09:20:45 EDT 2017,08-May-2017 09:22:14.505,-71.06399025,42.34652192,10.4,3.0,-15.0,104.9,4.5274353,-0.22984336,8.78851604,-0.02521969,30.19607925,-0.13595238,0.03520526,0.09945333,-0.15345095,14.26440048,1005.75708008,-,181.3999939,-,919,-,42.34652328,-71.06398773,-,4.19000006,-,22.36936378
Mon May 08 09:20:46 EDT 2017,08-May-2017 09:22:15.507,-71.06386336,42.34650517,10.16,3.0,-13.0,105.0,3.26329684,0.9115923,7.64528465,-0.13615781,30.19607925,-0.14726795,0.00067114,0.11092402,-0.15168156,14.26440048,1005.72998047,-,179.6000061,-,876,-,42.34650421,-71.06386566,-,3.05999994,-,22.36936378
Mon May 08 09:20:47 EDT 2017,08-May-2017 09:22:16.507,-71.06375168,42.34648197,9.58,3.0,-13.0,104.6,3.25372005,0.11013328,9.2164793,0.00779021,30.19607925,-0.05418891,-0.00567434,0.0208669,-0.0436252,13.76016521,1005.77978516,-,181.3999939,-,876,-,42.34648132,-71.06375122,-,3.05999994,-,21.12662125
Mon May 08 09:20:48 EDT 2017,08-May-2017 09:22:17.512,-71.06365349,42.34645652,8.64,3.0,-13.0,105.1,2.70065951,-0.33219549,8.82023907,-0.0476799,30.19607925,-0.10737626,-0.0617465,-0.03081223,-0.08200325,13.76016521,1005.80786133,-,181.3999939,-,876,-,42.34645462,-71.06365204,-,3.16000009,-,18.01976395
Mon May 08 09:20:49 EDT 2017,08-May-2017 09:22:18.509,-71.06356468,42.34643725,7.33,4.0,-13.0,104.9,2.54024792,-0.56323594,8.6765871,-0.04878664,30.19607925,-0.07630791,-0.07303414,-0.03941524,-0.04655389,13.67762089,1005.88378906,-,181.3999939,-,876,-,42.34643555,-71.06356812,-,3,-,18.01976395
Mon May 08 09:20:50 EDT 2017,08-May-2017 09:22:19.506,-71.06350473,42.34642283,5.52,4.0,-13.0,105.3,1.91117156,-0.36092591,9.0740242,-0.0512265,30.19607925,-0.06946586,-0.11629329,0.03422903,-0.02629711,13.69780827,1005.86547852,-,181.3999939,-,866,-,42.3464241,-71.06350708,-,3,-,11.18468189
Mon May 08 09:20:51 EDT 2017,08-May-2017 09:22:20.514,-71.0634677,42.34641585,3.45,4.0,-12.0,105.2,2.22600913,-0.19393034,8.7346468,-0.06954485,30.19607925,-0.08063221,-0.10506664,-0.00176941,-0.04063547,13.69780827,1005.88378906,-,181.3999939,-,846,-,42.34641647,-71.06346893,-,2.94000006,-,11.18468189
Mon May 08 09:20:52 EDT 2017,08-May-2017 09:22:21.506,-71.06344979,42.34640519,1.4,4.0,-12.0,105.2,3.58412004,-0.19333179,8.06786156,-0.08846915,30.19607925,-0.09956297,0.03337483,-0.0017084,-0.10860541,13.65788174,1005.8984375,-,181.3999939,-,846,-,42.34640503,-71.06344604,-,2.94000006,-,4.34959841
Mon May 08 09:20:53 EDT 2017,08-May-2017 09:22:22.513,-71.06345432,42.34640134,0.3,4.0,-11.0,105.2,4.32332993,-0.09995792,8.1702137,-0.06047313,30.19607925,-0.08773566,0.12764192,0.00634549,-0.14344461,13.97415161,1005.79858398,-,181.3999939,-,803,-,42.34640121,-71.06345367,-,2.94000006,-,0
Mon May 08 09:20:54 EDT 2017,08-May-2017 09:22:23.512,-71.06345736,42.34640174,0.0,4.0,-11.0,0.0,4.34727192,-0.07302316,8.07205105,-0.06369062,30.19607925,-0.06506919,0.11116809,0.01055548,-0.10817835,13.97415161,1005.87475586,-,181.3999939,-,798,-,42.34640121,-71.06345367,-,2.79999995,-,0
Mon May 08 09:20:55 EDT 2017,08-May-2017 09:22:24.512,-71.063459,42.34639662,0.0,4.0,-11.0,0.0,4.24731398,-0.09636662,7.86495256,-0.07075173,30.19607925,-0.08864446,0.08334554,0.00134232,-0.1203202,13.5111866,1005.82836914,-,181.3999939,-,798,-,42.3463974,-71.0634613,-,2.79999995,-,0
Mon May 08 09:20:56 EDT 2017,08-May-2017 09:22:25.507,-71.06345978,42.3463939,0.0,4.0,-10.0,0.0,3.80199242,0,7.75302362,-0.10836679,30.19607925,-0.04715438,0.10018548,0.00311173,-0.08230831,13.5111866,1005.86401367,-,181.3999939,-,796,-,42.34639359,-71.0634613,-,2.6500001,-,0
Mon May 08 09:20:57 EDT 2017,08-May-2017 09:22:26.513,-71.06345909,42.34639061,0.0,3.0,-11.0,0.0,7.16824007,0.49799395,5.91008711,-0.04019856,34.90196228,-0.05127593,0.39872855,0.06876313,-0.32856202,13.67537785,1005.78979492,-,183.19999695,-,796,-,42.34638977,-71.0634613,-,2.6500001,-,0
Mon May 08 09:20:58 EDT 2017,08-May-2017 09:22:27.512,-71.0634469,42.34638818,1.75,3.0,-11.0,105.2,6.0519433,0.0011971,7.21432829,-0.00312668,34.90196228,0.01429351,0.33149076,-0.02696832,-0.1655928,13.67537785,1005.80444336,-,183.19999695,-,1093,-,42.34638977,-71.06344604,-,20.94000053,-,4.34959841
Mon May 08 09:20:59 EDT 2017,08-May-2017 09:22:28.507,-71.06339451,42.34637716,3.94,3.0,-12.0,105.3,6.3536129,0.2645593,7.50223112,-0.05829924,36.86274719,-0.06799997,0.30568174,0.02098892,-0.25174502,12.71670151,1005.75561523,-,183.19999695,-,1093,-,42.34637833,-71.06339264,-,23.60000038,-,4.34959841
Mon May 08 09:21:00 EDT 2017,08-May-2017 09:22:29.505,-71.06332442,42.34635764,5.92,3.0,-12.0,104.7,4.02884293,0.40940848,8.67179871,-0.0129869,38.03921509,-0.02405499,0.07870845,0.05973301,-0.047042,14.79824543,1005.82617188,-,183.19999695,-,2737,-,42.34635925,-71.06332397,-,25.54999924,-,13.04879475
Mon May 08 09:21:01 EDT 2017,08-May-2017 09:22:30.506,-71.06324054,42.34634366,6.59,3.0,-11.0,104.3,5.97473049,0.59974754,7.20056152,-0.03286201,36.47058868,-0.10310888,0.25900573,0.08731148,-0.26034808,13.80143642,1005.77416992,-,183.19999695,-,2737,-,42.34634399,-71.06324005,-,25.54999924,-,13.04879475
Mon May 08 09:21:02 EDT 2017,08-May-2017 09:22:31.508,-71.06314828,42.34632319,7.82,4.0,-11.0,105.4,5.52581739,-0.04489128,8.64965248,-0.00635779,36.47058868,0.12784952,0.41544643,-0.08163715,-0.09280271,13.80143642,1005.82519531,-,183.19999695,-,1986,-,42.34632492,-71.0631485,-,27.70000076,-,18.64113617
Mon May 08 09:21:03 EDT 2017,08-May-2017 09:22:32.511,-71.0630272,42.34629814,9.68,4.0,-11.0,104.7,6.71813011,-2.79403329,9.89583397,-0.13696213,38.4313736,0.25249806,0.35284579,-0.26681557,0.07773223,15.43437195,1005.64208984,-,183.19999695,-,1986,-,42.34629822,-71.06302643,-,27.70000076,-,18.64113617
Mon May 08 09:21:04 EDT 2017,08-May-2017 09:22:33.508,-71.06289448,42.34628157,10.81,4.0,-11.0,102.8,3.73854589,-0.44232875,7.75242519,-0.0727893,38.4313736,-0.05685186,0.11171721,0.02495485,-0.0991482,15.43437195,1005.70996094,-,183.19999695,-,2783,-,42.34628296,-71.06289673,-,26.37000084,-,24.23347664
Mon May 08 09:21:05 EDT 2017,08-May-2017 09:22:34.505,-71.06275843,42.34624872,11.04,4.0,-10.0,106.0,3.61404753,-0.61171854,8.55927086,-0.03945458,31.37254906,-0.09766255,0.04142871,-0.00366086,-0.11019186,13.7314539,1005.68896484,-,181.3999939,-,2783,-,42.34624863,-71.0627594,-,26.37000084,-,24.23347664
Mon May 08 09:21:06 EDT 2017,08-May-2017 09:22:35.509,-71.06263714,42.34621894,10.73,4.0,-10.0,106.6,4.17608643,0.24361002,8.22887135,-0.04760903,31.37254906,-0.05868891,0.09371799,0.04283205,-0.0921926,14.36219788,1005.68286133,-,181.3999939,-,1755,-,42.34621811,-71.06263733,-,4.03000021,-,23.61210442
Mon May 08 09:21:07 EDT 2017,08-May-2017 09:22:36.512,-71.06251642,42.34619228,10.62,4.0,-9.0,107.8,3.97916317,0.73083007,7.81347704,-0.06376612,31.76470566,-0.08007444,0.1078733,0.01342315,-0.12343194,14.36219788,1005.69482422,-,181.3999939,-,1755,-,42.34619141,-71.06251526,-,5.96999979,-,23.61210442
Mon May 08 09:21:08 EDT 2017,08-May-2017 09:22:37.506,-71.06239338,42.34615804,10.66,4.0,-9.0,107.1,5.3642087,-0.97982705,6.94617748,-0.07259192,38.03921509,-0.09950236,0.21483137,-0.0818812,-0.2229463,14.20338917,1005.69702148,-,181.3999939,-,1732,-,42.34615707,-71.06239319,-,5.96999979,-,22.9907341
Mon May 08 09:21:09 EDT 2017,08-May-2017 09:22:38.506,-71.06226295,42.34612181,11.27,4.0,-9.0,108.5,4.47296715,0.11192893,7.00902557,-0.1409502,38.03921509,-0.32520077,0.08963002,0.0989042,-0.41068733,14.20338917,1005.59790039,-,181.3999939,-,1962,-,42.34612274,-71.06226349,-,22.23999977,-,22.9907341
Mon May 08 09:21:10 EDT 2017,08-May-2017 09:22:39.506,-71.06211719,42.34610195,12.32,4.0,-9.0,108.1,3.63739085,-0.72843587,8.0133934,-0.08845747,31.37254906,-0.09955128,0.03880509,-0.0562552,-0.11415773,14.48825645,1005.61889648,-,181.3999939,-,1962,-,42.34610367,-71.06211853,-,22.23999977,-,26.71896172
Mon May 08 09:21:11 EDT 2017,08-May-2017 09:22:40.506,-71.06198058,42.34607117,12.22,5.0,-9.0,108.3,3.59668946,0.16938977,7.59380913,-0.13190007,31.37254906,-0.22699867,-0.05442476,0.06363793,-0.21129256,14.48825645,1005.59423828,-,181.3999939,-,2004,-,42.34606934,-71.0619812,-,4.96000004,-,26.09758949
Mon May 08 09:21:12 EDT 2017,08-May-2017 09:22:41.512,-71.06184126,42.34604655,11.95,5.0,-9.0,108.9,3.63200402,-0.62668228,8.30129623,-0.04494678,30.98039246,-0.05040845,0.04386928,-0.02013472,-0.06016013,13.58206844,1005.62060547,-,181.3999939,-,2004,-,42.34604645,-71.06184387,-,4.96000004,-,26.09758949
Mon May 08 09:21:13 EDT 2017,08-May-2017 09:22:42.510,-71.06170957,42.34601973,11.41,6.0,-9.0,108.5,2.71921468,0.11312603,9.17458057,-0.04490264,30.98039246,-0.02415851,-0.05479085,0.02953093,0.00420997,13.58206844,1005.65380859,-,181.3999939,-,1845,-,42.34601974,-71.06170654,-,4.65999985,-,23.61210442
Mon May 08 09:21:14 EDT 2017,08-May-2017 09:22:43.505,-71.06159531,42.34599816,10.26,6.0,-10.0,108.4,1.74776721,-0.02873042,10.52431202,0.09891289,30.98039246,-0.06836889,-0.15131551,-0.03673062,-0.01903645,29.39955139,1005.63745117,-,181.3999939,-,1845,-,42.34599686,-71.0615921,-,3.67000008,-,23.61210442
Mon May 08 09:21:15 EDT 2017,08-May-2017 09:22:44.506,-71.06150969,42.34596619,8.41,6.0,-10.0,111.7,1.14083707,-2.09791923,8.3815012,-0.10021299,30.98039246,-0.07964128,-0.21232979,-0.14716652,-0.03386292,25.7380085,1005.66113281,-,181.3999939,-,866,-,42.34596634,-71.06150818,-,3.67000008,-,18.01976395
Mon May 08 09:21:16 EDT 2017,08-May-2017 09:22:45.506,-71.06144903,42.34593823,5.73,5.0,-11.0,122.1,3.67749381,-1.19769943,8.02416706,-0.04894866,30.19607925,-0.09167553,0.04289306,-0.10409041,-0.1130595,25.7380085,1005.6081543,-,181.3999939,-,1163,-,42.34593964,-71.06144714,-,3.13000011,-,18.01976395
Mon May 08 09:21:17 EDT 2017,08-May-2017 09:22:46.506,-71.06140759,42.34590291,4.73,5.0,-11.0,136.8,3.74572849,-1.69748902,8.88967133,-0.03620435,30.19607925,-0.03159866,0.02763947,-0.13777031,-0.04582176,14.70314026,1005.57861328,-,181.3999939,-,1163,-,42.34590149,-71.061409,-,3.13000011,-,9.94193935
Mon May 08 09:21:18 EDT 2017,08-May-2017 09:22:47.507,-71.06138078,42.3458675,4.35,4.0,-11.0,156.4,4.90931082,-1.58735573,7.11197615,-0.06415683,30.19607925,-0.10403419,0.16846053,-0.14381073,-0.20604531,14.70314026,1005.59277344,-,181.3999939,-,1194,-,42.34586716,-71.06137848,-,3,-,10.56331062
Mon May 08 09:21:19 EDT 2017,08-May-2017 09:22:48.506,-71.06138469,42.34583022,5.09,4.0,-13.0,172.9,4.25928497,-0.89962131,7.96910048,-0.06295085,32.15686417,-0.07403599,0.10219898,-0.07370529,-0.1186728,13.56636715,1005.56323242,-,181.3999939,-,1194,-,42.34582901,-71.06138611,-,3,-,10.56331062
Mon May 08 09:21:20 EDT 2017,08-May-2017 09:22:49.505,-71.06138492,42.34577566,6.0,3.0,-13.0,181.0,4.92666864,0.43873745,7.72070169,-0.05392224,32.15686417,-0.03141031,0.20531315,0.08291845,-0.12813003,13.97056198,1005.57958984,-,181.3999939,-,1534,-,42.3457756,-71.06138611,-,3.24000001,-,13.67016602
Mon May 08 09:21:21 EDT 2017,08-May-2017 09:22:50.505,-71.06138596,42.34570822,7.35,3.0,-13.0,180.1,4.71597862,-0.15502456,8.14387703,-0.05004501,33.33333206,-0.04023512,0.14875287,0.00219652,-0.10085665,13.97056198,1005.60546875,-,181.3999939,-,2017,-,42.34570694,-71.06138611,-,9.53999996,-,13.67016602
Mon May 08 09:21:22 EDT 2017,08-May-2017 09:22:51.507,-71.0613882,42.34563195,8.51,3.0,-14.0,180.5,4.87698889,-0.51954174,7.06588793,-0.03781371,36.47058868,0.00184049,0.23588131,-0.0055523,-0.10640895,14.88796616,1005.63110352,-,183.19999695,-,2017,-,42.34563065,-71.06138611,-,9.53999996,-,18.01976395
Mon May 08 09:21:23 EDT 2017,08-May-2017 09:22:52.508,-71.06139333,42.34553459,10.41,3.0,-15.0,182.4,4.55556726,-0.17477672,8.06786156,-0.04396772,36.47058868,-0.10202818,0.07620689,-0.06113634,-0.13545173,14.44519043,1005.84692383,-,183.19999695,-,2691,-,42.34553528,-71.06139374,-,28.20000076,-,24.85484695
Mon May 08 09:21:24 EDT 2017,08-May-2017 09:22:53.511,-71.06139847,42.34542943,11.62,3.0,-15.0,184.5,5.75625944,-1.48380649,7.4244194,-0.01908267,31.76470566,-0.03015281,0.25479576,-0.13325524,-0.17419586,14.44519043,1005.79174805,-,183.19999695,-,2691,-,42.34542847,-71.06140137,-,38.38999939,-,24.85484695
Mon May 08 09:21:25 EDT 2017,08-May-2017 09:22:54.505,-71.06142661,42.34531142,13.13,3.0,-16.0,189.4,4.58489609,-1.27072251,8.02536392,-0.03756344,39.2156868,-0.04411857,0.16278617,-0.07730513,-0.11909992,14.51876163,1005.77880859,-,183.19999695,-,2082,-,42.34531021,-71.06142426,-,38.38999939,-,29.20444679
Mon May 08 09:21:26 EDT 2017,08-May-2017 09:22:55.506,-71.06146385,42.34518028,14.66,4.0,-16.0,190.9,5.19960737,-1.10193133,7.32745409,-0.10130733,39.2156868,-0.14542049,0.15729491,0.01073852,-0.23075612,14.51876163,1005.84838867,-,181.3999939,-,2486,-,42.34518051,-71.0614624,-,30.52000046,-,34.17541504
Mon May 08 09:21:27 EDT 2017,08-May-2017 09:22:56.508,-71.06151417,42.34504347,15.72,4.0,-15.0,193.9,5.6467247,-0.62907648,7.48128176,-0.00171848,39.2156868,-0.04205919,0.24363014,-0.04612682,-0.16839948,14.38687134,1005.65014648,-,181.3999939,-,2486,-,42.34504318,-71.06151581,-,30.52000046,-,34.17541504
Mon May 08 09:21:28 EDT 2017,08-May-2017 09:22:57.522,-71.06155657,42.34490359,16.16,5.0,-14.0,192.9,5.10443783,-0.71766198,7.55729771,-0.05609661,39.2156868,0.02066669,0.27053747,-0.02397862,-0.10866647,14.5236969,1005.75341797,-,181.3999939,-,2811,-,42.34490204,-71.06155396,-,34.40999985,-,38.52501297
Mon May 08 09:21:29 EDT 2017,08-May-2017 09:22:58.505,-71.06160591,42.3447472,16.92,6.0,-15.0,193.3,5.40191746,-0.45489833,10.01315022,0.17209774,40.39215851,-0.05734691,0.15119344,-0.00957925,-0.12245572,14.5236969,1005.70410156,-,181.3999939,-,2699,-,42.34474564,-71.06160736,-,7.38000011,-,38.52501297
Mon May 08 09:21:30 EDT 2017,08-May-2017 09:22:59.507,-71.06169699,42.34458436,18.02,7.0,-15.0,198.6,4.90571928,-0.68653733,6.80132866,-0.16829462,36.86274719,-0.14201026,0.16809443,-0.05198419,-0.23771173,17.10588646,1005.55981445,-,181.3999939,-,2699,-,42.34458542,-71.06169891,-,7.38000011,-,38.52501297
Mon May 08 09:21:31 EDT 2017,08-May-2017 09:23:00.506,-71.06176139,42.34441338,17.63,6.0,-14.0,197.0,4.10306311,-0.57819968,8.2444334,-0.13775544,36.86274719,-0.14371395,0.1271538,-0.01098257,-0.20915705,14.49363899,1005.43725586,-,181.3999939,-,2173,-,42.34441376,-71.06175995,-,23.60000038,-,39.14638519
Mon May 08 09:21:32 EDT 2017,08-May-2017 09:23:01.506,-71.06182157,42.34427036,17.16,7.0,-14.0,196.0,4.79139614,-0.38546649,12.72278786,0.00124083,34.50980377,-0.14285393,0.05015377,-0.021294,0.36590284,14.49363899,1005.29248047,-,181.3999939,-,2148,-,42.3442688,-71.06182098,-,21.97999954,-,39.14638519
Mon May 08 09:21:33 EDT 2017,08-May-2017 09:23:02.509,-71.06188214,42.34413016,17.16,6.0,-14.0,198.0,4.86022949,-0.71107793,8.28034687,-0.00718707,34.11764908,-0.01825316,0.16345733,-0.05448578,-0.08694535,14.62194157,1005.15893555,-,181.3999939,-,2148,-,42.34413147,-71.06188202,-,21.97999954,-,37.90364456
Mon May 08 09:21:34 EDT 2017,08-May-2017 09:23:03.515,-71.06195683,42.34398885,16.7,6.0,-13.0,198.1,3.67390251,-0.73322427,7.7087307,-0.11491227,34.11764908,-0.02167311,0.13197394,-0.05546201,-0.0732172,14.62194157,1005.03100586,-,181.3999939,-,2051,-,42.34399033,-71.06195831,-,9.31000042,-,36.03952789
Mon May 08 09:21:35 EDT 2017,08-May-2017 09:23:04.519,-71.0620237,42.34384711,16.41,6.0,-13.0,198.0,3.76368499,-0.69491702,6.84083271,-0.13337071,34.90196228,-0.200675,0.05167911,-0.05283839,-0.23368481,14.39584351,1004.82104492,-,181.3999939,-,2051,-,42.34384537,-71.06202698,-,11,-,36.03952789
Mon May 08 09:21:36 EDT 2017,08-May-2017 09:23:05.507,-71.06208647,42.34371229,16.02,5.0,-11.0,198.8,3.27646494,-0.72783732,9.37748909,-0.03725287,32.54901886,0.01564075,0.00201346,-0.05619418,0.02489381,14.07239628,1004.71606445,-,181.3999939,-,2000,-,42.34371185,-71.06208801,-,11,-,34.79678726
Mon May 08 09:21:37 EDT 2017,08-May-2017 09:23:06.510,-71.06214071,42.3435756,15.7,5.0,-11.0,199.2,4.99909306,-0.05327099,7.91702652,-0.03412467,32.54901886,0.03209843,0.15814909,-0.06211257,-0.02666322,14.07239628,1004.76757812,-,181.3999939,-,1921,-,42.34357452,-71.06214142,-,7.51999998,-,34.17541504
Mon May 08 09:21:38 EDT 2017,08-May-2017 09:23:07.505,-71.06220794,42.34344915,15.33,4.0,-10.0,198.8,4.90152931,-0.82540101,9.26436329,0.08311886,36.86274719,0.0720836,0.16766731,-0.06613951,0.01336213,14.87226582,1004.74243164,-,181.3999939,-,1921,-,42.34344864,-71.06221008,-,19.92000008,-,34.17541504
Mon May 08 09:21:39 EDT 2017,08-May-2017 09:23:08.505,-71.06227475,42.34331332,15.62,4.0,-8.0,198.7,4.46039772,-0.01376666,8.00261879,-0.03359575,36.86274719,-0.06576385,0.12269977,0.01659589,-0.11525606,14.44698429,1004.64526367,-,181.3999939,-,1929,-,42.34331512,-71.06227112,-,19.92000008,-,34.17541504
Mon May 08 09:21:40 EDT 2017,08-May-2017 09:23:09.506,-71.06234382,42.34317655,15.75,4.0,-7.0,198.7,3.81935024,-0.88645315,7.33703089,-0.0529269,33.72549057,-0.04096216,0.03014106,-0.0072607,-0.04368625,14.44698429,1004.59106445,-,181.3999939,-,1936,-,42.3431778,-71.06234741,-,7.73000002,-,34.17541504
Mon May 08 09:21:41 EDT 2017,08-May-2017 09:23:10.505,-71.06240197,42.34304207,15.53,4.0,-7.0,198.4,4.14556026,-0.27114335,8.74422359,-0.0587274,32.15686417,-0.01281867,0.09060625,-0.00964026,-0.03965924,14.42545128,1004.54199219,-,181.3999939,-,1936,-,42.34304047,-71.06240082,-,7.73000002,-,34.17541504
Mon May 08 09:21:42 EDT 2017,08-May-2017 09:23:11.505,-71.06245303,42.34290595,15.57,4.0,-7.0,198.6,3.91870952,-0.66139823,8.54071617,-0.02834773,32.15686417,-0.10860565,0.09469422,0.02532094,-0.14875287,14.79510498,1004.49462891,-,181.3999939,-,1904,-,42.34290695,-71.06245422,-,7.51999998,-,34.17541504
Mon May 08 09:21:43 EDT 2017,08-May-2017 09:23:12.505,-71.06251629,42.34277377,15.5,3.0,-8.0,198.9,3.73315907,-0.02214637,9.20510674,0.02397269,31.76470566,-0.03218196,0.06546836,-0.03483917,-0.05051985,14.79510498,1004.40576172,-,181.3999939,-,1873,-,42.34277344,-71.06251526,-,4.61000013,-,34.17541504
Mon May 08 09:21:44 EDT 2017,08-May-2017 09:23:13.514,-71.06257658,42.34264229,15.22,3.0,-8.0,199.4,3.75829816,0.12150574,6.84322691,-0.02910939,32.54901886,-0.20377646,0.05112999,0.03038513,-0.23344074,23.83994865,1004.50146484,-,181.3999939,-,1873,-,42.34264374,-71.06257629,-,4.61000013,-,33.55404282
Mon May 08 09:21:45 EDT 2017,08-May-2017 09:23:14.506,-71.0626358,42.34251507,15.08,3.0,-8.0,199.1,4.90033245,0.56263739,7.45015717,-0.06621901,32.54901886,0.05451876,0.22837655,-0.03215454,-0.03953724,23.83994865,1004.50952148,-,181.3999939,-,1876,-,42.34251404,-71.06263733,-,9.38000011,-,33.55404282
Mon May 08 09:21:46 EDT 2017,08-May-2017 09:23:15.505,-71.06269387,42.34238466,15.62,3.0,-9.0,199.0,3.49733019,0.20949265,7.84041214,-0.11320388,30.98039246,-0.13570209,0.06290576,0.0008542,-0.16272517,13.43806458,1004.55273438,-,181.3999939,-,1876,-,42.34238434,-71.06269073,-,4.80999994,-,33.55404282
Mon May 08 09:21:47 EDT 2017,08-May-2017 09:23:16.507,-71.0627522,42.34225284,15.4,3.0,-9.0,198.2,3.33332729,1.51971948,7.71770906,-0.11774784,30.98039246,-0.12885165,0.00780982,0.17291456,-0.14429884,29.39955139,1004.62475586,-,181.3999939,-,1902,-,42.34225464,-71.06275177,-,4.80999994,-,33.55404282
Mon May 08 09:21:48 EDT 2017,08-May-2017 09:23:17.505,-71.06280642,42.34212572,14.96,3.0,-9.0,197.6,3.96419954,-0.08379706,8.45392609,-0.03675365,30.98039246,-0.10502827,0.05863476,-0.02721238,-0.12739785,29.39955139,1004.60717773,-,181.3999939,-,1833,-,42.34212494,-71.06280518,-,4.46000004,-,32.31130219
Mon May 08 09:21:49 EDT 2017,08-May-2017 09:23:18.506,-71.0628625,42.34199969,14.53,3.0,-10.0,197.2,4.06056595,-0.40641573,7.84579897,-0.05079799,30.98039246,0.04122571,0.0819422,-0.02342949,-0.13124177,29.39955139,1004.56201172,-,181.3999939,-,1777,-,42.34199905,-71.06286621,-,4.55999994,-,31.06855965
Mon May 08 09:21:50 EDT 2017,08-May-2017 09:23:19.506,-71.0629157,42.34188228,14.0,3.0,-10.0,198.7,3.56556487,-1.16777194,8.27555847,-0.05134122,30.98039246,-0.07344984,0.03148338,-0.10103971,-0.08743346,29.39955139,1004.55053711,-,181.3999939,-,1777,-,42.3418808,-71.06291199,-,4.11000013,-,31.06855965
Mon May 08 09:21:51 EDT 2017,08-May-2017 09:23:20.507,-71.06296691,42.34176851,13.3,3.0,-10.0,200.1,3.57214904,-0.08319851,8.58860016,-0.04036057,30.98039246,-0.06448085,0.01647385,-0.0289818,-0.06443105,29.39955139,1004.50415039,-,181.3999939,-,1668,-,42.34177017,-71.06296539,-,4.11000013,-,29.20444679
Mon May 08 09:21:52 EDT 2017,08-May-2017 09:23:21.506,-71.0630214,42.34165742,12.59,3.0,-10.0,201.0,1.81839621,-0.43035775,9.49959373,-0.00168383,30.58823586,-0.01274801,-0.1466174,-0.02587007,0.03734077,29.39955139,1004.5456543,-,181.3999939,-,1668,-,42.34165573,-71.0630188,-,3.5999999,-,29.20444679
Mon May 08 09:21:53 EDT 2017,08-May-2017 09:23:22.506,-71.06306918,42.34156786,10.53,3.0,-10.0,201.7,3.34649539,-0.4429273,9.60493851,-0.04149375,30.98039246,0.03815955,0.00915214,-0.02715137,0.04807928,29.39955139,1004.65649414,-,181.3999939,-,1395,-,42.34156799,-71.0630722,-,3.5999999,-,23.61210442
Mon May 08 09:21:54 EDT 2017,08-May-2017 09:23:23.511,-71.0631057,42.34149678,8.77,3.0,-10.0,201.9,4.8434701,-0.82959092,8.13789177,-0.08683226,30.98039246,-0.11343838,0.02245327,-0.05595012,-0.1220896,14.68474674,1004.69262695,-,181.3999939,-,869,-,42.34149551,-71.06310272,-,3.45000005,-,18.64113617
Mon May 08 09:21:55 EDT 2017,08-May-2017 09:23:24.507,-71.06314195,42.34143387,8.07,3.0,-9.0,201.7,4.77523518,-0.10295067,7.54712248,-0.06278875,30.58823586,-0.08923572,0.15479329,0.00750476,-0.1616879,14.68474674,1004.72558594,-,181.3999939,-,869,-,42.34143448,-71.06314087,-,3.30999994,-,18.64113617
Mon May 08 09:21:56 EDT 2017,08-May-2017 09:23:25.509,-71.06318283,42.34136586,8.38,3.0,-9.0,201.4,5.21636677,-0.55605334,7.25802231,-0.07571745,38.03921509,-0.09928317,0.11525601,-0.09853811,-0.15827109,12.56058598,1004.70214844,-,181.3999939,-,1351,-,42.34136581,-71.06317902,-,3.30999994,-,18.64113617
Mon May 08 09:21:57 EDT 2017,08-May-2017 09:23:26.510,-71.06322487,42.34128845,9.54,3.0,-10.0,201.4,3.84568644,-0.51894319,8.18517685,-0.06520808,38.03921509,-0.05652231,0.07998975,-0.0289818,-0.08389466,12.56058598,1004.76342773,-,179.6000061,-,1580,-,42.34128952,-71.06322479,-,8.38000011,-,21.12662125
Mon May 08 09:21:58 EDT 2017,08-May-2017 09:23:27.506,-71.06327476,42.34121301,9.4,3.0,-9.0,201.3,2.03148007,-0.29089549,9.74021149,-0.04867003,30.58823586,0.01503133,-0.12489631,-0.01165373,0.06186857,13.90955257,1004.79614258,-,179.6000061,-,1580,-,42.34121323,-71.0632782,-,3.42000008,-,21.12662125
Mon May 08 09:21:59 EDT 2017,08-May-2017 09:23:28.505,-71.06331242,42.34115411,7.56,3.0,-10.0,201.8,2.57496405,0.63745618,9.1278944,-0.06337847,30.58823586,-0.08824458,-0.09286379,-0.04234393,-0.05357054,29.39955139,1004.83203125,-,179.6000061,-,1293,-,42.34115601,-71.06330872,-,3.42000008,-,15.53427982
Mon May 08 09:22:00 EDT 2017,08-May-2017 09:23:29.507,-71.06333748,42.34110883,5.92,3.0,-9.0,202.2,3.59489393,-0.09397241,9.32661247,0.03035027,30.58823586,-0.06216491,0.1133646,0.04087959,-0.1063479,29.39955139,1004.75341797,-,179.6000061,-,1445,-,42.34111023,-71.06333923,-,2.88000011,-,15.53427982
Mon May 08 09:22:01 EDT 2017,08-May-2017 09:23:30.511,-71.06336642,42.34106373,5.57,3.0,-9.0,202.4,3.38300705,-0.62668228,9.7372179,0.06412214,30.19607925,0.0530804,0.01287402,-0.04588276,0.06156342,14.52279949,1004.71606445,-,179.6000061,-,1445,-,42.34106445,-71.06336975,-,2.88000011,-,11.80605221
Mon May 08 09:22:02 EDT 2017,08-May-2017 09:23:31.509,-71.0633869,42.34102076,5.21,3.0,-10.0,202.1,3.49613309,-0.06224924,8.05229855,-0.09372169,30.19607925,-0.05374166,0.02977498,-0.06516328,-0.0609533,14.52279949,1004.77807617,-,179.6000061,-,1278,-,42.34102249,-71.06338501,-,3.42000008,-,9.94193935
Mon May 08 09:22:03 EDT 2017,08-May-2017 09:23:32.505,-71.06340318,42.34098689,4.42,3.0,-9.0,200.2,5.52222633,0.21667525,8.82921696,-0.01061109,30.98039246,-0.17557499,0.25644317,0.16345733,-0.37261438,29.39955139,1004.78955078,-,181.3999939,-,1278,-,42.34098816,-71.06340027,-,20.43000031,-,9.94193935
Mon May 08 09:22:04 EDT 2017,08-May-2017 09:23:33.513,-71.06340912,42.34093169,5.71,3.0,-10.0,190.6,6.04116964,-0.01556231,6.54395199,-0.04931669,39.60784531,-0.09182679,0.2838386,0.01641285,-0.26394787,14.59457588,1004.80395508,-,181.3999939,-,1764,-,42.34093094,-71.0634079,-,25.10000038,-,12.42742348
Mon May 08 09:22:05 EDT 2017,08-May-2017 09:23:34.508,-71.06342558,42.34085531,8.24,3.0,-11.0,192.1,6.94198799,-0.73083007,7.19637156,0.03338104,46.27450943,-0.1115095,0.25754139,-0.10433447,-0.27804217,14.5214529,1004.73754883,-,181.3999939,-,1764,-,42.34085464,-71.06342316,-,25.10000038,-,16.77702141
Mon May 08 09:22:06 EDT 2017,08-May-2017 09:23:35.509,-71.06346792,42.34075973,10.82,3.0,-11.0,196.7,5.80713606,-0.01496376,6.56669664,-0.09501022,46.27450943,-0.10610629,0.25998196,0.01647387,-0.26162934,14.5214529,1004.70239258,-,181.3999939,-,2894,-,42.34075928,-71.06346893,-,46.84000015,-,26.71896172
Mon May 08 09:22:07 EDT 2017,08-May-2017 09:23:36.506,-71.06352667,42.34064784,13.4,3.0,-12.0,199.7,3.97198057,-1.04925895,9.4768486,-0.07481682,33.33333206,0.05326485,0.07291209,-0.08895887,0.03502221,14.56093121,1004.83154297,-,181.3999939,-,2894,-,42.34064865,-71.06352997,-,9.38000011,-,26.71896172
Mon May 08 09:22:08 EDT 2017,08-May-2017 09:23:37.505,-71.06358413,42.34052941,14.34,3.0,-13.0,200.8,5.66408253,-0.33159694,4.55736303,-0.02967002,49.41176605,-0.08602314,0.22660716,0.13496365,-0.21751599,14.69865417,1004.828125,-,181.3999939,-,2789,-,42.3405304,-71.06358337,-,9.38000011,-,31.68992996
Mon May 08 09:22:09 EDT 2017,08-May-2017 09:23:38.506,-71.06365993,42.34038949,16.37,3.0,-13.0,201.7,6.2183404,0.00957681,7.43998194,-0.13804108,49.41176605,-0.01123711,0.30189881,0.01897545,-0.17260945,14.69865417,1004.80053711,-,181.3999939,-,2789,-,42.34038925,-71.06365967,-,50.45999908,-,31.68992996
Mon May 08 09:22:10 EDT 2017,08-May-2017 09:23:39.505,-71.06374481,42.34023171,18.48,3.0,-14.0,202.2,4.85544109,-1.35451961,5.77601147,-0.20711935,50.19607925,-0.21825373,0.16296923,-0.12007617,-0.34222928,14.40616131,1004.86303711,-,181.3999939,-,2903,-,42.34023285,-71.06374359,-,50.45999908,-,40.38912582
Mon May 08 09:22:11 EDT 2017,08-May-2017 09:23:40.505,-71.06383961,42.34006345,20.21,3.0,-14.0,202.0,4.49870491,0.01316811,9.43435192,0.07685059,50.19607925,-0.01459703,-0.00262363,-0.04283205,-0.00463703,14.40616131,1005.07055664,-,181.3999939,-,3263,-,42.340065,-71.06384277,-,11.35999966,-,45.36009598
Mon May 08 09:22:12 EDT 2017,08-May-2017 09:23:41.506,-71.06393485,42.3398887,20.79,3.0,-15.0,202.3,2.68569565,1.02232409,6.02680445,-0.13192664,35.68627548,-0.31914964,-0.05820767,0.12221166,-0.31666425,13.96383381,1005.06835938,-,181.3999939,-,3263,-,42.33988953,-71.06393433,-,11.35999966,-,45.36009598
Mon May 08 09:22:13 EDT 2017,08-May-2017 09:23:42.516,-71.0640272,42.33970275,21.23,3.0,-15.0,201.3,3.43927073,1.29705882,8.5383215,-0.0949742,35.68627548,0.06191088,0.10945969,-0.01208083,0.03392397,29.39955139,1005.32299805,-,181.3999939,-,2600,-,42.33970261,-71.06402588,-,7.80000019,-,46.60284042
Mon May 08 09:22:14 EDT 2017,08-May-2017 09:23:43.508,-71.06411038,42.33952567,21.31,3.0,-16.0,200.3,3.80618215,-0.44592008,9.02554226,0.01093453,31.76470566,-0.20127757,0.04576074,0.02190414,-0.22758338,29.39955139,1005.34692383,-,181.3999939,-,2600,-,42.33952713,-71.0641098,-,6.19000006,-,46.60284042
Mon May 08 09:22:15 EDT 2017,08-May-2017 09:23:44.508,-71.06419411,42.33934935,21.27,3.0,-17.0,200.1,5.86280155,-1.79265857,11.33594608,0.32512003,31.76470566,0.31416753,0.26565632,-0.16473866,0.22453265,29.39955139,1005.52832031,-,181.3999939,-,2612,-,42.33934784,-71.06419373,-,6.19000006,-,46.60284042
Mon May 08 09:22:16 EDT 2017,08-May-2017 09:23:45.506,-71.06428497,42.33916987,21.19,3.0,-18.0,200.7,3.37821865,-0.18315643,7.92420912,-0.11029029,31.76470566,-0.1734225,0.01153171,0.00884708,-0.1795651,29.39955139,1005.61328125,-,181.3999939,-,2612,-,42.33916855,-71.06428528,-,6.19000006,-,46.60284042
Mon May 08 09:22:17 EDT 2017,08-May-2017 09:23:46.505,-71.06437742,42.33898972,21.16,3.0,-19.0,201.1,4.53282213,-1.23121822,8.86034203,-0.03697984,34.50980377,-0.0300616,0.08627423,-0.00921316,-0.05668228,16.65817642,1005.64501953,-,181.3999939,-,2593,-,42.33898926,-71.06437683,-,6.19000006,-,46.60284042
Mon May 08 09:22:18 EDT 2017,08-May-2017 09:23:47.507,-71.0644694,42.33881698,21.43,3.0,-19.0,201.3,3.59908366,-0.33818099,7.86195993,-0.11672518,34.50980377,-0.11761734,0.03490018,-0.01647386,-0.12959437,16.65817642,1005.66748047,-,181.3999939,-,2561,-,42.3388176,-71.06446838,-,11.53999996,-,45.9814682
Mon May 08 09:22:19 EDT 2017,08-May-2017 09:23:48.505,-71.06456609,42.33864007,21.47,3.0,-18.0,201.3,4.76027155,-0.06703765,7.65665722,-0.06953186,34.50980377,-0.13617714,0.09011813,-0.01769415,-0.17852788,14.42141438,1005.66015625,-,181.3999939,-,2561,-,42.33863831,-71.06456757,-,11.53999996,-,45.9814682
Mon May 08 09:22:20 EDT 2017,08-May-2017 09:23:49.508,-71.06466482,42.33845546,21.79,3.0,-19.0,201.5,3.55778384,-0.59795189,7.89368296,-0.13329399,37.64706039,-0.05619615,0.0835896,-0.02068385,-0.08487088,13.71530437,1005.6784668,-,181.3999939,-,1790,-,42.3384552,-71.06466675,-,19.40999985,-,47.84558105
Mon May 08 09:22:21 EDT 2017,08-May-2017 09:23:50.510,-71.06476536,42.33826653,21.99,3.0,-19.0,201.7,3.77206469,-0.41958386,7.66383982,-0.03039061,30.98039246,-0.12792525,0.05253331,-0.02477181,-0.14979009,13.87770176,1005.77587891,-,181.3999939,-,1815,-,42.33826828,-71.06476593,-,19.40999985,-,48.46695328
Mon May 08 09:22:22 EDT 2017,08-May-2017 09:23:51.509,-71.06486293,42.33808867,21.67,3.0,-19.0,202.0,4.10246468,-0.61710548,8.80766964,-0.04457553,30.98039246,-0.04969677,0.03441206,-0.01494851,-0.05515688,13.87770176,1005.92675781,-,181.3999939,-,1765,-,42.33808899,-71.06486511,-,4.40999985,-,48.46695328
Mon May 08 09:22:23 EDT 2017,08-May-2017 09:23:52.506,-71.06496063,42.33790938,21.31,3.0,-20.0,201.6,3.69425321,-0.16101007,8.15225697,-0.03251946,30.98039246,-0.02110426,0.04460146,0.00158637,-0.10000242,29.39955139,1005.82324219,-,181.3999939,-,1765,-,42.3379097,-71.06496429,-,4.40999985,-,46.60284042
Mon May 08 09:22:24 EDT 2017,08-May-2017 09:23:53.507,-71.06505286,42.33773533,20.85,3.0,-19.0,200.9,3.727772,-0.36571431,8.40664101,-0.0504387,30.98039246,-0.06151956,0.04801825,-0.01928052,-0.07407133,29.39955139,1005.86743164,-,181.3999939,-,1707,-,42.33773422,-71.06505585,-,4.30999994,-,45.36009598
Mon May 08 09:22:25 EDT 2017,08-May-2017 09:23:54.506,-71.06513461,42.33755876,20.52,3.0,-19.0,199.6,4.0258503,-0.64344168,8.03015232,-0.07057399,30.98039246,-0.08693719,0.03538829,0.03014107,-0.09554844,29.39955139,1005.93139648,-,181.3999939,-,1707,-,42.33755875,-71.06513214,-,4.30999994,-,45.36009598
Mon May 08 09:22:26 EDT 2017,08-May-2017 09:23:55.505,-71.06521225,42.33738504,20.1,3.0,-20.0,198.3,3.88938069,-0.24959552,8.69334602,-0.0556994,30.98039246,-0.02851578,0.06449213,-0.00744374,-0.04484554,29.39955139,1005.81835938,-,181.3999939,-,1656,-,42.33738327,-71.06521606,-,4.11000013,-,44.11735535
Mon May 08 09:22:27 EDT 2017,08-May-2017 09:23:56.506,-71.06528271,42.33721549,19.7,3.0,-19.0,196.9,4.67168617,-0.06404489,8.05648899,-0.08481051,30.58823586,-0.05031754,0.14423785,0.01147069,-0.1097647,29.39955139,1005.86401367,-,181.3999939,-,1656,-,42.33721542,-71.06528473,-,4.03000021,-,44.11735535
Mon May 08 09:22:28 EDT 2017,08-May-2017 09:23:57.505,-71.06534459,42.33705065,19.29,3.0,-19.0,195.9,4.79199457,-0.85173726,7.38431644,-0.08706695,31.76470566,0.4363057,0.37963104,-0.05167912,0.31410173,14.41961956,1005.78930664,-,181.3999939,-,1600,-,42.33705139,-71.06534576,-,4.03000021,-,42.25324249
Mon May 08 09:22:29 EDT 2017,08-May-2017 09:23:58.508,-71.06540313,42.33688499,19.23,3.0,-19.0,194.0,3.47458529,0.34057519,7.08085155,-0.18383241,31.76470566,-0.19495882,0.02220921,0.05271636,-0.20921806,14.41961956,1005.81665039,-,181.3999939,-,1581,-,42.33688354,-71.0654068,-,7.23999977,-,42.25324249
Mon May 08 09:22:30 EDT 2017,08-May-2017 09:23:59.509,-71.06545469,42.3367198,19.26,3.0,-19.0,192.6,4.8219223,0.15741876,7.56268454,-0.0741744,34.11764908,-0.06891208,0.1044565,0.10854446,-0.11391372,13.63006783,1005.76660156,-,181.3999939,-,1581,-,42.33671951,-71.06545258,-,7.23999977,-,42.25324249
Mon May 08 09:22:31 EDT 2017,08-May-2017 09:24:00.506,-71.06549353,42.33654819,19.46,3.0,-20.0,189.8,4.81892967,0.08918402,9.123106,-0.09855248,34.11764908,-0.27208096,0.10488361,0.02544297,-0.34912387,13.63006783,1005.92211914,-,181.3999939,-,1609,-,42.33654785,-71.06549072,-,13.06000042,-,42.8746109
Mon May 08 09:22:32 EDT 2017,08-May-2017 09:24:01.505,-71.06552356,42.33637266,19.73,3.0,-21.0,187.8,5.27562332,-0.05746084,7.43220043,-0.03587948,34.11764908,-0.07058527,0.20580126,0.01214185,-0.17340268,13.84001732,1005.92089844,-,181.3999939,-,1609,-,42.33637238,-71.06552124,-,19.53000069,-,42.8746109
Mon May 08 09:22:33 EDT 2017,08-May-2017 09:24:02.506,-71.06554967,42.33618919,20.1,3.0,-21.0,185.7,4.79857874,0.76075757,6.38892746,-0.17041057,34.11764908,0.08348937,0.19073072,0.0976229,0.01427741,14.68295288,1005.88305664,-,181.3999939,-,1655,-,42.33618927,-71.06555176,-,19.53000069,-,44.11735535
Mon May 08 09:22:34 EDT 2017,08-May-2017 09:24:03.508,-71.06555662,42.33600876,20.27,3.0,-21.0,182.4,5.12718296,1.10432553,8.5335331,0.03244334,35.68627548,0.01655762,0.20299463,0.07376631,-0.06882417,14.68295288,1005.95507812,-,181.3999939,-,1712,-,42.33600998,-71.06555939,-,18.89999962,-,44.11735535
Mon May 08 09:22:35 EDT 2017,08-May-2017 09:24:04.505,-71.06555717,42.33580881,21.08,4.0,-22.0,179.1,4.88536835,1.06302559,8.4108305,-0.03121454,35.68627548,-0.00224578,0.16601992,0.12636065,-0.07364427,14.45550823,1006.04907227,-,181.3999939,-,1712,-,42.3358078,-71.06555939,-,18.89999962,-,45.9814682
Mon May 08 09:22:36 EDT 2017,08-May-2017 09:24:05.510,-71.06551946,42.33562062,21.37,3.0,-22.0,174.6,4.42568207,0.68953007,8.43297672,-0.23546417,35.68627548,-0.17430887,0.05424171,0.18584958,-0.22111584,14.45550823,1005.875,-,181.3999939,-,1766,-,42.33562088,-71.06552124,-,12.97000027,-,45.9814682
Mon May 08 09:22:37 EDT 2017,08-May-2017 09:24:06.510,-71.06547501,42.33543207,20.65,3.0,-22.0,169.9,4.69443083,0.56203884,8.44614506,-0.08228816,33.72549057,-0.08746482,0.13862453,0.14222436,-0.15949138,14.68160725,1005.96801758,-,181.3999939,-,1766,-,42.33543396,-71.06547546,-,12.97000027,-,47.22420883
Mon May 08 09:22:38 EDT 2017,08-May-2017 09:24:07.508,-71.06540931,42.33525047,20.66,4.0,-22.0,165.9,4.11443567,1.38025725,8.0373354,-0.05749404,33.72549057,-0.06857733,0.08743351,0.15869823,-0.11171716,14.68160725,1006.0012207,-,181.3999939,-,1792,-,42.33525085,-71.0654068,-,13.51000023,-,47.84558105
Mon May 08 09:22:39 EDT 2017,08-May-2017 09:24:08.505,-71.06532509,42.3350627,21.85,3.0,-22.0,162.9,4.78421354,0.70988083,8.6813755,0.0244239,33.72549057,0.0246635,0.14094305,0.09139944,-0.02538193,14.57079983,1005.98339844,-,181.3999939,-,1792,-,42.33506393,-71.06532288,-,13.51000023,-,47.84558105
Mon May 08 09:22:40 EDT 2017,08-May-2017 09:24:09.506,-71.06523055,42.33487536,21.95,3.0,-22.0,159.1,3.8534677,1.02232409,7.48966169,-0.04060414,33.72549057,-0.13480589,0.06083127,0.12221166,-0.16754526,14.57079983,1005.99560547,-,181.3999939,-,1807,-,42.33487701,-71.06523132,-,11.18000031,-,47.84558105
Mon May 08 09:22:41 EDT 2017,08-May-2017 09:24:10.508,-71.06511944,42.3346909,22.02,3.0,-22.0,156.1,4.62320328,0.09995792,7.33343983,-0.05528381,33.33333206,-0.11593876,0.13929565,0.02818861,-0.18347001,14.57079983,1005.9309082,-,183.19999695,-,1807,-,42.33469009,-71.06511688,-,17.67000008,-,47.84558105
Mon May 08 09:22:42 EDT 2017,08-May-2017 09:24:11.507,-71.06500195,42.33450315,22.2,3.0,-22.0,153.9,4.61961222,-0.50158525,6.91146183,-0.13963765,34.11764908,0.00183705,0.16583692,0.07858644,-0.06412599,14.2442131,1005.93798828,-,183.19999695,-,1825,-,42.33450317,-71.06500244,-,17.67000008,-,48.46695328
Mon May 08 09:22:43 EDT 2017,08-May-2017 09:24:12.504,-71.06487333,42.33432556,22.4,3.0,-22.0,152.0,4.5322237,-0.51475334,7.41005421,-0.10160249,34.11764908,-0.11270083,0.13002148,-0.03447308,-0.17566019,14.2442131,1005.94165039,-,183.19999695,-,1851,-,42.33432388,-71.06487274,-,18.01000023,-,48.46695328
Mon May 08 09:22:44 EDT 2017,08-May-2017 09:24:13.511,-71.0647331,42.33414848,22.56,3.0,-22.0,150.5,4.79498768,0.27593175,7.65366411,-0.05096914,34.50980377,0.00061227,0.1568068,0.04612682,-0.05875674,14.36444092,1005.90649414,-,183.19999695,-,1851,-,42.33414841,-71.06473541,-,18.01000023,-,49.0883255
Mon May 08 09:22:45 EDT 2017,08-May-2017 09:24:14.507,-71.06459075,42.33396988,22.7,3.0,-21.0,149.0,4.85065269,0.60872579,8.6664114,-0.05807161,34.50980377,-0.09393812,0.10250404,0.02477181,-0.13630596,14.74396324,1005.95800781,-,183.19999695,-,1875,-,42.33396912,-71.06459045,-,14.01000023,-,49.70969391
Mon May 08 09:22:46 EDT 2017,08-May-2017 09:24:15.507,-71.06445041,42.33379993,22.31,4.0,-20.0,148.7,4.56753826,-0.35673606,7.34720659,-0.08351414,33.72549057,-0.11706997,0.13362134,-0.01836531,-0.18206668,14.74396324,1005.96289062,-,183.19999695,-,1875,-,42.33380127,-71.06445312,-,11.09000015,-,49.70969391
Mon May 08 09:22:47 EDT 2017,08-May-2017 09:24:16.506,-71.06428091,42.33362209,23.55,3.0,-21.0,144.4,4.82311916,0.09397241,7.85956573,-0.04854417,36.07843018,-0.08118984,0.1411261,-0.03306976,-0.14539707,14.1477623,1005.83154297,-,183.19999695,-,1881,-,42.33362198,-71.06427765,-,11.09000015,-,50.33106613
Mon May 08 09:22:48 EDT 2017,08-May-2017 09:24:17.507,-71.06412658,42.3334413,23.13,3.0,-20.0,146.1,4.24372244,-0.65002578,8.22348404,-0.04296029,31.76470566,-0.10163763,0.09981941,-0.01098257,-0.14411579,14.50620174,1005.96118164,-,183.19999695,-,1901,-,42.33344269,-71.06412506,-,11.18000031,-,50.33106613
Mon May 08 09:22:49 EDT 2017,08-May-2017 09:24:18.509,-71.06396677,42.3332636,23.0,3.0,-20.0,145.3,4.27365017,-0.21547815,7.2867527,-0.07631261,31.76470566,-0.13831095,0.10366333,-0.00396593,-0.18822916,29.39955139,1006.0324707,-,183.19999695,-,1884,-,42.3332634,-71.06396484,-,5.05999994,-,50.33106613
Mon May 08 09:22:50 EDT 2017,08-May-2017 09:24:19.513,-71.06381502,42.33310037,22.77,3.0,-19.0,144.9,4.39336014,-0.42137951,7.72489166,-0.06621536,32.15686417,-0.13790686,0.09030119,-0.07449847,-0.18548347,29.39955139,1005.97998047,-,183.19999695,-,1866,-,42.33309937,-71.06381226,-,6.78999996,-,50.33106613
Mon May 08 09:22:51 EDT 2017,08-May-2017 09:24:20.516,-71.0636603,42.33292992,22.65,3.0,-19.0,145.3,4.62559748,0.05386954,8.56585503,-0.01474869,32.15686417,-0.0603037,0.08249137,0.02977499,-0.08810463,13.23035812,1005.71435547,-,183.19999695,-,1866,-,42.33293152,-71.06365967,-,6.78999996,-,49.70969391
Mon May 08 09:22:52 EDT 2017,08-May-2017 09:24:21.506,-71.06350546,42.33276303,22.53,3.0,-19.0,145.6,4.44902515,-0.46088383,7.06768322,-0.13598776,31.37254906,-0.14709786,0.12154049,-0.0289818,-0.2105604,13.23035812,1006.01464844,-,183.19999695,-,1851,-,42.33276367,-71.06350708,-,6.19000006,-,49.70969391
Mon May 08 09:22:53 EDT 2017,08-May-2017 09:24:22.508,-71.06335301,42.33259315,22.46,3.0,-20.0,146.3,4.72136593,-0.2657564,9.24700546,0.07011706,32.94117737,-0.09235157,0.09737884,-0.06772589,-0.13630596,13.99254513,1006.00756836,-,183.19999695,-,1851,-,42.33259201,-71.06335449,-,6.19000006,-,49.0883255
Mon May 08 09:22:54 EDT 2017,08-May-2017 09:24:23.512,-71.06320659,42.33242575,22.55,3.0,-20.0,147.0,5.04159021,-0.4333505,9.15782166,0.03644456,32.94117737,0.05156782,0.13172989,0.05198419,0.01177579,13.99254513,1006.1003418,-,183.19999695,-,1857,-,42.33242416,-71.06320953,-,8.07999992,-,49.0883255
Mon May 08 09:22:55 EDT 2017,08-May-2017 09:24:24.508,-71.06306161,42.33225123,22.58,3.0,-21.0,148.1,4.50828171,0.12090719,7.56867027,-0.11277781,34.50980377,-0.10158437,0.12758091,0.03032411,-0.15949138,13.7686882,1006.1796875,-,183.19999695,-,1857,-,42.3322525,-71.06306458,-,8.07999992,-,49.0883255
Mon May 08 09:22:56 EDT 2017,08-May-2017 09:24:25.508,-71.06291375,42.33207571,22.77,3.0,-21.0,148.7,4.48912811,-0.14724341,9.21228981,0.05614275,34.50980377,0.00367777,0.1638234,0.04155075,-0.0590618,14.99114704,1006.0090332,-,183.19999695,-,1883,-,42.33207703,-71.06291199,-,15.56999969,-,50.33106613
Mon May 08 09:22:57 EDT 2017,08-May-2017 09:24:26.522,-71.06276823,42.33189196,23.6,3.0,-21.0,149.6,4.94163227,0.0748188,8.39586639,0.00451845,34.11764908,-0.01321749,0.13697714,0.02562601,-0.07516965,14.99114704,1005.74072266,-,183.19999695,-,1888,-,42.33189011,-71.06276703,-,11.63000011,-,50.33106613
Mon May 08 09:22:58 EDT 2017,08-May-2017 09:24:27.507,-71.06262565,42.33171634,23.2,4.0,-21.0,149.2,4.60883808,0.77033442,9.00339508,-0.02804885,32.94117737,0.03437591,0.1378313,0.09652465,-0.01324013,14.28144836,1005.96191406,-,183.19999695,-,1888,-,42.33171463,-71.06262207,-,11.63000011,-,50.33106613
Mon May 08 09:22:59 EDT 2017,08-May-2017 09:24:28.507,-71.06248073,42.33154174,22.67,3.0,-20.0,148.4,4.04799652,-0.11492168,9.04230118,-0.00245097,32.94117737,-0.07376247,0.13234004,0.01122663,-0.12996048,14.28144836,1006.0456543,-,183.19999695,-,1864,-,42.33154297,-71.06247711,-,7.59000015,-,49.0883255
Mon May 08 09:23:00 EDT 2017,08-May-2017 09:24:29.505,-71.06233618,42.33137496,22.43,3.0,-20.0,147.6,4.42987156,0.13946225,7.91223812,-0.02930553,32.54901886,-0.07521959,0.11958803,0.03221555,-0.12446918,14.57618427,1006.04394531,-,183.19999695,-,1864,-,42.33137512,-71.06233978,-,7.59000015,-,49.0883255
Mon May 08 09:23:01 EDT 2017,08-May-2017 09:24:30.505,-71.06218742,42.33120448,22.45,3.0,-20.0,146.8,4.22337198,0.10295067,7.64169312,-0.09851503,32.54901886,-0.10961229,0.09853813,0.02849368,-0.15204766,15.05305386,1006.02197266,-,183.19999695,-,1837,-,42.33120346,-71.06218719,-,9.61999989,-,49.0883255
Mon May 08 09:23:02 EDT 2017,08-May-2017 09:24:31.515,-71.06204025,42.33104304,22.27,3.0,-20.0,145.7,4.42687893,-0.28012159,7.49684429,-0.10064548,34.50980377,-0.13432641,0.10945969,-0.01647386,-0.18749698,15.05305386,1006.01171875,-,183.19999695,-,1843,-,42.33104324,-71.06204224,-,11.53999996,-,49.0883255
Mon May 08 09:23:03 EDT 2017,08-May-2017 09:24:32.506,-71.06188547,42.33087767,22.47,3.0,-21.0,145.2,4.40054274,-0.53689975,9.27813053,-0.05719273,34.50980377,0.04855759,0.11659835,-0.03673062,0.01476552,14.3420105,1006.03027344,-,183.19999695,-,1843,-,42.33087921,-71.06188202,-,11.53999996,-,49.0883255
Mon May 08 09:23:04 EDT 2017,08-May-2017 09:24:33.506,-71.06172768,42.33071307,22.62,3.0,-20.0,145.4,5.04278755,0.67935473,8.30787945,-0.15967382,34.50980377,-0.2276807,0.09506028,-0.04057451,-0.29048914,14.3420105,1006.02490234,-,183.19999695,-,1864,-,42.33071136,-71.06172943,-,11.53999996,-,49.70969391
Mon May 08 09:23:05 EDT 2017,08-May-2017 09:24:34.508,-71.06156121,42.3305348,22.84,3.0,-21.0,145.4,4.61302805,-0.05566519,8.5778265,0.00423765,34.11764908,0.00951625,0.16473863,-0.00665056,-0.05289937,15.49807453,1006.06201172,-,183.19999695,-,1864,-,42.33053589,-71.06156158,-,11.53999996,-,49.70969391
Mon May 08 09:23:06 EDT 2017,08-May-2017 09:24:35.508,-71.06139438,42.33036975,23.27,4.0,-22.0,145.3,4.65791941,-0.60214174,8.97945309,0.04438561,34.11764908,0.03333715,0.1428345,-0.04338118,-0.0156807,14.73678589,1006.08764648,-,183.19999695,-,1900,-,42.33036804,-71.06139374,-,11.09000015,-,50.33106613
Mon May 08 09:23:07 EDT 2017,08-May-2017 09:24:36.504,-71.06122756,42.3301979,23.33,4.0,-23.0,144.9,4.56095409,-0.17298107,7.09162521,-0.12891799,33.33333206,-0.13035588,0.14033292,0.01854835,-0.20116417,14.73678589,1006.02807617,-,183.19999695,-,1911,-,42.33019638,-71.06122589,-,13.06000042,-,50.33106613
Mon May 08 09:23:08 EDT 2017,08-May-2017 09:24:37.511,-71.06107498,42.33002477,23.22,3.0,-23.0,145.8,3.82473731,-0.02932897,3.66432571,-0.16684759,34.11764908,-0.15502508,0.11879486,-0.07742716,-0.2230683,14.34604836,1005.99462891,-,183.19999695,-,1911,-,42.33002472,-71.0610733,-,13.06000042,-,50.95243835
Mon May 08 09:23:09 EDT 2017,08-May-2017 09:24:38.508,-71.0609177,42.32985187,23.26,3.0,-23.0,145.6,4.38438177,0.19931729,7.13831234,-0.1443606,34.11764908,-0.14551656,0.11495095,0.03831699,-0.20336069,14.34604836,1005.91064453,-,183.19999695,-,1918,-,42.32985306,-71.06092072,-,16.01000023,-,50.95243835
Mon May 08 09:23:10 EDT 2017,08-May-2017 09:24:39.508,-71.06076131,42.32968609,23.36,3.0,-23.0,145.4,4.17907906,-0.43993455,9.44033718,0.06475037,34.11764908,-0.10208023,0.0870674,0.0349612,-0.13740419,14.24555874,1006.03564453,-,183.19999695,-,1918,-,42.32968521,-71.0607605,-,16.01000023,-,50.95243835
Mon May 08 09:23:11 EDT 2017,08-May-2017 09:24:40.507,-71.06060168,42.32951668,23.36,3.0,-22.0,145.3,4.19883108,-0.35553896,6.8917098,-0.16516477,34.11764908,-0.08345923,0.12629962,-0.01342315,-0.13825841,14.24555874,1005.953125,-,183.19999695,-,1923,-,42.32951736,-71.06060028,-,11.35999966,-,50.95243835
Mon May 08 09:23:12 EDT 2017,08-May-2017 09:24:41.506,-71.06044491,42.32934572,23.25,3.0,-22.0,145.2,4.02944136,-0.36631286,8.17619896,-0.08736443,32.15686417,-0.06975941,0.07876946,-0.01934154,-0.09756185,14.67084026,1005.9855957,-,183.19999695,-,1923,-,42.3293457,-71.06044769,-,11.35999966,-,50.95243835
Mon May 08 09:23:13 EDT 2017,08-May-2017 09:24:42.505,-71.06028136,42.32917208,23.1,3.0,-21.0,145.4,4.42568207,-0.25198972,7.45255136,-0.06649585,32.15686417,-0.17117912,0.13777031,0.02690731,-0.24857229,14.80497456,1005.92211914,-,183.19999695,-,1901,-,42.32917023,-71.06027985,-,8.46000004,-,50.33106613
Mon May 08 09:23:14 EDT 2017,08-May-2017 09:24:43.506,-71.06012405,42.32900363,23.18,3.0,-22.0,145.5,4.76685572,-0.41659111,6.78875875,-0.15635832,35.68627548,-0.10372423,0.1795041,0.02550398,-0.1954288,14.80497456,1005.90014648,-,183.19999695,-,1928,-,42.32900238,-71.06012726,-,20.54999924,-,50.33106613
Mon May 08 09:23:15 EDT 2017,08-May-2017 09:24:44.506,-71.05996429,42.32882638,23.51,3.0,-22.0,145.5,4.35505295,-0.19153613,8.94892788,0.0261026,35.68627548,0.01504787,0.11196126,-0.00152536,-0.01879234,14.78658104,1005.81152344,-,183.19999695,-,1928,-,42.3288269,-71.05996704,-,20.54999924,-,51.57381058
Mon May 08 09:23:16 EDT 2017,08-May-2017 09:24:45.505,-71.05980018,42.32865009,23.62,3.0,-22.0,145.4,3.8510735,0.2765303,8.01578712,-0.0816471,32.54901886,-0.09889185,0.07870845,-0.01342315,-0.12989943,14.78658104,1005.81054688,-,183.19999695,-,1928,-,42.32865143,-71.05979919,-,4.76000023,-,51.57381058
Mon May 08 09:23:17 EDT 2017,08-May-2017 09:24:46.509,-71.05964114,42.32847595,23.33,3.0,-23.0,145.2,4.24252558,-0.2741361,8.58141708,-0.07868409,31.76470566,-0.0234393,0.10049058,-0.00994533,-0.05625521,29.39955139,1005.84277344,-,183.19999695,-,1927,-,42.32847595,-71.05963898,-,4.76000023,-,50.95243835
Mon May 08 09:23:18 EDT 2017,08-May-2017 09:24:47.505,-71.05948021,42.32830757,23.09,3.0,-23.0,145.3,4.585495,-0.32800564,7.14369917,-0.08242071,31.76470566,-0.13374048,0.13545179,-0.01543662,-0.20281157,29.39955139,1005.88183594,-,183.19999695,-,1897,-,42.32830811,-71.05947876,-,6.3499999,-,50.95243835
Mon May 08 09:23:19 EDT 2017,08-May-2017 09:24:48.506,-71.05932353,42.32813635,23.0,3.0,-23.0,145.4,3.98694444,0.16759412,7.38431644,-0.13298547,31.76470566,-0.08640066,0.10335822,-0.0221482,-0.12916726,13.26893902,1006.04516602,-,183.19999695,-,1897,-,42.32813644,-71.05932617,-,6.3499999,-,50.33106613
Mon May 08 09:23:20 EDT 2017,08-May-2017 09:24:49.511,-71.05916846,42.32796764,22.9,3.0,-24.0,145.3,4.32692099,-0.87687635,7.01321554,-0.14383626,30.98039246,-0.15494902,0.10909358,-0.07138674,-0.21611266,13.26983547,1005.98071289,-,183.19999695,-,1881,-,42.3279686,-71.05916595,-,4.65999985,-,49.70969391
Mon May 08 09:23:21 EDT 2017,08-May-2017 09:24:50.506,-71.05901002,42.32779682,22.75,3.0,-24.0,145.6,4.56095409,-0.53989249,8.37132645,-0.01526028,30.98039246,-0.0874128,0.13545179,-0.02233124,-0.14863087,13.93781376,1006.00366211,-,183.19999695,-,1886,-,42.32779694,-71.05901337,-,4.65999985,-,49.70969391
Mon May 08 09:23:22 EDT 2017,08-May-2017 09:24:51.509,-71.05885398,42.32763261,22.79,3.0,-23.0,145.5,4.69682503,-0.28191724,7.95832634,-0.07668732,33.72549057,-0.0329952,0.10732418,0.02763948,-0.06998336,13.93781376,1005.97216797,-,183.19999695,-,1886,-,42.3276329,-71.05885315,-,16.01000023,-,49.70969391
Mon May 08 09:23:23 EDT 2017,08-May-2017 09:24:52.512,-71.05869503,42.32746077,22.98,3.0,-23.0,145.3,4.45261669,0.31064767,6.727108,-0.13832986,33.72549057,-0.17676447,0.1219066,0.04966565,-0.24527754,13.70633221,1006.10717773,-,183.19999695,-,1886,-,42.32746124,-71.05869293,-,16.01000023,-,50.33106613
Mon May 08 09:23:24 EDT 2017,08-May-2017 09:24:53.504,-71.05852849,42.32728862,23.34,3.0,-24.0,145.4,4.81593657,-0.67576343,8.12053394,-0.02373058,36.47058868,-0.10233559,0.14838681,-0.068214,-0.17797871,13.70633221,1006.00976562,-,183.19999695,-,1886,-,42.32728958,-71.05852509,-,21.59000015,-,50.33106613
Mon May 08 09:23:25 EDT 2017,08-May-2017 09:24:54.509,-71.0583688,42.32711179,23.54,3.0,-24.0,145.1,4.72854853,0.28490999,7.29812527,-0.10167253,36.86274719,-0.09785044,0.1428345,0.00030507,-0.16449457,15.11361694,1006.06079102,-,183.19999695,-,1953,-,42.32711029,-71.0583725,-,21.59000015,-,52.19517899
Mon May 08 09:23:26 EDT 2017,08-May-2017 09:24:55.516,-71.05820168,42.32694094,23.66,4.0,-24.0,145.2,3.95821404,-0.25079262,6.55113459,-0.06961442,36.86274719,-0.21908301,0.07150878,-0.00756577,-0.26321569,15.11361694,1006.01831055,-,183.19999695,-,1953,-,42.32694244,-71.05820465,-,21.59000015,-,52.19517899
Mon May 08 09:23:27 EDT 2017,08-May-2017 09:24:56.505,-71.05803471,42.32675435,24.41,3.0,-24.0,145.6,4.4047327,-0.08140286,8.83999157,-0.05287234,32.54901886,-0.07355731,0.12874019,0.02397863,-0.12764192,14.58605289,1006.12036133,-,183.19999695,-,2004,-,42.32675552,-71.0580368,-,21.59000015,-,53.43792343
Mon May 08 09:23:28 EDT 2017,08-May-2017 09:24:57.505,-71.0578659,42.32657843,24.38,3.0,-24.0,145.5,4.9859252,-0.73741412,7.12275028,-0.0991348,32.54901886,-0.10032342,0.13874653,0.05552302,-0.1655928,14.58605289,1006.07983398,-,183.19999695,-,2004,-,42.32658005,-71.05786896,-,7.94000006,-,53.43792343
Mon May 08 09:23:29 EDT 2017,08-May-2017 09:24:58.508,-71.0576946,42.32639473,24.43,3.0,-24.0,145.1,4.58968449,-0.09277532,7.31548309,-0.10821581,35.68627548,-0.11931636,0.13587885,0.008542,-0.18530047,14.87091923,1005.99975586,-,183.19999695,-,2004,-,42.32639313,-71.05769348,-,7.94000006,-,53.43792343
Mon May 08 09:23:30 EDT 2017,08-May-2017 09:24:59.506,-71.05752146,42.32622001,24.74,3.0,-24.0,145.1,4.31195736,-0.45968673,6.77858353,-0.16831785,35.68627548,-0.09361002,0.16730125,-0.06070924,-0.17901599,14.87091923,1006.12451172,-,183.19999695,-,2036,-,42.32622147,-71.05751801,-,19.79000092,-,54.68066406
Mon May 08 09:23:31 EDT 2017,08-May-2017 09:25:00.505,-71.05735143,42.32603343,24.9,3.0,-24.0,145.5,4.94761801,-0.82420391,8.45991135,-0.01892877,36.07843018,-0.02212358,0.1653488,0.03593743,-0.08963002,14.65379333,1006.06201172,-,183.19999695,-,2036,-,42.32603455,-71.05735016,-,19.79000092,-,54.68066406
Mon May 08 09:23:32 EDT 2017,08-May-2017 09:25:01.507,-71.05718177,42.32584599,25.03,3.0,-23.0,145.4,4.22696304,-0.00718261,7.41603994,-0.06850135,36.07843018,-0.12956059,0.09890418,0.01726705,-0.17505002,14.65379333,1006.08911133,-,183.19999695,-,2062,-,42.32584763,-71.05718231,-,15.46000004,-,54.68066406
Mon May 08 09:23:33 EDT 2017,08-May-2017 09:25:02.510,-71.05700466,42.32565828,25.09,3.0,-24.0,145.5,4.99909306,-0.47105917,8.49642372,0.01744086,33.72549057,-0.03219496,0.12257776,0.0242837,-0.07700001,14.63360596,1006.05493164,-,183.19999695,-,2062,-,42.32565689,-71.05700684,-,15.46000004,-,54.68066406
Mon May 08 09:23:34 EDT 2017,08-May-2017 09:25:03.507,-71.05684256,42.32546617,25.42,4.0,-24.0,147.8,3.96360087,0.35314476,7.86734676,-0.08987683,33.72549057,-0.10097117,0.0720579,0.05399767,-0.12904525,14.63360596,1005.984375,-,183.19999695,-,2062,-,42.32546616,-71.05683899,-,8.07999992,-,54.68066406
Mon May 08 09:23:35 EDT 2017,08-May-2017 09:25:04.505,-71.05668549,42.32527555,25.04,4.0,-22.0,147.9,4.3754034,-0.38666359,7.98945093,-0.06174864,34.11764908,-0.0702951,0.11403573,-0.02141602,-0.11659835,14.11456585,1006.0222168,-,183.19999695,-,2052,-,42.32527542,-71.0566864,-,8.07999992,-,54.68066406
Mon May 08 09:23:36 EDT 2017,08-May-2017 09:25:05.507,-71.05649984,42.32509283,24.98,3.0,-23.0,145.1,4.44124413,-0.35733461,7.13232708,-0.11311337,34.11764908,-0.12222801,0.14533608,-0.10390738,-0.20488603,14.11456585,1005.96044922,-,183.19999695,-,2050,-,42.32509232,-71.0565033,-,9.85000038,-,54.68066406
Mon May 08 09:23:37 EDT 2017,08-May-2017 09:25:06.505,-71.05633718,42.32491011,24.84,3.0,-23.0,145.5,4.47236872,-0.48362875,7.35498762,-0.06323157,32.54901886,-0.12084246,0.12392005,-0.03130034,-0.18127351,14.16391277,1005.79541016,-,183.19999695,-,2050,-,42.32490921,-71.05633545,-,8.01000023,-,54.68066406
Mon May 08 09:23:38 EDT 2017,08-May-2017 09:25:07.510,-71.05616702,42.324731,24.69,3.0,-22.0,145.6,4.33470201,-0.61770403,7.89847136,-0.06801826,32.54901886,0.07328916,0.14863087,0.03276468,0.02812766,14.96467876,1005.67211914,-,183.19999695,-,2036,-,42.32472992,-71.0561676,-,8.01000023,-,54.05929184
Mon May 08 09:23:39 EDT 2017,08-May-2017 09:25:08.515,-71.05599444,42.32454542,24.7,3.0,-21.0,145.7,4.11623144,-0.38666359,7.49026012,-0.11647671,35.68627548,-0.07412197,0.16846053,0.02782253,-0.15247473,14.96467876,1005.95141602,-,185,-,2036,-,42.32454681,-71.05599213,-,22.62999916,-,54.05929184
Mon May 08 09:23:40 EDT 2017,08-May-2017 09:25:09.509,-71.05583061,42.32435278,24.94,3.0,-21.0,145.8,4.79379034,-0.30166942,7.07546473,-0.03852357,35.68627548,-0.12795705,0.15668474,-0.01275199,-0.20976718,14.96467876,1005.82543945,-,185,-,2050,-,42.32435226,-71.05583191,-,22.62999916,-,54.68066406
Mon May 08 09:23:41 EDT 2017,08-May-2017 09:25:10.517,-71.05566196,42.32415931,25.24,3.0,-21.0,146.1,5.0775032,-0.70688808,8.19355679,-0.05056294,37.64706039,-0.09470457,0.17901599,-0.08310149,-0.19097479,14.87226582,1005.96459961,-,185,-,2050,-,42.32415771,-71.05566406,-,22.62999916,-,54.68066406
Mon May 08 09:23:42 EDT 2017,08-May-2017 09:25:11.505,-71.05549588,42.32396767,25.46,3.0,-21.0,146.9,5.18224955,-0.15861586,8.27196693,0.00655878,37.64706039,-0.06001377,0.15216967,-0.05881779,-0.12935032,14.87226582,1005.90917969,-,185,-,2100,-,42.32396698,-71.05549622,-,23.45000076,-,54.68066406
Mon May 08 09:23:43 EDT 2017,08-May-2017 09:25:12.511,-71.05532835,42.32377029,25.67,3.0,-21.0,147.5,4.54718781,-1.23600662,8.65623665,0.01606101,37.64706039,0.00500295,0.13154687,-0.10799532,-0.04862835,14.49274349,1005.86914062,-,185,-,2100,-,42.32376862,-71.05532837,-,23.45000076,-,55.92340851
Mon May 08 09:23:44 EDT 2017,08-May-2017 09:25:13.508,-71.05515536,42.32357388,25.82,3.0,-21.0,148.6,4.98293209,-0.68593878,8.00740719,-0.02466947,37.64706039,-0.05453113,0.15961343,-0.10573781,-0.13331628,14.47165775,1005.79541016,-,185,-,2132,-,42.32357407,-71.05515289,-,26.54000092,-,56.54477692
