Mon May 08 09:23:45 EDT 2017,08-May-2017 09:25:14.512,-71.05500277,42.32336705,25.98,3.0,-20.0,150.5,4.63158321,-0.73083007,6.96952105,-0.05007552,37.64706039,-0.01508435,0.17346367,-0.06577343,-0.09024014,14.47165775,1005.7277832,-,185,-,2132,-,42.32336807,-71.05500031,-,26.70000076,-,56.54477692
Mon May 08 09:23:46 EDT 2017,08-May-2017 09:25:15.507,-71.05485919,42.3231634,26.09,3.0,-19.0,152.6,4.88177729,-0.4890157,7.82065964,-0.05228373,37.64706039,-0.05857712,0.16565385,-0.03184947,-0.1338044,14.81035709,1005.54614258,-,185,-,2151,-,42.32316208,-71.05486298,-,26.70000076,-,57.16614914
Mon May 08 09:23:47 EDT 2017,08-May-2017 09:25:16.510,-71.05472298,42.32295358,26.16,3.0,-18.0,154.1,4.65732098,-0.42137951,6.98209047,-0.13197899,37.64706039,-0.13879107,0.10769024,0.05857374,-0.19195101,14.81035709,1005.47143555,-,185,-,2151,-,42.32295227,-71.05472565,-,24.20000076,-,57.16614914
Mon May 08 09:23:48 EDT 2017,08-May-2017 09:25:17.507,-71.05458512,42.32273886,26.19,3.0,-18.0,154.6,4.32871675,-0.31603462,7.79013395,-0.07956558,37.64706039,-0.09065639,0.10927664,-0.01421633,-0.13691609,14.549716,1005.26977539,-,185,-,2157,-,42.32273865,-71.05458832,-,24.20000076,-,57.78752136
Mon May 08 09:23:49 EDT 2017,08-May-2017 09:25:18.506,-71.0544511,42.322521,26.16,3.0,-17.0,155.2,4.64534998,-0.35613751,7.18619633,-0.07105631,36.47058868,-0.12668271,0.14155321,-0.01830429,-0.19847955,14.549716,1005.18725586,-,185,-,2157,-,42.32252121,-71.05445099,-,30.68000031,-,57.78752136
Mon May 08 09:23:50 EDT 2017,08-May-2017 09:25:19.506,-71.05432044,42.32230898,26.22,3.0,-16.0,155.3,4.48254395,0.35494041,7.45135403,-0.07218002,36.47058868,-0.08773,0.1518646,0.0025626,-0.15814909,14.29939175,1004.94018555,-,185,-,2158,-,42.32230759,-71.05432129,-,30.68000031,-,57.78752136
Mon May 08 09:23:51 EDT 2017,08-May-2017 09:25:20.511,-71.05418675,42.32209825,26.1,3.0,-15.0,155.2,4.79438877,-0.38845924,9.27513695,-0.00378446,36.47058868,0.06542156,0.15674575,-0.02159907,0.01446037,14.29939175,1004.87548828,-,185,-,2158,-,42.32209778,-71.05418396,-,19.02000046,-,57.78752136
Mon May 08 09:23:52 EDT 2017,08-May-2017 09:25:21.505,-71.05405716,42.3218894,25.74,3.0,-14.0,155.4,4.50528908,-0.74938512,8.91181755,0.03219384,34.11764908,0.02114125,0.12727585,-0.0583907,-0.02257525,14.17826748,1004.87158203,-,185,-,2137,-,42.32188797,-71.05405426,-,19.02000046,-,56.54477692
Mon May 08 09:23:53 EDT 2017,08-May-2017 09:25:22.507,-71.05392233,42.32167586,25.55,3.0,-14.0,155.2,4.29280376,-0.10893618,8.65025043,-0.0041464,34.11764908,-0.3724663,0.02141601,-0.06803096,-0.41990051,14.17826748,1004.64599609,-,185,-,2097,-,42.32167435,-71.05392456,-,12.25,-,56.54477692
Mon May 08 09:23:54 EDT 2017,08-May-2017 09:25:23.505,-71.05379432,42.32147313,25.2,3.0,-13.0,155.1,4.5561657,0.10594343,8.3719244,-0.02832785,33.33333206,-0.02800673,0.13246205,0.02879876,-0.07761022,15.0844574,1004.63208008,-,185,-,2097,-,42.32147217,-71.05379486,-,12.25,-,55.30203629
Mon May 08 09:23:55 EDT 2017,08-May-2017 09:25:24.513,-71.0536655,42.32126952,24.94,3.0,-13.0,155.2,4.88596725,-0.19991584,8.88308716,0.04605027,33.33333206,0.22009459,0.17303656,-0.04978768,0.17712453,15.0844574,1004.5402832,-,185,-,2050,-,42.32126999,-71.05366516,-,10.64000034,-,55.30203629
Mon May 08 09:23:56 EDT 2017,08-May-2017 09:25:25.506,-71.05354022,42.3210691,24.77,3.0,-12.0,155.2,3.67809248,-0.30945057,6.27939272,-0.24610335,33.72549057,-0.1872225,0.09652462,0.00195246,-0.24088447,14.21819401,1004.55297852,-,185,-,2050,-,42.32106781,-71.05354309,-,10.64000034,-,54.68066406
Mon May 08 09:23:57 EDT 2017,08-May-2017 09:25:26.505,-71.0534192,42.32086437,24.59,3.0,-12.0,155.2,4.18686008,0.1364695,6.43082571,-0.20624495,33.72549057,-0.217379,0.09481622,0.03191048,-0.27547961,14.21819401,1004.54638672,-,185,-,2019,-,42.32086563,-71.05342102,-,10.17000008,-,54.68066406
Mon May 08 09:23:58 EDT 2017,08-May-2017 09:25:27.505,-71.05329846,42.32066479,24.47,3.0,-12.0,155.4,4.6962266,0.50936639,7.66802931,-0.12852882,34.50980377,-0.11470847,0.11641529,0.0690682,-0.16974182,14.26305485,1004.44580078,-,185,-,2019,-,42.32066345,-71.05329895,-,10.17000008,-,53.43792343
Mon May 08 09:23:59 EDT 2017,08-May-2017 09:25:28.504,-71.0531681,42.32046678,24.43,3.0,-12.0,155.2,4.63577318,-0.02813187,8.5048027,0.00032683,34.50980377,-0.07285374,0.08956902,0.05308245,-0.1063479,14.26305485,1004.52734375,-,185,-,2009,-,42.32046509,-71.05316925,-,12.25,-,53.43792343
Mon May 08 09:24:00 EDT 2017,08-May-2017 09:25:29.504,-71.05303884,42.32026412,24.38,3.0,-12.0,155.2,4.54599047,-1.06003284,7.91403389,-0.05199069,34.50980377,-0.06307208,0.13142481,-0.09005713,-0.12428612,14.22133446,1004.39282227,-,185,-,2009,-,42.32026291,-71.05303955,-,12.25,-,53.43792343
Mon May 08 09:24:01 EDT 2017,08-May-2017 09:25:30.505,-71.05291964,42.32005733,24.38,3.0,-12.0,155.5,4.14077187,0.09876082,8.03793335,-0.0668503,34.50980377,-0.03058296,0.10335822,0.01458242,-0.06522432,14.22133446,1004.63012695,-,185,-,2008,-,42.32005692,-71.05291748,-,12.34000015,-,53.43792343
Mon May 08 09:24:02 EDT 2017,08-May-2017 09:25:31.506,-71.05279945,42.3198612,24.38,3.0,-12.0,155.1,3.77326179,-0.08678981,7.86016417,-0.09237472,32.54901886,-0.16565494,0.03105629,-0.01659589,-0.1809074,14.8964901,1004.65844727,-,185,-,2008,-,42.31986237,-71.05280304,-,12.34000015,-,53.43792343
Mon May 08 09:24:03 EDT 2017,08-May-2017 09:25:32.505,-71.05267269,42.31966097,24.39,3.0,-12.0,155.2,3.91930819,0.31184477,7.94874954,-0.03715075,32.54901886,-0.09571901,0.06754284,0.04978768,-0.12074731,14.78299236,1004.65917969,-,185,-,2010,-,42.31966019,-71.05267334,-,8.01000023,-,53.43792343
Mon May 08 09:24:04 EDT 2017,08-May-2017 09:25:33.505,-71.05255922,42.31946266,24.32,3.0,-13.0,155.7,4.44064569,-0.03890578,9.16679955,0.02878772,31.37254906,-0.06583351,0.076695,0.04271002,-0.09170448,14.78299236,1004.88061523,-,185,-,2006,-,42.31946182,-71.0525589,-,5.05999994,-,53.43792343
Mon May 08 09:24:05 EDT 2017,08-May-2017 09:25:34.505,-71.05243662,42.31926003,24.21,3.0,-13.0,155.8,2.98317528,0.91099375,7.90804815,-0.12203711,31.37254906,-0.13314244,-0.02788355,0.11086301,-0.12489629,14.28234482,1004.73413086,-,185,-,2006,-,42.31925964,-71.05243683,-,5.05999994,-,53.43792343
Mon May 08 09:24:06 EDT 2017,08-May-2017 09:25:35.509,-71.05232012,42.31906479,24.32,3.0,-14.0,155.9,4.63517427,-0.39324763,7.78654242,-0.06400478,34.11764908,-0.07509027,0.14051594,-0.02208718,-0.13728219,14.28234482,1004.59814453,-,185,-,2006,-,42.31906509,-71.05232239,-,20.68000031,-,53.43792343
Mon May 08 09:24:07 EDT 2017,08-May-2017 09:25:36.506,-71.05220081,42.31886497,24.56,3.0,-15.0,156.4,4.21978045,-0.42796355,8.06546688,-0.06288269,34.11764908,-0.0048622,0.11787964,-0.05479085,-0.04673694,14.46133995,1004.64746094,-,185,-,2017,-,42.31886673,-71.05220032,-,20.68000031,-,54.05929184
Mon May 08 09:24:08 EDT 2017,08-May-2017 09:25:37.506,-71.05208504,42.31865898,24.78,3.0,-15.0,157.8,4.74231482,-0.55725044,8.43297672,-0.00525249,32.94117737,-0.01179463,0.15143749,-0.0388051,-0.07138675,14.8807888,1004.6862793,-,185,-,2040,-,42.31866074,-71.05208588,-,9.61999989,-,54.05929184
Mon May 08 09:24:09 EDT 2017,08-May-2017 09:25:38.504,-71.0519771,42.318446,24.81,3.0,-16.0,159.2,3.95761538,-1.02890813,8.07145214,-0.06625533,32.94117737,-0.07734161,0.07144775,-0.08688437,-0.1082394,14.26440048,1004.79345703,-,185,-,2042,-,42.31844711,-71.05197906,-,9.61999989,-,54.05929184
Mon May 08 09:24:10 EDT 2017,08-May-2017 09:25:39.507,-71.05188457,42.31824174,24.67,3.0,-16.0,160.9,3.67869091,-0.77572137,7.93677855,-0.09336972,32.15686417,0.02829441,0.09353493,-0.07767121,-0.00018305,14.26440048,1004.78637695,-,185,-,2013,-,42.31824112,-71.05188751,-,4.90999985,-,54.05929184
Mon May 08 09:24:11 EDT 2017,08-May-2017 09:25:40.515,-71.051801,42.31803391,24.37,3.0,-16.0,163.1,3.42191267,-0.46028528,8.80527496,-0.10332328,31.37254906,-0.03555001,0.01683993,-0.02892078,-0.03343586,29.39955139,1004.80004883,-,185,-,2013,-,42.31803513,-71.05180359,-,4.90999985,-,53.43792343
Mon May 08 09:24:12 EDT 2017,08-May-2017 09:25:41.507,-71.0517264,42.31782706,24.03,3.0,-15.0,165.1,4.35026455,-1.16298342,8.05349636,-0.09027351,31.37254906,-0.08566947,0.04875042,-0.06302778,-0.10402934,29.39955139,1004.81005859,-,185,-,1968,-,42.31782532,-71.05172729,-,4.80999994,-,53.43792343
Mon May 08 09:24:13 EDT 2017,08-May-2017 09:25:42.506,-71.05166205,42.31761709,23.83,3.0,-16.0,166.9,4.70700073,-0.30945057,8.22767448,-0.02183014,34.11764908,-0.05841859,0.15357301,-0.0059794,-0.12501828,29.39955139,1004.87329102,-,185,-,1968,-,42.31761551,-71.05165863,-,4.80999994,-,52.19517899
Mon May 08 09:24:14 EDT 2017,08-May-2017 09:25:43.505,-71.05160599,42.3174072,24.05,3.0,-16.0,168.1,4.60524702,-1.12108493,8.73524475,0.02447885,34.11764908,0.01342366,0.13746524,-0.09628058,-0.04057451,29.39955139,1004.6015625,-,185,-,1988,-,42.3174057,-71.05160522,-,22.11000061,-,53.43792343
Mon May 08 09:24:15 EDT 2017,08-May-2017 09:25:44.506,-71.0515512,42.31718994,24.44,3.0,-16.0,169.7,4.10725307,-0.9163807,8.69813442,-0.00361896,34.90196228,-0.01787361,0.15168156,-0.01287402,-0.07718307,13.50221539,1004.74682617,-,185,-,1988,-,42.31718826,-71.05155182,-,22.11000061,-,53.43792343
Mon May 08 09:24:16 EDT 2017,08-May-2017 09:25:45.504,-71.0515028,42.31697065,24.62,3.0,-17.0,171.5,3.83610964,-0.9660604,7.66683245,-0.13990808,34.90196228,-0.06369037,0.0921926,-0.10799532,-0.1062259,14.93327618,1004.75244141,-,185,-,2029,-,42.31697083,-71.05150604,-,12.25,-,54.05929184
Mon May 08 09:24:17 EDT 2017,08-May-2017 09:25:46.504,-71.05146999,42.31674931,24.59,3.0,-17.0,173.4,3.74812269,-0.82180971,7.23408031,-0.00990303,32.54901886,-0.16497935,0.05009274,-0.06577343,-0.1935984,14.93327618,1004.94482422,-,185,-,2029,-,42.31674957,-71.0514679,-,7.73000002,-,54.05929184
Mon May 08 09:24:18 EDT 2017,08-May-2017 09:25:47.511,-71.05145135,42.31652996,24.5,3.0,-17.0,175.4,4.04081392,-0.2112883,7.26400805,-0.14099783,32.54901886,-0.00475618,0.08163714,-0.12605557,-0.03770678,15.43840981,1004.890625,-,185,-,2020,-,42.31652832,-71.05145264,-,7.73000002,-,53.43792343
Mon May 08 09:24:19 EDT 2017,08-May-2017 09:25:48.505,-71.05142972,42.31631416,24.43,3.0,-17.0,177.2,4.18027639,-1.4359225,8.59817696,-0.00310004,32.15686417,0.02584981,0.11031386,-0.12874019,-0.01751105,15.43840981,1005.0715332,-,185,-,2020,-,42.3163147,-71.05142975,-,10.31999969,-,53.43792343
Mon May 08 09:24:20 EDT 2017,08-May-2017 09:25:49.509,-71.05142745,42.3160944,24.45,3.0,-18.0,179.1,4.45920086,-0.77033442,7.72489166,-0.0408701,32.15686417,-0.08707296,0.12257776,-0.0605262,-0.14356667,15.41642761,1005.15673828,-,185,-,2010,-,42.31609344,-71.05142975,-,10.31999969,-,53.43792343
Mon May 08 09:24:21 EDT 2017,08-May-2017 09:25:50.508,-71.05143127,42.31587217,24.69,3.0,-18.0,180.7,4.24491978,-1.5400703,8.36953068,-0.04590895,35.29411697,-0.01131981,0.13093671,-0.08395569,-0.06375998,15.41642761,1004.94677734,-,185,-,2045,-,42.31587219,-71.05142975,-,19.02000046,-,53.43792343
Mon May 08 09:24:22 EDT 2017,08-May-2017 09:25:51.505,-71.05144051,42.31565842,24.86,3.0,-19.0,182.5,4.39994431,-1.01334584,8.03434277,-0.01610926,33.33333206,-0.06021634,0.11653735,-0.085298,-0.11202221,14.88617229,1004.81762695,-,183.19999695,-,2045,-,42.31565857,-71.05143738,-,19.02000046,-,54.68066406
Mon May 08 09:24:23 EDT 2017,08-May-2017 09:25:52.512,-71.05146917,42.31543429,24.83,3.0,-19.0,184.7,4.47296715,-0.32920274,8.22109032,-0.03396648,33.33333206,-0.04504174,0.12398106,-0.01555865,-0.09298577,14.57797813,1005.13671875,-,183.19999695,-,2048,-,42.3154335,-71.0514679,-,8.68999958,-,54.68066406
Mon May 08 09:24:24 EDT 2017,08-May-2017 09:25:53.506,-71.05150221,42.3152161,24.93,3.0,-20.0,186.5,4.5322237,-0.68833297,9.16560268,0.05605775,34.50980377,0.06432478,0.13197394,-0.0870064,0.02068384,14.66052151,1005.21484375,-,183.19999695,-,2055,-,42.31521606,-71.05149841,-,17.67000008,-,54.68066406
Mon May 08 09:24:25 EDT 2017,08-May-2017 09:25:54.506,-71.05154877,42.31499025,25.26,3.0,-20.0,188.3,4.61781645,-0.72424603,8.29052162,-0.08514321,36.86274719,-0.02949208,0.13874653,-0.05582809,-0.08590817,14.66052151,1005.25097656,-,183.19999695,-,2099,-,42.314991,-71.05155182,-,17.55999947,-,54.68066406
Mon May 08 09:24:26 EDT 2017,08-May-2017 09:25:55.506,-71.0516029,42.31477079,25.59,3.0,-20.0,190.0,4.22995567,-0.28790274,8.60835266,-0.0403311,31.76470566,-0.02150194,0.09920925,-0.01134866,-0.05350949,14.53625679,1005.27734375,-,183.19999695,-,2099,-,42.31476974,-71.05160522,-,17.55999947,-,55.92340851
Mon May 08 09:24:27 EDT 2017,08-May-2017 09:25:56.509,-71.05166002,42.31454808,25.43,3.0,-20.0,192.1,4.35385561,-0.34296939,8.75380039,0.00862622,31.76470566,0.02036933,0.12001514,-0.07913557,-0.02178208,14.53625679,1005.21801758,-,183.19999695,-,2100,-,42.31454849,-71.05165863,-,5.23000002,-,55.92340851
Mon May 08 09:24:28 EDT 2017,08-May-2017 09:25:57.509,-71.05173842,42.3143279,25.25,3.0,-20.0,193.9,4.04859495,-1.16896904,9.3637228,0.05811363,31.37254906,0.04706988,0.08072191,-0.10116173,0.02349052,29.39955139,1005.28930664,-,183.19999695,-,2100,-,42.31432724,-71.05173492,-,5.23000002,-,55.92340851
Mon May 08 09:24:29 EDT 2017,08-May-2017 09:25:58.509,-71.05182539,42.31410161,25.16,3.0,-21.0,195.8,4.91888762,0.18136078,8.4210062,0.00569898,31.37254906,0.00450259,0.12849614,-0.02288037,-0.03959829,29.39955139,1005.26733398,-,183.19999695,-,2073,-,42.31410217,-71.05182648,-,7.23999977,-,55.30203629
Mon May 08 09:24:30 EDT 2017,08-May-2017 09:25:59.507,-71.0519164,42.31388851,25.2,3.0,-20.0,196.7,3.96300244,-0.09696517,7.98526144,-0.06896804,33.72549057,-0.05489011,0.09011813,-0.00329477,-0.08603017,13.7314539,1005.28588867,-,183.19999695,-,2073,-,42.31388855,-71.05191803,-,7.23999977,-,55.30203629
Mon May 08 09:24:31 EDT 2017,08-May-2017 09:26:00.504,-71.05200441,42.31367044,25.17,3.0,-20.0,197.1,4.02525139,-0.45848963,8.28034687,-0.0467699,33.72549057,-0.05999532,0.07834235,-0.02873774,-0.08694535,13.7314539,1005.32055664,-,183.19999695,-,2049,-,42.31367111,-71.05200195,-,6.63000011,-,54.68066406
Mon May 08 09:24:32 EDT 2017,08-May-2017 09:26:01.507,-71.05209499,42.31345529,25.02,3.0,-20.0,197.5,4.22875881,-0.53211135,7.97269154,-0.06704628,32.94117737,-0.11947724,0.08566411,-0.0145214,-0.1568678,17.13998032,1005.33764648,-,183.19999695,-,2049,-,42.31345367,-71.05209351,-,6.63000011,-,54.68066406
Mon May 08 09:24:33 EDT 2017,08-May-2017 09:26:02.505,-71.05218733,42.31323824,25.06,3.0,-20.0,197.6,4.8171339,-0.80924016,8.14866543,-0.02014333,32.94117737,-0.10318618,0.1480207,-0.04637088,-0.17657542,14.22537136,1005.54589844,-,183.19999695,-,2062,-,42.31324005,-71.05218506,-,11.53999996,-,55.30203629
Mon May 08 09:24:34 EDT 2017,08-May-2017 09:26:03.509,-71.05228093,42.31302472,25.37,3.0,-21.0,197.7,4.26407337,-0.05446809,8.07025528,-0.07191142,36.07843018,-0.06923699,0.1026871,0.01244692,-0.10836141,14.22537136,1005.4921875,-,183.19999695,-,2062,-,42.31302643,-71.05228424,-,14.10999966,-,55.30203629
Mon May 08 09:24:35 EDT 2017,08-May-2017 09:26:04.508,-71.05237601,42.31280425,25.62,3.0,-21.0,197.6,3.97617054,0.24899697,7.85417891,-0.09364527,36.07843018,-0.1743086,0.06217358,0.03697467,-0.20604531,14.9557066,1005.55517578,-,183.19999695,-,2099,-,42.31280518,-71.05237579,-,14.10999966,-,55.92340851
Mon May 08 09:24:36 EDT 2017,08-May-2017 09:26:05.513,-71.05246537,42.31258203,25.57,3.0,-22.0,197.1,4.59926128,-0.30526072,7.96730471,-0.08697776,32.15686417,-0.03029908,0.11611024,-0.00329477,-0.07169181,14.9557066,1005.58520508,-,183.19999695,-,2110,-,42.31258392,-71.05246735,-,10.56000042,-,55.92340851
Mon May 08 09:24:37 EDT 2017,08-May-2017 09:26:06.507,-71.05255355,42.31235948,25.64,3.0,-22.0,197.2,4.08390951,-0.63685763,8.31087303,-0.04242688,32.15686417,-0.05350495,0.08432177,-0.04692,-0.08383361,14.56541634,1005.61889648,-,183.19999695,-,2110,-,42.31235886,-71.05255127,-,10.56000042,-,55.92340851
Mon May 08 09:24:38 EDT 2017,08-May-2017 09:26:07.506,-71.05264314,42.31214086,25.56,3.0,-23.0,197.3,3.83970094,-0.16819267,8.88428402,-0.0018521,31.37254906,-0.12908681,0.06113633,0.00573535,-0.15430517,14.56541634,1005.61083984,-,183.19999695,-,2110,-,42.31214142,-71.05264282,-,10.56000042,-,55.92340851
Mon May 08 09:24:39 EDT 2017,08-May-2017 09:26:08.505,-71.05273968,42.31192579,25.3,3.0,-23.0,197.6,4.0138793,-0.00538695,8.25041866,-0.06867532,31.37254906,-0.14024538,0.03636452,0.06150243,-0.15570852,14.56541634,1005.75097656,-,183.19999695,-,2081,-,42.31192398,-71.052742,-,5.23000002,-,55.30203629
Mon May 08 09:24:40 EDT 2017,08-May-2017 09:26:09.506,-71.05283364,42.31171329,25.02,3.0,-23.0,197.7,4.2838254,0.01556231,8.48265648,-0.07433488,31.37254906,-0.11229444,0.10769024,-0.01348416,-0.16083372,29.39955139,1005.68994141,-,183.19999695,-,2081,-,42.31171417,-71.05283356,-,8.53999996,-,55.30203629
Mon May 08 09:24:41 EDT 2017,08-May-2017 09:26:10.507,-71.05292185,42.3114937,25.0,3.0,-22.0,197.3,4.01028776,-0.28790274,7.7111249,-0.07143931,31.76470566,-0.04792281,0.08108803,-0.00280666,-0.07382732,13.83508301,1005.69238281,-,183.19999695,-,2058,-,42.31149292,-71.05292511,-,8.53999996,-,54.68066406
Mon May 08 09:24:42 EDT 2017,08-May-2017 09:26:11.504,-71.05301876,42.31127453,26.09,3.0,-23.0,197.9,3.23995352,0.26396075,7.93498278,-0.06625026,31.76470566,0.0159024,0.1096427,-0.04569972,-0.01873139,13.83508301,1005.6796875,-,183.19999695,-,2038,-,42.31127548,-71.05301666,-,5.17000008,-,54.68066406
Mon May 08 09:24:43 EDT 2017,08-May-2017 09:26:12.514,-71.05311294,42.31105441,25.89,4.0,-23.0,198.2,3.69964027,-0.09038112,7.78773975,-0.109667,31.37254906,-0.08828115,0.10543273,-0.0907893,-0.13886854,29.39955139,1005.77075195,-,183.19999695,-,2038,-,42.31105423,-71.05311584,-,5.17000008,-,54.05929184
Mon May 08 09:24:44 EDT 2017,08-May-2017 09:26:13.513,-71.05320353,42.31085684,24.5,4.0,-23.0,197.6,3.90913272,-0.27234045,7.10359621,-0.06771208,31.37254906,-0.16078289,0.05961099,-0.05558404,-0.19274418,29.39955139,1005.87280273,-,183.19999695,-,1993,-,42.31085587,-71.05319977,-,5.05999994,-,54.05929184
Mon May 08 09:24:45 EDT 2017,08-May-2017 09:26:14.513,-71.05329166,42.31064571,24.02,3.0,-23.0,197.6,3.53982711,0.10654198,8.1510601,-0.06071654,30.98039246,-0.07983083,0.06790892,-0.06290576,-0.10659201,29.39955139,1005.82617188,-,183.19999695,-,1993,-,42.31064606,-71.05329132,-,5.05999994,-,52.81655121
Mon May 08 09:24:46 EDT 2017,08-May-2017 09:26:15.509,-71.05337965,42.31044238,23.76,3.0,-22.0,197.4,4.22696304,-0.61890113,7.60218906,-0.0618113,30.98039246,0.05904741,0.14393277,-0.04679798,0.01244696,29.39955139,1005.83740234,-,183.19999695,-,1956,-,42.31044388,-71.05338287,-,10.39999962,-,52.81655121
Mon May 08 09:24:47 EDT 2017,08-May-2017 09:26:16.512,-71.05346398,42.31024315,23.77,3.0,-22.0,197.1,3.89776039,-0.09516951,7.64648151,-0.11366099,35.68627548,-0.09643953,0.13172989,-0.04875044,-0.15875921,13.5363102,1005.73486328,-,183.19999695,-,1956,-,42.3102417,-71.0534668,-,10.39999962,-,52.19517899
Mon May 08 09:24:48 EDT 2017,08-May-2017 09:26:17.506,-71.05355036,42.31003742,23.76,4.0,-22.0,197.0,4.75727892,-0.34356794,7.74584103,-0.05040224,35.68627548,-0.11366688,0.08157614,0.00158637,-0.14759359,13.5363102,1005.83886719,-,183.19999695,-,1984,-,42.31003571,-71.05355072,-,19.14999962,-,52.19517899
Mon May 08 09:24:49 EDT 2017,08-May-2017 09:26:18.507,-71.05363311,42.30982669,24.14,3.0,-22.0,195.7,3.8702271,-0.15442601,6.73309374,-0.03374493,31.76470566,-0.18969235,0.02025676,0.01378923,-0.20159128,14.2693367,1005.8815918,-,183.19999695,-,1984,-,42.3098259,-71.05363464,-,19.14999962,-,52.81655121
Mon May 08 09:24:50 EDT 2017,08-May-2017 09:26:19.512,-71.05370815,42.30962264,24.05,3.0,-22.0,194.5,3.87082553,-0.31902736,6.60560226,-0.04243584,31.76470566,-0.03411351,0.09725679,0.01147069,-0.0661395,14.2693367,1005.81396484,-,181.3999939,-,1977,-,42.30962372,-71.05371094,-,6.03000021,-,52.81655121
Mon May 08 09:24:51 EDT 2017,08-May-2017 09:26:20.507,-71.05377822,42.309415,23.99,3.0,-22.0,193.7,4.44184256,-0.42137951,8.68855762,-0.06568021,33.33333206,-0.04077827,0.11574412,-0.00378289,-0.0833455,15.39937973,1005.84667969,-,181.3999939,-,1977,-,42.30941391,-71.0537796,-,6.03000021,-,52.81655121
Mon May 08 09:24:52 EDT 2017,08-May-2017 09:26:21.507,-71.05384389,42.30921032,23.91,3.0,-21.0,193.1,4.60165548,-0.0748188,8.7005291,0.01474136,33.33333206,0.00368275,0.13709913,0.01037243,-0.04411332,15.39937973,1005.85229492,-,181.3999939,-,1967,-,42.30921173,-71.05384064,-,8.84000015,-,52.19517899
Mon May 08 09:24:53 EDT 2017,08-May-2017 09:26:22.507,-71.05390937,42.30899732,23.86,3.0,-20.0,192.9,4.34966612,-0.72843587,7.74344683,-0.06733088,34.90196228,-0.0505771,0.1466784,-0.05887881,-0.115073,14.73678589,1005.72583008,-,181.3999939,-,1967,-,42.30899811,-71.0539093,-,16.12000084,-,52.19517899
Mon May 08 09:24:54 EDT 2017,08-May-2017 09:26:23.510,-71.05397675,42.30879455,23.94,3.0,-20.0,193.0,3.91990662,-0.65840548,8.03194809,-0.06818385,34.90196228,-0.10130116,0.12837408,0.01299605,-0.15955243,15.23788071,1005.76147461,-,181.3999939,-,1970,-,42.30879593,-71.05397797,-,16.12000084,-,52.19517899
Mon May 08 09:24:55 EDT 2017,08-May-2017 09:26:24.505,-71.05404071,42.30858473,23.92,3.0,-19.0,192.5,3.93487048,0.51295769,7.8661499,-0.05158402,31.76470566,-0.08851881,0.10549372,0.08261338,-0.1343535,15.23788071,1005.69262695,-,181.3999939,-,1958,-,42.30858612,-71.054039,-,7.80000019,-,52.19517899
Mon May 08 09:24:56 EDT 2017,08-May-2017 09:26:25.509,-71.05409214,42.30836955,23.79,3.0,-19.0,190.9,4.16890383,0.91458505,7.38311958,-0.07966715,32.94117737,-0.13038667,0.09298582,0.11122909,-0.17840582,14.89469528,1005.73852539,-,181.3999939,-,1958,-,42.30836868,-71.05409241,-,7.80000019,-,52.19517899
Mon May 08 09:24:57 EDT 2017,08-May-2017 09:26:26.505,-71.05412611,42.3081604,23.74,3.0,-19.0,188.1,3.97018504,1.32339501,7.62613106,-0.05196463,32.94117737,-0.03743411,0.10756823,0.07022747,-0.076634,14.89469528,1005.79150391,-,181.3999939,-,1942,-,42.30815887,-71.05412292,-,10.39999962,-,52.19517899
Mon May 08 09:24:58 EDT 2017,08-May-2017 09:26:27.516,-71.05415028,42.30795437,23.62,3.0,-18.0,185.2,4.70939493,-0.04608838,7.76200199,-0.06977136,35.29411697,-0.01937349,0.12861814,0.03764583,-0.06589539,14.76908493,1005.68408203,-,181.3999939,-,1942,-,42.30795288,-71.05415344,-,10.39999962,-,51.57381058
Mon May 08 09:24:59 EDT 2017,08-May-2017 09:26:28.510,-71.05415951,42.30774007,23.81,3.0,-19.0,182.9,4.24312401,-0.35254622,8.51258373,-0.03389915,35.29411697,0.04182241,0.12111343,-0.01781618,0.00604042,14.76908493,1005.59399414,-,181.3999939,-,1960,-,42.30773926,-71.05416107,-,20.04000092,-,52.19517899
Mon May 08 09:25:00 EDT 2017,08-May-2017 09:26:29.516,-71.05416542,42.30752588,23.75,3.0,-20.0,181.1,4.61961222,-0.40940848,8.9267807,-0.03276628,32.54901886,0.01303775,0.10585984,-0.01879241,-0.01860938,14.56541634,1005.59350586,-,181.3999939,-,1960,-,42.30752563,-71.0541687,-,20.04000092,-,52.19517899
Mon May 08 09:25:01 EDT 2017,08-May-2017 09:26:30.505,-71.05416391,42.30731015,23.57,3.0,-21.0,179.4,4.33350515,0.42137951,7.80090761,-0.07792592,32.54901886,-0.20615204,0.09152148,0.11665937,-0.26718166,14.56541634,1005.5859375,-,181.3999939,-,1936,-,42.30731201,-71.05416107,-,10.31999969,-,51.57381058
Mon May 08 09:25:02 EDT 2017,08-May-2017 09:26:31.506,-71.05414999,42.30710264,23.63,3.0,-21.0,177.4,4.26586866,-0.18375498,7.95593214,-0.08042492,36.86274719,-0.15315902,0.06223459,0.04234393,-0.18224972,15.28857327,1005.47973633,-,181.3999939,-,1936,-,42.3071022,-71.05415344,-,10.31999969,-,51.57381058
Mon May 08 09:25:03 EDT 2017,08-May-2017 09:26:32.506,-71.05412445,42.30688558,23.81,3.0,-21.0,174.6,4.07074165,0.61111999,7.7284832,-0.06994,36.86274719,-0.0362107,0.11934397,0.05027579,-0.08041681,15.28857327,1005.53271484,-,181.3999939,-,1962,-,42.30688477,-71.05412292,-,13.60000038,-,52.19517899
Mon May 08 09:25:04 EDT 2017,08-May-2017 09:26:33.515,-71.05407967,42.30667266,23.77,3.0,-22.0,172.3,4.23953247,-0.16639702,8.24084187,-0.06035248,30.98039246,-0.1119128,0.01708399,0.03673062,-0.1149509,14.60130501,1005.55517578,-,183.19999695,-,1962,-,42.30667114,-71.05407715,-,4.96000004,-,52.19517899
Mon May 08 09:25:05 EDT 2017,08-May-2017 09:26:34.512,-71.05403118,42.30645521,23.54,3.0,-22.0,170.7,4.20002842,0.86969376,7.83023643,-0.06775447,30.98039246,-0.03158125,0.05698736,0.04655392,-0.04496754,13.80906391,1005.61694336,-,183.19999695,-,1943,-,42.3064537,-71.05403137,-,4.96000004,-,51.57381058
Mon May 08 09:25:06 EDT 2017,08-May-2017 09:26:35.505,-71.05397423,42.30624879,23.44,4.0,-21.0,168.8,3.77326179,0.51235914,7.81527281,-0.10240197,30.98039246,0.00190625,0.09194854,0.08047788,-0.02574804,13.80906391,1005.65795898,-,183.19999695,-,1943,-,42.30624771,-71.05397797,-,4.80999994,-,51.57381058
Mon May 08 09:25:07 EDT 2017,08-May-2017 09:26:36.505,-71.05390833,42.30604627,23.11,3.0,-21.0,166.1,4.18985319,0.32620999,6.7295022,-0.06097864,30.98039246,-0.15582298,0.06620052,0.14661738,-0.19817449,29.39955139,1005.59838867,-,183.19999695,-,1906,-,42.30604553,-71.0539093,-,4.80999994,-,50.95243835
Mon May 08 09:25:08 EDT 2017,08-May-2017 09:26:37.507,-71.05382309,42.3058468,22.95,3.0,-21.0,163.7,4.12161827,0.219668,8.18816948,-0.08751618,32.94117737,-0.10116947,0.09182654,0.07394934,-0.14069898,29.39955139,1005.68481445,-,183.19999695,-,1906,-,42.30584717,-71.05382538,-,8.01000023,-,50.95243835
Mon May 08 09:25:09 EDT 2017,08-May-2017 09:26:38.506,-71.05373427,42.30564586,22.92,3.0,-21.0,161.8,4.3969512,-0.04788403,8.10437298,-0.04904894,32.94117737,-0.05977782,0.11623224,0.01311808,-0.10488356,13.54797459,1005.64233398,-,183.19999695,-,1886,-,42.30564499,-71.05373383,-,8.01000023,-,50.33106613
Mon May 08 09:25:10 EDT 2017,08-May-2017 09:26:39.508,-71.05363891,42.30545619,23.01,3.0,-20.0,159.8,4.40832376,-0.08678981,8.14327812,-0.05936217,33.72549057,-0.0983719,0.06516327,0.08603018,-0.12477423,13.54797459,1005.68652344,-,183.19999695,-,1890,-,42.30545807,-71.05364227,-,8.07999992,-,50.33106613
Mon May 08 09:25:11 EDT 2017,08-May-2017 09:26:40.508,-71.05353125,42.30526236,22.95,3.0,-20.0,157.5,3.60746336,-0.11432313,7.02339077,-0.04736945,33.72549057,0.01797204,0.15723386,0.06986139,-0.0402084,13.57085228,1005.82983398,-,183.19999695,-,1890,-,42.30526352,-71.05352783,-,8.07999992,-,50.33106613
Mon May 08 09:25:12 EDT 2017,08-May-2017 09:26:41.506,-71.05341321,42.30507739,22.89,3.0,-20.0,155.0,4.48613548,0.66020113,9.30985355,-0.046905,33.33333206,-0.12195174,0.09798896,0.04307611,-0.16620296,13.57085228,1005.73657227,-,183.19999695,-,1890,-,42.3050766,-71.05341339,-,10.47999954,-,50.33106613
Mon May 08 09:25:13 EDT 2017,08-May-2017 09:26:42.507,-71.05328522,42.304888,22.98,3.0,-20.0,153.0,4.19942999,1.19470668,7.42801094,-0.06457748,35.29411697,-0.0820048,0.10811735,0.01848734,-0.12575045,15.02299786,1005.7734375,-,183.19999695,-,1884,-,42.30488968,-71.05328369,-,10.47999954,-,50.33106613
Mon May 08 09:25:14 EDT 2017,08-May-2017 09:26:43.507,-71.05314429,42.3047099,23.19,3.0,-20.0,150.8,4.30836582,-0.55844754,7.81108284,-0.07363361,35.29411697,-0.15204313,0.09091131,0.06089228,-0.19762532,15.02299786,1005.59399414,-,183.19999695,-,1917,-,42.30471039,-71.05314636,-,17.55999947,-,50.33106613
Mon May 08 09:25:15 EDT 2017,08-May-2017 09:26:44.511,-71.05299249,42.304524,23.45,3.0,-20.0,149.1,4.84766006,0.03052607,7.92839909,-0.04129779,35.29411697,-0.05237554,0.16217606,0.02111095,-0.12282178,15.33836937,1005.65112305,-,183.19999695,-,1917,-,42.30452347,-71.05299377,-,17.55999947,-,51.57381058
Mon May 08 09:25:16 EDT 2017,08-May-2017 09:26:45.505,-71.0528326,42.30434342,23.79,3.0,-20.0,147.1,4.70700073,-0.02813187,7.13831234,-0.05628854,37.25490189,-0.0853141,0.08603017,0.09414508,-0.12135743,15.33836937,1005.58544922,-,183.19999695,-,1917,-,42.30434418,-71.05283356,-,24.20000076,-,51.57381058
Mon May 08 09:25:17 EDT 2017,08-May-2017 09:26:46.506,-71.05265521,42.30416276,24.23,3.0,-20.0,144.8,4.30716896,0.1400608,7.8589673,-0.05708691,34.90196228,-0.08603227,0.10708012,0.03227657,-0.12989943,14.59053898,1005.43432617,-,183.19999695,-,1985,-,42.30416107,-71.05265808,-,24.20000076,-,52.81655121
Mon May 08 09:25:18 EDT 2017,08-May-2017 09:26:47.506,-71.05247224,42.30399797,24.42,3.0,-20.0,142.4,4.23354721,-0.32202014,8.09838772,-0.07123102,34.90196228,-0.07976449,0.12251671,-0.02446674,-0.13234004,14.59053898,1005.56738281,-,183.19999695,-,1985,-,42.30399704,-71.05247498,-,11.27000046,-,52.81655121
Mon May 08 09:25:19 EDT 2017,08-May-2017 09:26:48.514,-71.05227995,42.30382541,24.44,3.0,-20.0,141.0,4.52923107,-1.21745157,8.40783787,-0.06720152,33.33333206,-0.13209233,0.06565139,0.029836,-0.15997949,14.9193697,1005.55151367,-,183.19999695,-,2010,-,42.30382538,-71.05227661,-,11.27000046,-,53.43792343
Mon May 08 09:25:20 EDT 2017,08-May-2017 09:26:49.507,-71.05209375,42.30365928,24.36,3.0,-19.0,140.6,4.34427881,-0.63147068,7.75781202,-0.07995826,33.33333206,0.04006549,0.09908725,-0.06504125,0.01147073,14.9193697,1005.65893555,-,183.19999695,-,2006,-,42.30365753,-71.05209351,-,9.69999981,-,53.43792343
Mon May 08 09:25:21 EDT 2017,08-May-2017 09:26:50.506,-71.05190079,42.30348852,24.3,4.0,-19.0,140.1,3.94624305,0.03232172,8.29112053,-0.0696089,32.54901886,-0.0572718,0.08938596,0.02690731,-0.08810463,14.49812603,1005.60180664,-,183.19999695,-,2006,-,42.30348969,-71.05190277,-,9.69999981,-,53.43792343
Mon May 08 09:25:22 EDT 2017,08-May-2017 09:26:51.506,-71.05171079,42.30332715,24.13,3.0,-19.0,139.9,4.22157621,-0.0724246,8.15704536,-0.0751287,32.54901886,-0.06942672,0.1134256,0.01256895,-0.11434078,14.49812603,1005.55224609,-,183.19999695,-,1980,-,42.30332565,-71.05171204,-,7.94000006,-,53.43792343
Mon May 08 09:25:23 EDT 2017,08-May-2017 09:26:52.506,-71.05152381,42.30316021,23.97,3.0,-19.0,139.3,4.4286747,0.66798228,7.87512779,-0.07216929,33.72549057,-0.07068501,0.12434717,-0.04112364,-0.12398106,14.94897747,1005.54370117,-,183.19999695,-,1980,-,42.30316162,-71.0515213,-,7.94000006,-,52.81655121
Mon May 08 09:25:24 EDT 2017,08-May-2017 09:26:53.507,-71.05133742,42.30299587,23.91,3.0,-19.0,139.5,4.37719917,0.207697,7.77696562,-0.07864958,33.72549057,-0.05502482,0.10293116,0.0200127,-0.0924367,14.94897747,1005.48803711,-,183.19999695,-,1967,-,42.30299759,-71.0513382,-,12.97000027,-,52.81655121
Mon May 08 09:25:25 EDT 2017,08-May-2017 09:26:54.505,-71.05114055,42.30283145,23.8,3.0,-20.0,139.5,4.65672207,-0.32680854,7.48666859,-0.069292,36.86274719,-0.10606414,0.14637335,-0.00591839,-0.17657542,14.60848427,1005.39697266,-,183.19999695,-,1967,-,42.30282974,-71.05113983,-,12.97000027,-,52.19517899
Mon May 08 09:25:26 EDT 2017,08-May-2017 09:26:55.506,-71.05095421,42.3026695,24.04,3.0,-20.0,139.9,4.18686008,0.4381389,7.96730471,-0.03592909,36.86274719,0.05955233,0.15558651,-0.008542,0.00890815,14.60848427,1005.42749023,-,183.19999695,-,1988,-,42.30266953,-71.05095673,-,29.52000046,-,52.81655121
Mon May 08 09:25:27 EDT 2017,08-May-2017 09:26:56.511,-71.05076376,42.30250581,24.29,3.0,-19.0,140.2,3.60925913,0.130484,7.58423233,-0.09118075,32.94117737,-0.0660408,0.03593743,0.03130034,-0.15790503,15.75019169,1005.33032227,-,183.19999695,-,1988,-,42.30250549,-71.05076599,-,29.52000046,-,52.81655121
Mon May 08 09:25:28 EDT 2017,08-May-2017 09:26:57.511,-71.05057789,42.30233674,24.13,3.0,-18.0,140.3,4.47775555,-0.05027824,8.66701031,-0.05969911,32.94117737,-0.12473674,0.10897157,0.03740177,-0.17553814,15.75019169,1005.21508789,-,183.19999695,-,1977,-,42.30233765,-71.05057526,-,6.78999996,-,52.81655121
Mon May 08 09:25:29 EDT 2017,08-May-2017 09:26:58.507,-71.05038741,42.30216794,24.04,3.0,-18.0,140.0,4.76685572,0.47225627,7.01800394,-0.12244582,37.25490189,-0.08029317,0.15448824,0.02361254,-0.15088838,14.53222084,1005.21704102,-,183.19999695,-,1977,-,42.3021698,-71.05038452,-,6.78999996,-,52.81655121
Mon May 08 09:25:30 EDT 2017,08-May-2017 09:26:59.509,-71.05020332,42.30200066,24.27,3.0,-18.0,139.7,4.5250411,-0.60633159,7.26221228,-0.07141691,37.25490189,-0.07172202,0.04197783,-0.02550398,-0.08285738,14.53222084,1005.24755859,-,183.19999695,-,1998,-,42.30200195,-71.05020142,-,21.85000038,-,52.81655121
Mon May 08 09:25:31 EDT 2017,08-May-2017 09:27:00.505,-71.05001603,42.30183595,24.14,3.0,-17.0,139.6,4.0186677,-0.26036942,8.03314495,-0.07563236,31.37254906,-0.08367907,0.07767123,-0.008542,-0.11214432,14.20922279,1005.13623047,-,183.19999695,-,1998,-,42.30183411,-71.05001831,-,21.85000038,-,53.43792343
Mon May 08 09:25:32 EDT 2017,08-May-2017 09:27:01.507,-71.04983632,42.30166699,23.81,3.0,-17.0,140.0,4.37360811,-0.2765303,8.22468185,-0.04170826,31.37254906,-0.02542751,0.13471961,-0.02776151,-0.07706106,14.20922279,1005.22363281,-,183.19999695,-,1956,-,42.30166626,-71.04983521,-,5.01000023,-,51.57381058
Mon May 08 09:25:33 EDT 2017,08-May-2017 09:27:02.505,-71.04965246,42.30149494,23.64,3.0,-16.0,140.8,4.51546431,-0.4369418,7.97628307,-0.053213,35.29411697,-0.07221899,0.10049058,0.0076878,-0.11061893,13.90327168,1005.20922852,-,183.19999695,-,1956,-,42.3014946,-71.0496521,-,5.01000023,-,51.57381058
Mon May 08 09:25:34 EDT 2017,08-May-2017 09:27:03.508,-71.0494759,42.30132859,23.67,3.0,-16.0,141.3,3.54581261,-0.83976626,8.60715485,-0.07286884,35.29411697,0.08035201,0.13441451,0.00793186,0.04301509,13.90327168,1005.06640625,-,183.19999695,-,1949,-,42.30132675,-71.04947662,-,11.72000027,-,51.57381058
Mon May 08 09:25:35 EDT 2017,08-May-2017 09:27:04.507,-71.04930561,42.30115489,23.45,3.0,-15.0,142.5,3.93846178,-0.36571431,5.43962622,-0.09745389,30.98039246,-0.12071202,0.06406502,-0.08853177,-0.15357301,13.52419758,1005.17016602,-,183.19999695,-,1949,-,42.30115509,-71.04930878,-,11.72000027,-,51.57381058
Mon May 08 09:25:36 EDT 2017,08-May-2017 09:27:05.506,-71.04914421,42.30098662,23.02,3.0,-16.0,144.6,3.2998085,-0.41838676,7.04434013,-0.18530992,30.98039246,-0.26934049,-0.03001904,-0.04887246,-0.26931718,13.52419758,1005.08422852,-,183.19999695,-,1896,-,42.30098724,-71.04914093,-,4.80999994,-,49.70969391
Mon May 08 09:25:37 EDT 2017,08-May-2017 09:27:06.509,-71.04899063,42.3008155,22.6,3.0,-16.0,147.0,6.68580818,-3.26449394,8.56525612,0.12615773,30.98039246,-0.5023495,-0.13905163,0.04325915,-0.47316599,29.39955139,1005.05126953,-,183.19999695,-,1896,-,42.30081558,-71.04898834,-,4.46000004,-,49.70969391
Mon May 08 09:25:38 EDT 2017,08-May-2017 09:27:07.505,-71.04885361,42.30064512,22.25,3.0,-16.0,149.2,4.14017344,-0.67396778,7.61296272,-0.10255462,30.98039246,0.03863091,0.10518867,-0.05058086,0.00823698,14.01093769,1004.97290039,-,183.19999695,-,1838,-,42.30064392,-71.04885101,-,4.46000004,-,48.46695328
Mon May 08 09:25:39 EDT 2017,08-May-2017 09:27:08.506,-71.04872971,42.30046557,22.14,3.0,-16.0,151.6,4.38617754,-0.38786069,8.22468185,-0.04945314,32.54901886,-0.0804294,0.09994142,-0.08737249,-0.12642163,14.01093769,1005.10986328,-,183.19999695,-,1838,-,42.30046463,-71.04872894,-,8.22999954,-,48.46695328
Mon May 08 09:25:40 EDT 2017,08-May-2017 09:27:09.508,-71.04861578,42.30028676,22.08,3.0,-17.0,154.1,3.67090964,-0.37050271,8.39048004,-0.07435896,32.54901886,-0.08507425,0.034168,-0.05796359,-0.09634162,13.5829649,1005.05322266,-,183.19999695,-,1822,-,42.30028534,-71.0486145,-,8.22999954,-,48.46695328
Mon May 08 09:25:41 EDT 2017,08-May-2017 09:27:10.506,-71.04850684,42.30010155,21.84,3.0,-17.0,155.9,4.24851084,-0.79128367,8.99740982,-0.05341362,30.98039246,-0.05248161,0.09127742,0.00774882,-0.0837116,13.5829649,1005.10351562,-,183.19999695,-,1822,-,42.30010223,-71.04850769,-,4.40999985,-,48.46695328
Mon May 08 09:25:42 EDT 2017,08-May-2017 09:27:11.506,-71.04840988,42.29992403,21.73,3.0,-17.0,157.2,3.80917501,-0.62488663,8.13190651,-0.07100779,30.98039246,0.00096515,0.08090497,-0.07297312,-0.02410064,13.84091568,1005.07226562,-,183.19999695,-,1786,-,42.29992294,-71.04840851,-,4.40999985,-,47.22420883
Mon May 08 09:25:43 EDT 2017,08-May-2017 09:27:12.512,-71.04831772,42.29974302,21.55,3.0,-18.0,159.2,3.08492899,0.05805939,8.74482155,-0.08110916,30.98039246,-0.05938751,-0.04136771,-0.00646752,-0.03709666,13.84091568,1005.09667969,-,183.19999695,-,1786,-,42.29974365,-71.04831696,-,4.26999998,-,47.22420883
Mon May 08 09:25:44 EDT 2017,08-May-2017 09:27:13.506,-71.04823246,42.29956992,21.01,3.0,-18.0,160.2,3.61644173,-0.45070848,7.86794519,-0.06108734,30.98039246,-0.04089231,0.10256504,-0.0460658,-0.07876942,13.84091568,1005.13305664,-,183.19999695,-,1734,-,42.29956818,-71.04823303,-,4.26999998,-,45.36009598
Mon May 08 09:25:45 EDT 2017,08-May-2017 09:27:14.506,-71.04814743,42.29939324,20.6,3.0,-19.0,160.3,3.23636222,-0.12449849,8.86812305,-0.07588419,30.98039246,-0.09394212,0.01555865,-0.01159272,-0.09512128,29.39955139,1005.12353516,-,183.19999695,-,1734,-,42.2993927,-71.04814911,-,4.26999998,-,45.36009598
Mon May 08 09:25:46 EDT 2017,08-May-2017 09:27:15.506,-71.04806905,42.29922806,19.98,3.0,-19.0,160.2,3.13161588,0.2777274,8.89565659,-0.04655863,30.98039246,-0.05779004,0.03435106,-0.02654122,-0.06443105,29.39955139,1005.19482422,-,183.19999695,-,1630,-,42.29922867,-71.04807281,-,4.11000013,-,42.25324249
Mon May 08 09:25:47 EDT 2017,08-May-2017 09:27:16.510,-71.04799351,42.2990715,18.69,3.0,-19.0,159.8,3.57873297,0.41659111,8.40364838,-0.0565474,30.58823586,-0.08422077,0.01610776,0.06900719,-0.08584712,29.39955139,1005.21240234,-,183.19999695,-,1630,-,42.29907227,-71.04799652,-,3.75,-,42.25324249
Mon May 08 09:25:48 EDT 2017,08-May-2017 09:27:17.512,-71.04791897,42.29892041,17.99,3.0,-19.0,159.5,3.26389551,-0.16579847,7.59979486,-0.07992128,30.58823586,-0.0552534,0.01000634,-0.00994533,-0.05112997,29.39955139,1005.08666992,-,183.19999695,-,1484,-,42.29891968,-71.04792023,-,3.75,-,39.14638519
Mon May 08 09:25:49 EDT 2017,08-May-2017 09:27:18.506,-71.04784255,42.29877544,17.33,3.0,-20.0,159.7,3.84209514,-0.10295067,8.54610252,-0.06391864,30.58823586,-0.05712348,0.00414897,-0.01378923,-0.05100796,29.39955139,1005.20898438,-,183.19999695,-,1484,-,42.29877472,-71.04784393,-,3.45000005,-,39.14638519
Mon May 08 09:25:50 EDT 2017,08-May-2017 09:27:19.507,-71.04777889,42.29863575,16.52,3.0,-20.0,159.6,3.99891543,-0.2088941,8.26298904,-0.08708968,30.58823586,-0.07508437,0.08371165,0.00835896,-0.10518862,29.39955139,1005.21557617,-,183.19999695,-,1365,-,42.29863739,-71.04777527,-,3.45000005,-,36.03952789
Mon May 08 09:25:51 EDT 2017,08-May-2017 09:27:20.515,-71.04770807,42.29850483,16.13,3.0,-20.0,159.4,3.64876342,0.01376666,7.51001215,-0.05596453,30.58823586,-0.08571891,0.04728608,0.06412604,-0.10073464,29.39955139,1005.17504883,-,183.19999695,-,1365,-,42.29850388,-71.0477066,-,3.26999998,-,36.03952789
Mon May 08 09:25:52 EDT 2017,08-May-2017 09:27:21.506,-71.04763898,42.29837493,15.87,3.0,-20.0,158.8,3.98036027,-0.2100912,8.60057068,-0.07379749,30.58823586,0.00210451,0.11049692,-0.03544932,-0.03386292,29.39955139,1005.24584961,-,183.19999695,-,1305,-,42.29837418,-71.04763794,-,3.26999998,-,34.79678726
Mon May 08 09:25:53 EDT 2017,08-May-2017 09:27:22.506,-71.04756819,42.29824505,15.66,3.0,-20.0,158.4,4.33230782,0.71646488,7.92121649,-0.06848025,30.19607925,-0.03636544,0.03026309,-0.03136136,-0.03978134,29.39955139,1005.2434082,-,183.19999695,-,1305,-,42.29824448,-71.04756927,-,3.26999998,-,34.79678726
Mon May 08 09:25:54 EDT 2017,08-May-2017 09:27:23.511,-71.0475016,42.29811523,15.52,3.0,-20.0,158.6,4.56035566,-0.32620999,8.04451752,-0.06546994,30.19607925,-0.00231863,0.11672035,0.03386294,-0.04045251,29.39955139,1005.30322266,-,183.19999695,-,882,-,42.29811478,-71.04750061,-,2.79999995,-,33.55404282
Mon May 08 09:25:55 EDT 2017,08-May-2017 09:27:24.506,-71.04743003,42.29798364,15.67,3.0,-21.0,158.8,4.66091204,0.04668693,8.42280197,-0.05182609,34.11764908,-0.09230148,0.13551278,-0.01439938,-0.15400012,16.74027061,1005.26464844,-,183.19999695,-,882,-,42.29798508,-71.04743195,-,2.79999995,-,33.55404282
Mon May 08 09:25:56 EDT 2017,08-May-2017 09:27:25.508,-71.04736012,42.29784823,16.12,3.0,-20.0,159.0,4.84766006,-0.16160862,8.18338108,-0.01889277,34.90196228,-0.09713398,0.15369506,0.04014742,-0.17059599,13.57174969,1005.3137207,-,183.19999695,-,1603,-,42.29784775,-71.04736328,-,15.35000038,-,35.41815948
Mon May 08 09:25:57 EDT 2017,08-May-2017 09:27:26.505,-71.04728826,42.29770707,16.62,3.0,-20.0,159.0,4.12880087,0.04608838,7.49564695,-0.06470346,34.90196228,-0.0436045,0.10341927,-0.00970128,-0.0802948,13.57174969,1005.34814453,-,183.19999695,-,1643,-,42.2977066,-71.04728699,-,15.35000038,-,36.66090012
Mon May 08 09:25:58 EDT 2017,08-May-2017 09:27:27.505,-71.04721508,42.29756541,16.87,3.0,-20.0,159.0,3.7229836,0.04249708,8.21929455,-0.05296667,31.76470566,-0.0047111,0.11550006,-0.03245961,-0.04380826,13.27611637,1005.17456055,-,181.3999939,-,1643,-,42.29756546,-71.04721832,-,15.35000038,-,36.66090012
Mon May 08 09:25:59 EDT 2017,08-May-2017 09:27:28.508,-71.04714564,42.29741952,16.94,3.0,-21.0,159.3,4.23294878,-0.26276365,8.54071617,-0.05317423,31.76470566,-0.09891593,0.10689707,0.02519891,-0.14442085,13.27611637,1005.34033203,-,181.3999939,-,1691,-,42.2974205,-71.04714203,-,5.90999985,-,37.28227234
Mon May 08 09:26:00 EDT 2017,08-May-2017 09:27:29.507,-71.04706741,42.29727282,17.18,3.0,-21.0,159.7,3.97138214,-0.1436521,6.97490788,-0.08915125,32.15686417,-0.11195634,0.08114903,0.03245961,-0.14539707,15.05843735,1005.45556641,-,181.3999939,-,1691,-,42.29727173,-71.04706573,-,5.90999985,-,37.28227234
Mon May 08 09:26:01 EDT 2017,08-May-2017 09:27:30.507,-71.0469953,42.29712623,17.21,3.0,-22.0,159.6,4.5543704,-0.20350714,8.06666374,-0.05988973,32.15686417,-0.04541195,0.12709279,0.04112365,-0.09475517,15.05843735,1005.47290039,-,181.3999939,-,1723,-,42.29712677,-71.04699707,-,10.47999954,-,37.28227234
Mon May 08 09:26:02 EDT 2017,08-May-2017 09:27:31.505,-71.04692138,42.29697894,17.56,3.0,-22.0,159.2,4.66210938,0.10893618,8.08641624,-0.06807818,32.15686417,-0.1157758,0.17419586,0.01079953,-0.20641142,15.40880108,1005.36767578,-,181.3999939,-,1723,-,42.296978,-71.04692078,-,10.47999954,-,38.52501297
Mon May 08 09:26:03 EDT 2017,08-May-2017 09:27:32.506,-71.04684315,42.296825,18.19,3.0,-22.0,158.4,4.93804121,-0.26874915,8.23006821,-0.03687114,36.86274719,-0.03238165,0.16339634,-0.00378289,-0.10049053,15.40880108,1005.51782227,-,181.3999939,-,1723,-,42.29682541,-71.04684448,-,25.39999962,-,38.52501297
Mon May 08 09:26:04 EDT 2017,08-May-2017 09:27:33.506,-71.04676086,42.29666172,19.08,3.0,-23.0,158.6,4.97934103,0.36391866,6.7468605,-0.07576419,38.4313736,-0.09094521,0.18584958,0.02330747,-0.18426318,14.77267456,1005.58154297,-,181.3999939,-,1887,-,42.29666138,-71.04676056,-,25.39999962,-,42.25324249
Mon May 08 09:26:05 EDT 2017,08-May-2017 09:27:34.505,-71.04667297,42.296492,19.95,3.0,-23.0,158.9,4.54299784,0.56981999,7.19397736,-0.05417269,38.4313736,-0.05518029,0.13911264,-0.02062284,-0.1133036,14.77267456,1005.53808594,-,181.3999939,-,2031,-,42.29649353,-71.04667664,-,27.53000069,-,42.25324249
Mon May 08 09:26:06 EDT 2017,08-May-2017 09:27:35.505,-71.04658033,42.29631768,20.74,3.0,-23.0,158.8,4.64594841,-0.2112883,7.44477034,-0.05530173,36.47058868,-0.10488848,0.14161421,-0.00353883,-0.17212135,14.6318121,1005.45410156,-,181.3999939,-,2031,-,42.29631805,-71.04657745,-,27.53000069,-,45.36009598
Mon May 08 09:26:07 EDT 2017,08-May-2017 09:27:36.506,-71.04648114,42.29613574,21.38,3.0,-23.0,158.7,4.07074165,0.04070143,7.45135403,-0.06144523,36.47058868,-0.18293299,0.08773857,-0.00305071,-0.23063406,14.6318121,1005.58276367,-,181.3999939,-,2148,-,42.29613495,-71.04647827,-,20.68000031,-,45.36009598
Mon May 08 09:26:08 EDT 2017,08-May-2017 09:27:37.506,-71.0463865,42.29594901,21.78,3.0,-23.0,158.9,4.5202527,0.08020575,8.4353714,-0.04952781,36.47058868,-0.00891375,0.14680041,0.00329477,-0.06375998,14.53760433,1005.68017578,-,181.3999939,-,2148,-,42.29594803,-71.04638672,-,20.68000031,-,47.84558105
Mon May 08 09:26:09 EDT 2017,08-May-2017 09:27:38.504,-71.04628427,42.29576256,22.09,3.0,-23.0,158.8,4.48793125,0.10833763,8.24383545,-0.05616748,34.50980377,-0.04280153,0.12550645,0.02904281,-0.0906672,14.53760433,1005.59594727,-,181.3999939,-,2148,-,42.29576111,-71.04628754,-,14.42000008,-,47.84558105
Mon May 08 09:26:10 EDT 2017,08-May-2017 09:27:39.513,-71.04618807,42.29557818,22.24,3.0,-22.0,158.7,4.12341404,-0.01855506,7.92959595,-0.07752442,34.50980377,-0.21579495,0.04820131,0.03715772,-0.24570461,14.61162376,1005.5847168,-,181.3999939,-,2211,-,42.295578,-71.04618835,-,14.42000008,-,48.46695328
Mon May 08 09:26:11 EDT 2017,08-May-2017 09:27:40.507,-71.04608831,42.29538823,22.36,3.0,-22.0,158.7,4.74650478,0.34237084,8.63648415,-0.06530935,34.50980377,-0.06863082,0.12751991,-0.03429004,-0.12294383,14.61162376,1005.70800781,-,181.3999939,-,2244,-,42.29538727,-71.04608917,-,28.86000061,-,48.46695328
Mon May 08 09:26:12 EDT 2017,08-May-2017 09:27:41.513,-71.04598914,42.29520011,22.7,3.0,-21.0,158.7,4.52444267,0.40701428,9.147048,-0.0353381,35.29411697,-0.10774107,0.09329088,-0.00823693,-0.14741059,14.549716,1005.54760742,-,181.3999939,-,2244,-,42.29520035,-71.04598999,-,28.86000061,-,49.70969391
Mon May 08 09:26:13 EDT 2017,08-May-2017 09:27:42.505,-71.04588494,42.29500709,22.83,3.0,-21.0,158.7,3.90015459,-0.30705637,7.41244841,-0.06152046,35.29411697,-0.12015995,0.11714746,-0.02184312,-0.17584324,14.549716,1005.40722656,-,181.3999939,-,2265,-,42.2950058,-71.04588318,-,14.72000027,-,49.70969391
Mon May 08 09:26:14 EDT 2017,08-May-2017 09:27:43.506,-71.04578793,42.29482424,22.58,3.0,-20.0,158.8,3.76428366,0.10295067,8.21510506,-0.07384745,31.37254906,-0.06527768,0.05607216,-0.00567433,-0.08133208,13.89788723,1005.44067383,-,181.3999939,-,2265,-,42.29482269,-71.04579163,-,14.72000027,-,49.70969391
Mon May 08 09:26:15 EDT 2017,08-May-2017 09:27:44.506,-71.04568871,42.29463934,22.16,3.0,-20.0,158.9,4.35146141,-0.42676646,6.88931561,-0.1568293,31.37254906,-0.04868564,0.14259045,-0.01659589,-0.10762919,13.89788723,1005.38037109,-,183.19999695,-,2192,-,42.29463959,-71.04569244,-,8.07999992,-,49.70969391
Mon May 08 09:26:16 EDT 2017,08-May-2017 09:27:45.506,-71.04559274,42.29445319,22.01,3.0,-20.0,159.1,4.30657053,0.4770447,7.77636719,-0.04968501,32.15686417,-0.01095504,0.0802338,0.03605946,-0.03252058,13.10250473,1005.34545898,-,183.19999695,-,2192,-,42.29445267,-71.04559326,-,8.07999992,-,48.46695328
Mon May 08 09:26:17 EDT 2017,08-May-2017 09:27:46.508,-71.0454972,42.29426538,21.85,3.0,-19.0,159.2,3.69844317,-0.02513912,7.31428623,-0.08060132,32.15686417,-0.08478282,0.02281936,-0.02190414,-0.0886538,13.10250473,1005.39550781,-,183.19999695,-,2167,-,42.29426575,-71.04549408,-,5.05999994,-,48.46695328
Mon May 08 09:26:18 EDT 2017,08-May-2017 09:27:47.506,-71.04540356,42.2940898,21.42,3.0,-19.0,159.1,3.72358227,-0.64344168,8.6765871,-0.07355266,32.15686417,-0.15295824,0.0618075,0.00488115,-0.18151756,13.10250473,1005.39599609,-,183.19999695,-,2167,-,42.29409027,-71.04540253,-,5.05999994,-,47.22420883
Mon May 08 09:26:19 EDT 2017,08-May-2017 09:27:48.505,-71.04530686,42.29391155,20.93,3.0,-18.0,158.6,4.08989525,-0.00658405,7.60817432,-0.08184074,31.76470566,0.07494232,0.09445016,-0.11324257,0.04655398,29.39955139,1005.35522461,-,183.19999695,-,2167,-,42.29391098,-71.04530334,-,9.31000042,-,47.22420883
Mon May 08 09:26:20 EDT 2017,08-May-2017 09:27:49.505,-71.04521634,42.29373774,20.76,3.0,-17.0,158.6,4.48194551,-0.1412579,7.55131197,-0.05723757,31.76470566,-0.1302041,0.10476156,0.06351589,-0.18054134,13.77676392,1005.24487305,-,183.19999695,-,2072,-,42.29373932,-71.04521942,-,9.31000042,-,45.36009598
Mon May 08 09:26:21 EDT 2017,08-May-2017 09:27:50.510,-71.04512427,42.29356155,20.92,3.0,-17.0,158.8,4.80157137,-0.25617957,7.59261227,-0.0821794,36.07843018,-0.04967062,0.15064432,-0.00707766,-0.11312055,13.77676392,1005.20849609,-,183.19999695,-,2072,-,42.29356003,-71.04512787,-,22.11000061,-,45.36009598
Mon May 08 09:26:22 EDT 2017,08-May-2017 09:27:51.516,-71.04503369,42.2933866,21.3,3.0,-17.0,158.9,5.32530308,-0.06703765,9.6145153,0.16895837,38.4313736,-0.07845366,0.14051594,-0.03435105,-0.14191927,14.30657005,1005.14135742,-,183.19999695,-,2110,-,42.29338837,-71.04503632,-,22.11000061,-,46.60284042
Mon May 08 09:26:23 EDT 2017,08-May-2017 09:27:52.507,-71.04494186,42.29320713,21.75,3.0,-16.0,159.1,4.24910927,1.55862534,5.03740025,-0.29828525,38.4313736,-0.30945075,0.1011617,0.17688049,-0.41752094,14.30657005,1005.09936523,-,183.19999695,-,2185,-,42.29320526,-71.04494476,-,30.19000053,-,46.60284042
Mon May 08 09:26:24 EDT 2017,08-May-2017 09:27:53.509,-71.04484758,42.29302436,21.96,3.0,-16.0,159.1,2.73178411,-0.95349085,9.32541561,0.00670946,38.4313736,0.36348912,0.23807783,0.09048422,0.30494955,14.8134985,1005.07324219,-,183.19999695,-,2185,-,42.29302597,-71.04484558,-,30.19000053,-,47.84558105
Mon May 08 09:26:25 EDT 2017,08-May-2017 09:27:54.505,-71.04474987,42.29283653,21.81,3.0,-16.0,159.1,4.4143095,-0.10953473,7.29094267,-0.05324776,33.72549057,-0.0842168,0.11568312,-0.03862206,-0.13447551,14.8134985,1005.0703125,-,183.19999695,-,2185,-,42.29283524,-71.0447464,-,12.88000011,-,47.84558105
Mon May 08 09:26:26 EDT 2017,08-May-2017 09:27:55.508,-71.0446624,42.29265742,21.8,3.0,-15.0,159.1,4.30836582,-0.92655605,8.43417358,-0.02383316,32.94117737,-0.02962977,0.10720213,-0.07645093,-0.07126474,14.58829689,1005.02612305,-,183.19999695,-,2173,-,42.29265594,-71.04466248,-,12.88000011,-,47.84558105
Mon May 08 09:26:27 EDT 2017,08-May-2017 09:27:56.519,-71.04457681,42.29247258,21.94,3.0,-15.0,160.4,3.90733719,-0.39683893,10.11191082,0.11719483,32.94117737,-0.22407588,0.03123932,-0.00201347,-0.24594866,14.58829689,1005.02636719,-,183.19999695,-,2167,-,42.29247284,-71.04457855,-,6.63000011,-,47.22420883
Mon May 08 09:26:28 EDT 2017,08-May-2017 09:27:57.508,-71.04449349,42.29228716,21.53,3.0,-14.0,161.3,4.22456884,-0.83677351,8.78731918,-0.11038828,31.37254906,-0.06365489,0.0785254,-0.0690682,-0.09432811,14.08989239,1004.92895508,-,183.19999695,-,2133,-,42.29228592,-71.04449463,-,5.17000008,-,47.22420883
Mon May 08 09:26:29 EDT 2017,08-May-2017 09:27:58.513,-71.04441655,42.29210305,21.25,3.0,-13.0,162.4,4.5370121,-1.41437471,7.18978786,-0.06953049,35.29411697,-0.12116091,0.1305096,-0.12617759,-0.19811344,14.07239628,1004.95336914,-,183.19999695,-,2133,-,42.29210281,-71.04441833,-,5.17000008,-,47.22420883
Mon May 08 09:26:30 EDT 2017,08-May-2017 09:27:59.506,-71.04434084,42.29192579,21.39,3.0,-13.0,163.3,4.25868607,0,7.47290182,-0.08635271,35.29411697,-0.14153533,0.08127108,-0.01061649,-0.17944305,14.07239628,1004.85253906,-,183.19999695,-,2134,-,42.29192734,-71.04434204,-,21.85000038,-,47.22420883
Mon May 08 09:26:31 EDT 2017,08-May-2017 09:28:00.507,-71.04427403,42.29174395,21.39,3.0,-12.0,164.0,4.45201826,-0.43394905,7.81886435,-0.10149668,34.50980377,-0.08144332,0.1218456,-0.02623615,-0.1339874,14.46133995,1004.76464844,-,183.19999695,-,2134,-,42.29174423,-71.04427338,-,21.85000038,-,47.22420883
Mon May 08 09:26:32 EDT 2017,08-May-2017 09:28:01.506,-71.0442121,42.29155999,21.35,3.0,-11.0,164.8,4.09887314,-0.53570265,8.7986908,0.00236487,34.50980377,-0.00869794,0.08584712,-0.03660859,-0.03410703,14.46133995,1004.85229492,-,183.19999695,-,2123,-,42.29156113,-71.04421234,-,14.21000004,-,47.22420883
Mon May 08 09:26:33 EDT 2017,08-May-2017 09:28:02.508,-71.04415058,42.29136941,21.27,3.0,-11.0,165.9,3.80139375,-0.58657944,7.8487916,-0.09760922,31.37254906,-0.12208993,0.07144775,-0.03526627,-0.15345095,15.05843735,1004.66137695,-,183.19999695,-,2123,-,42.29137039,-71.04415131,-,14.21000004,-,46.60284042
Mon May 08 09:26:34 EDT 2017,08-May-2017 09:28:03.509,-71.04408993,42.29119237,21.01,3.0,-12.0,166.5,3.66252995,0.02274492,7.65845251,-0.06871434,31.37254906,-0.13434237,0.04136769,0.02031777,-0.15033926,15.05843735,1004.77807617,-,183.19999695,-,2088,-,42.2911911,-71.04409027,-,7.30999994,-,46.60284042
Mon May 08 09:26:35 EDT 2017,08-May-2017 09:28:04.508,-71.04403407,42.29100694,20.74,3.0,-11.0,166.9,4.22157621,-0.12928689,7.94336271,-0.01243935,32.15686417,0.04119721,0.1028701,-0.07358326,0.01018944,14.41333961,1004.81567383,-,183.19999695,-,2088,-,42.291008,-71.04403687,-,7.30999994,-,45.9814682
Mon May 08 09:26:36 EDT 2017,08-May-2017 09:28:05.507,-71.04398223,42.29082794,20.46,3.0,-11.0,167.4,4.03662395,0.53809685,7.39868164,-0.12770408,32.15686417,-0.09447006,0.0678479,0.03044614,-0.11897791,14.41333961,1004.59057617,-,183.19999695,-,2040,-,42.2908287,-71.04398346,-,15.68000031,-,45.9814682
Mon May 08 09:26:37 EDT 2017,08-May-2017 09:28:06.506,-71.04392597,42.29064213,20.46,3.0,-11.0,167.7,4.36403131,-0.19093758,9.02973175,0.03391069,34.50980377,0.02285862,0.11287649,-0.00146434,-0.01055545,13.73190403,1004.43164062,-,183.19999695,-,2040,-,42.29064178,-71.04392242,-,15.68000031,-,44.73872757
Mon May 08 09:26:38 EDT 2017,08-May-2017 09:28:07.505,-71.04387787,42.29046329,20.45,3.0,-11.0,167.9,5.36720181,-0.98222125,9.20031834,0.10177952,34.50980377,0.00839113,0.1130595,-0.05411969,-0.02940885,13.73190403,1004.39746094,-,183.19999695,-,2040,-,42.29046249,-71.04387665,-,14.31000042,-,44.73872757
Mon May 08 09:26:39 EDT 2017,08-May-2017 09:28:08.508,-71.04382501,42.29027519,20.8,3.0,-11.0,168.1,4.82850647,-0.31663316,7.14788914,-0.1227053,34.50980377,-0.2728962,0.03880509,0.09707377,-0.31086791,15.01716614,1004.54248047,-,183.19999695,-,2064,-,42.29027557,-71.04382324,-,14.31000042,-,45.36009598
Mon May 08 09:26:40 EDT 2017,08-May-2017 09:28:09.507,-71.04377293,42.29008411,21.31,3.0,-11.0,167.7,3.89237332,0.45370123,6.60859537,-0.06539923,36.86274719,-0.21654238,0.06479719,0.06424807,-0.25735834,15.01716614,1004.57568359,-,183.19999695,-,2064,-,42.29008484,-71.04376984,-,22.23999977,-,45.36009598
Mon May 08 09:26:41 EDT 2017,08-May-2017 09:28:10.506,-71.04371849,42.28988776,21.68,3.0,-11.0,167.6,3.16274047,-0.04189853,6.14352179,-0.2842195,36.86274719,0.15386653,0.06620052,-0.07083762,0.14789875,15.01716614,1004.58227539,-,183.19999695,-,2152,-,42.28988647,-71.04371643,-,22.23999977,-,47.22420883
Mon May 08 09:26:42 EDT 2017,08-May-2017 09:28:11.507,-71.04366031,42.28970257,21.63,3.0,-11.0,167.6,4.4190979,-0.23463176,8.75499725,0.01138759,31.76470566,0.01402571,0.10762924,-0.02031776,-0.01842633,14.42231178,1004.58764648,-,183.19999695,-,2152,-,42.28970337,-71.04366302,-,22.23999977,-,47.22420883
Mon May 08 09:26:43 EDT 2017,08-May-2017 09:28:12.505,-71.04360621,42.28951139,21.57,3.0,-11.0,167.7,4.45800352,-0.62009823,7.39748478,-0.02127282,31.76470566,-0.11701116,0.12245572,-0.0452116,-0.17694148,14.84310532,1004.60375977,-,183.19999695,-,2144,-,42.28951263,-71.04360962,-,6.67999983,-,47.22420883
Mon May 08 09:26:44 EDT 2017,08-May-2017 09:28:13.505,-71.0435592,42.28931833,21.91,3.0,-11.0,168.0,4.06535435,0.1328782,8.18158531,-0.11517205,35.68627548,-0.15351529,0.07004444,-0.00463709,-0.18676481,14.84310532,1004.59082031,-,183.19999695,-,2192,-,42.28931808,-71.04355621,-,17.34000015,-,48.46695328
Mon May 08 09:26:45 EDT 2017,08-May-2017 09:28:14.506,-71.04350556,42.28911958,22.15,3.0,-11.0,168.0,4.42209053,-0.34476504,8.01159763,-0.05532457,36.07843018,-0.06619693,0.11879486,-0.01714502,-0.11434078,14.29356098,1004.59082031,-,183.19999695,-,2192,-,42.28911972,-71.04350281,-,17.34000015,-,48.46695328
Mon May 08 09:26:46 EDT 2017,08-May-2017 09:28:15.505,-71.04345074,42.28892569,22.46,3.0,-11.0,167.7,4.50409174,-0.02513912,8.26418591,-0.02917767,36.07843018,-0.04025127,0.1271538,0.01543662,-0.08859275,14.29356098,1004.63720703,-,183.19999695,-,2192,-,42.28892517,-71.0434494,-,24.64999962,-,48.46695328
Mon May 08 09:26:47 EDT 2017,08-May-2017 09:28:16.508,-71.04339442,42.28872697,22.75,3.0,-11.0,167.5,4.96018744,-0.73920977,10.71824265,0.21766561,36.07843018,-0.00907635,0.08474888,-0.06809197,-0.03648655,14.41647911,1004.7175293,-,183.19999695,-,2258,-,42.28872681,-71.043396,-,24.64999962,-,49.70969391
Mon May 08 09:26:48 EDT 2017,08-May-2017 09:28:17.506,-71.04333325,42.28852632,22.82,3.0,-11.0,167.6,3.84389091,-0.36691141,9.47325802,-0.03451326,32.15686417,0.04316888,0.05985504,-0.01940255,0.03465619,14.41647911,1004.69165039,-,183.19999695,-,2258,-,42.28852463,-71.04333496,-,5.17000008,-,49.70969391
Mon May 08 09:26:49 EDT 2017,08-May-2017 09:28:18.505,-71.04326621,42.28832084,22.66,3.0,-12.0,167.5,3.91930819,0.55784899,8.21749878,-0.00118151,32.15686417,-0.06987875,0.06754284,0.07486456,-0.09335188,14.41647911,1004.60473633,-,183.19999695,-,2265,-,42.28832245,-71.0432663,-,5.17000008,-,49.70969391
Mon May 08 09:26:50 EDT 2017,08-May-2017 09:28:19.506,-71.04320945,42.28813058,22.33,3.0,-12.0,168.0,3.1729157,-0.55365914,7.13831234,-0.19029987,31.37254906,-0.23517951,0.04106263,-0.00591839,-0.26406991,29.39955139,1004.61035156,-,183.19999695,-,2265,-,42.28813171,-71.04321289,-,5.17000008,-,49.0883255
Mon May 08 09:26:51 EDT 2017,08-May-2017 09:28:20.507,-71.04315907,42.28793859,22.0,3.0,-13.0,169.5,3.65415025,0.33279404,7.13891077,-0.17038447,31.37254906,-0.18150629,0.04051349,0.05192318,-0.20329969,29.39955139,1004.79321289,-,183.19999695,-,2175,-,42.28793716,-71.04315948,-,5.28999996,-,49.0883255
Mon May 08 09:26:52 EDT 2017,08-May-2017 09:28:21.510,-71.04311154,42.28774427,21.69,3.0,-13.0,171.0,4.09767628,-1.05883574,8.1265192,-0.05459726,31.37254906,-0.06025854,0.06919023,0.01311808,-0.08157609,29.39955139,1004.88647461,-,183.19999695,-,2175,-,42.28774261,-71.04311371,-,5.28999996,-,47.84558105
Mon May 08 09:26:53 EDT 2017,08-May-2017 09:28:22.514,-71.04307418,42.28754685,21.48,3.0,-13.0,172.6,4.44722986,-0.68474168,8.3719244,-0.09261143,31.37254906,-0.04262073,0.11086299,-0.02690731,-0.08377265,29.39955139,1004.82348633,-,183.19999695,-,2175,-,42.28754807,-71.04307556,-,14.01000023,-,47.84558105
Mon May 08 09:26:54 EDT 2017,08-May-2017 09:28:23.507,-71.04304743,42.28735277,21.59,3.0,-13.0,173.9,3.98036027,-0.60214174,7.32505989,-0.0761849,31.37254906,-0.14768347,0.07376629,-0.04338118,-0.18432423,29.39955139,1004.91162109,-,183.19999695,-,2150,-,42.28735352,-71.04304504,-,14.01000023,-,47.22420883
Mon May 08 09:26:55 EDT 2017,08-May-2017 09:28:24.505,-71.04303331,42.28715431,21.67,3.0,-13.0,176.1,4.44842672,-1.23660517,8.51198578,-0.00148618,32.15686417,0.11212485,0.16620296,-0.1419193,0.04990973,13.41742802,1004.99414062,-,183.19999695,-,2150,-,42.28715515,-71.04302979,-,14.01000023,-,47.22420883
Mon May 08 09:26:56 EDT 2017,08-May-2017 09:28:25.506,-71.04302779,42.28695975,21.62,3.0,-13.0,179.3,5.48631334,-0.82899237,13.40573406,0.49036533,32.15686417,0.20837462,0.28847569,-0.0878606,0.10000252,13.41742802,1004.84741211,-,183.19999695,-,2160,-,42.2869606,-71.04302979,-,9.61999989,-,47.22420883
Mon May 08 09:26:57 EDT 2017,08-May-2017 09:28:26.509,-71.04302593,42.28676551,21.69,3.0,-14.0,181.0,3.86903,-0.88046765,7.95353794,-0.09545095,31.76470566,-0.09363701,0.06241764,-0.07175283,-0.1202592,13.29181767,1004.91723633,-,183.19999695,-,2160,-,42.28676605,-71.04302216,-,9.61999989,-,47.22420883
Mon May 08 09:26:58 EDT 2017,08-May-2017 09:28:27.507,-71.04303566,42.2865756,21.61,3.0,-14.0,182.6,3.81575894,-0.85652566,7.11137772,-0.09278735,31.76470566,-0.11811316,0.04557768,-0.02574804,-0.13557379,13.29181767,1004.96044922,-,183.19999695,-,2160,-,42.28657532,-71.04303741,-,9.61999989,-,47.22420883
Mon May 08 09:26:59 EDT 2017,08-May-2017 09:28:28.513,-71.04305846,42.2863875,21.47,3.0,-15.0,184.5,3.70801997,-0.18435353,7.90804815,-0.09890325,31.76470566,-0.0372874,0.10646996,-0.10897155,-0.08377265,13.29181767,1005.015625,-,183.19999695,-,2119,-,42.2863884,-71.0430603,-,5.23000002,-,47.22420883
Mon May 08 09:27:00 EDT 2017,08-May-2017 09:28:29.505,-71.04308991,42.28619958,21.46,3.0,-15.0,186.0,4.33111095,-0.60932434,10.48899746,0.16984862,31.37254906,0.15884306,0.1095207,-0.04411335,0.13819742,13.91717911,1004.90869141,-,183.19999695,-,2119,-,42.28620148,-71.04309082,-,5.23000002,-,47.22420883
Mon May 08 09:27:01 EDT 2017,08-May-2017 09:28:30.506,-71.0431274,42.28600795,21.28,3.0,-14.0,187.4,3.06876802,-0.52732295,8.78851604,-0.03815943,31.37254906,-0.07522608,0.05607216,0.00774882,-0.09200954,13.91717911,1004.97241211,-,183.19999695,-,2119,-,42.28600693,-71.04312897,-,5.34000015,-,47.22420883
Mon May 08 09:27:02 EDT 2017,08-May-2017 09:28:31.513,-71.04316742,42.28582281,21.02,3.0,-14.0,188.6,3.49194312,0.05626374,7.0311718,-0.07339411,31.37254906,-0.19944674,0.02397861,0.02373457,-0.21428224,29.39955139,1005.09155273,-,183.19999695,-,2106,-,42.28582382,-71.04316711,-,5.34000015,-,45.9814682
Mon May 08 09:27:03 EDT 2017,08-May-2017 09:28:32.519,-71.04320924,42.28564227,20.77,3.0,-15.0,190.5,4.29519796,-0.71646488,8.52515411,-0.01079035,32.15686417,-0.02383648,0.10585984,-0.05503491,-0.06199048,29.39955139,1005.07519531,-,183.19999695,-,2106,-,42.28564072,-71.04321289,-,5.34000015,-,45.9814682
Mon May 08 09:27:04 EDT 2017,08-May-2017 09:28:33.505,-71.04326356,42.28545896,20.81,3.0,-15.0,192.3,3.79241538,-0.06703765,8.19235992,-0.06833082,32.15686417,-0.05565649,0.10561578,-0.0870064,-0.1011617,29.39955139,1005.01953125,-,183.19999695,-,2106,-,42.28545761,-71.0432663,-,13.69999981,-,45.9814682
