Wed May 10 08:22:37 EDT 2017,10-May-2017 08:24:08.532,-71.09348286,42.28772987,6.18,4.0,-16.0,100.0,3.77266335,-1.26653266,7.75900936,-0.01348006,32.94117737,-0.11080211,0.08243034,-0.08139309,-0.09225365,13.63455486,1012.93261719,-,181.3999939,-,1819,-,42.28773117,-71.09348297,-,10.09000015,-,15.53427982
Wed May 10 08:22:38 EDT 2017,10-May-2017 08:24:09.532,-71.09339592,42.28771924,7.18,4.0,-15.0,95.9,3.52426481,-0.09516951,8.3862896,-0.04048111,30.98039246,-0.11189844,0.03654758,-0.01647386,-0.06504127,13.3263607,1012.89746094,-,181.3999939,-,1865,-,42.28771973,-71.09339905,-,4.36000013,-,16.15565109
Wed May 10 08:22:39 EDT 2017,10-May-2017 08:24:10.532,-71.09331461,42.28770433,7.38,4.0,-15.0,99.1,3.24055195,-0.72005618,8.46889019,-0.00818849,31.37254906,-0.07244071,0.02818861,-0.02568703,-0.01989067,27.66388321,1012.94262695,-,181.3999939,-,1751,-,42.28770447,-71.09331512,-,5.23000002,-,15.53427982
Wed May 10 08:22:40 EDT 2017,10-May-2017 08:24:11.539,-71.09323393,42.28769339,7.02,4.0,-15.0,102.5,4.16950226,-0.2621651,8.08761311,-0.00673234,33.72549057,-0.07176153,0.12288283,0.02098892,-0.05875684,13.45645714,1012.88232422,-,181.3999939,-,1722,-,42.28769302,-71.0932312,-,9.77000046,-,14.91290855
Wed May 10 08:22:41 EDT 2017,10-May-2017 08:24:12.533,-71.0931491,42.28767599,6.87,5.0,-15.0,103.4,4.48134708,-0.71826053,8.18098736,0.01902431,34.50980377,-0.09567676,0.12306588,0.01476546,-0.08609122,13.67268658,1012.88989258,-,181.3999939,-,1862,-,42.28767776,-71.09314728,-,14.31000042,-,15.53427982
Wed May 10 08:22:42 EDT 2017,10-May-2017 08:24:13.532,-71.09305677,42.28767626,7.25,5.0,-14.0,101.9,4.46698189,-0.62847793,7.95413637,0.00915249,35.68627548,-0.06754662,0.15320694,-0.01635183,-0.07236303,14.69865417,1012.8125,-,181.3999939,-,1987,-,42.28767776,-71.09305573,-,19.02000046,-,17.39839363
Wed May 10 08:22:43 EDT 2017,10-May-2017 08:24:14.533,-71.09296249,42.28766611,7.82,4.0,-13.0,102.6,4.50947905,-0.65601128,7.95712948,0.00862664,36.07843018,-0.06496052,0.15753897,-0.0191585,-0.07205792,14.80856323,1012.77783203,-,181.3999939,-,2195,-,42.28766632,-71.09296417,-,20.04000092,-,19.26250648
Wed May 10 08:22:44 EDT 2017,10-May-2017 08:24:15.533,-71.09284269,42.28764497,8.87,4.0,-13.0,103.4,3.47817659,-0.02693477,7.97628307,-0.04763067,34.50980377,-0.08369406,0.05637722,-0.01799923,-0.04283203,14.88796616,1012.85839844,-,181.3999939,-,2379,-,42.28764343,-71.0928421,-,11.18000031,-,20.50524902
Wed May 10 08:22:45 EDT 2017,10-May-2017 08:24:16.533,-71.09272655,42.28762505,9.41,3.0,-13.0,103.2,4.10665464,-0.72125328,7.53634834,-0.05668634,34.90196228,-0.12173266,0.11647634,-0.02580906,-0.114951,14.68609238,1012.83520508,-,181.3999939,-,1809,-,42.28762436,-71.09272766,-,18.12000084,-,21.12662125
Wed May 10 08:22:46 EDT 2017,10-May-2017 08:24:17.533,-71.09260618,42.28760439,9.61,4.0,-13.0,103.0,4.4095211,-0.73861122,8.13430023,0.01152766,34.90196228,-0.08198968,0.15406112,-0.00848099,-0.0888979,14.64123154,1012.77563477,-,181.3999939,-,1664,-,42.28760529,-71.09260559,-,17.22999954,-,22.36936378
Wed May 10 08:22:47 EDT 2017,10-May-2017 08:24:18.533,-71.09248852,42.28758344,10.03,5.0,-13.0,102.8,3.95881248,0.08200141,7.76798725,-0.04290974,32.54901886,-0.07567754,0.10384636,0.00750476,-0.0541197,14.61969852,1012.72509766,-,181.3999939,-,1756,-,42.2875824,-71.09249115,-,8.38000011,-,23.61210442
Wed May 10 08:22:48 EDT 2017,10-May-2017 08:24:19.533,-71.09235445,42.2875577,10.63,6.0,-12.0,103.5,3.45363593,-0.02932897,7.86435413,-0.02089748,30.98039246,-0.12413249,0.04990971,0.04472349,-0.08151514,14.28862476,1012.70043945,-,181.3999939,-,1760,-,42.28755951,-71.09235382,-,6.03000021,-,23.61210442
Wed May 10 08:22:49 EDT 2017,10-May-2017 08:24:20.533,-71.09222192,42.28753712,10.73,6.0,-12.0,102.6,2.95264935,-0.92296475,8.24144077,-0.03731263,30.98039246,-0.02146282,0.0417338,-0.02849368,0.02940885,29.39955139,1012.72949219,-,181.3999939,-,1707,-,42.28753662,-71.09222412,-,4.40999985,-,22.9907341
Wed May 10 08:22:50 EDT 2017,10-May-2017 08:24:21.536,-71.09210559,42.287488,10.56,6.0,-11.0,106.5,3.33632016,-0.46028528,8.2731638,-0.02411145,30.98039246,-0.05629428,0.04502857,0.0345341,-0.00610147,29.39955139,1012.72412109,-,181.3999939,-,1624,-,42.28748703,-71.09210205,-,4.11000013,-,21.74799156
Wed May 10 08:22:51 EDT 2017,10-May-2017 08:24:22.532,-71.09199903,42.28741692,10.36,7.0,-11.0,112.2,3.33991146,-0.53989249,8.60356426,-0.01405115,30.58823586,-0.05728458,0.038317,-0.00732172,-0.00616243,29.39955139,1012.76489258,-,181.3999939,-,1552,-,42.28741837,-71.09199524,-,4.03000021,-,20.50524902
Wed May 10 08:22:52 EDT 2017,10-May-2017 08:24:23.531,-71.09187371,42.28740588,9.84,7.0,-12.0,109.0,3.49493599,-0.03112462,11.49097061,0.20775776,31.37254906,0.51977891,-0.12349297,-0.32996538,0.5775004,29.39955139,1012.67163086,-,181.3999939,-,1513,-,42.28740692,-71.09187317,-,4.96000004,-,19.88387871
Wed May 10 08:22:53 EDT 2017,10-May-2017 08:24:24.533,-71.09175466,42.2874646,9.16,5.0,-9.0,98.6,3.40694904,-0.45549688,4.97934103,-0.03286934,31.37254906,-0.06977518,0.08145411,-0.008542,-0.03795089,13.96383381,1012.62304688,-,181.3999939,-,1453,-,42.28746414,-71.0917511,-,5.51000023,-,19.26250648
Wed May 10 08:22:54 EDT 2017,10-May-2017 08:24:25.536,-71.09163718,42.28746007,9.05,6.0,-9.0,97.6,3.53743291,-0.85712421,8.08641624,-0.03069669,31.37254906,-0.09573409,0.0584517,-0.0396593,-0.05887884,13.75164127,1012.734375,-,183.19999695,-,1440,-,42.28746033,-71.09163666,-,5.28999996,-,19.26250648
Wed May 10 08:22:55 EDT 2017,10-May-2017 08:24:26.533,-71.09153896,42.28743107,8.87,6.0,-9.0,100.4,4.02764559,-1.20129073,10.3064394,0.19995236,30.98039246,0.03733369,0.14088205,0.03978133,0.05436371,13.61077881,1012.65625,-,183.19999695,-,1424,-,42.28742981,-71.09153748,-,4.61000013,-,19.26250648
Wed May 10 08:22:56 EDT 2017,10-May-2017 08:24:27.533,-71.09143746,42.28741211,8.75,6.0,-9.0,102.0,3.63619375,-1.07858789,7.98226833,-0.03249434,32.15686417,-0.09882315,0.06851906,-0.0622346,-0.06949534,29.39955139,1012.70825195,-,183.19999695,-,1380,-,42.28741074,-71.09143829,-,3.45000005,-,18.01976395
Wed May 10 08:22:57 EDT 2017,10-May-2017 08:24:28.533,-71.09134202,42.28737289,8.54,6.0,-8.0,106.8,3.63439822,-0.62668228,8.03075123,-0.01581006,32.15686417,-0.0988654,0.06833603,-0.01616879,-0.06455315,14.24735451,1012.70532227,-,183.19999695,-,1363,-,42.28737259,-71.09133911,-,6.63000011,-,18.01976395
Wed May 10 08:22:58 EDT 2017,10-May-2017 08:24:29.539,-71.0912718,42.28730063,8.48,6.0,-8.0,115.1,3.48416209,-0.67157358,8.67479134,0.02074146,30.19607925,-0.10908205,0.06858009,-0.01519256,-0.07584082,14.05490017,1012.68554688,-,183.19999695,-,1363,-,42.28730011,-71.09127045,-,3.42000008,-,18.01976395
Wed May 10 08:22:59 EDT 2017,10-May-2017 08:24:30.532,-71.09117252,42.28729661,8.38,6.0,-8.0,109.3,3.69485188,-1.22702837,8.95730686,0.06094509,30.19607925,-0.00406099,0.07449849,-0.07736614,0.02989696,29.39955139,1012.68969727,-,183.19999695,-,1312,-,42.2872963,-71.09117126,-,3.20000005,-,17.39839363
Wed May 10 08:23:00 EDT 2017,10-May-2017 08:24:31.533,-71.09107617,42.28725791,7.91,4.0,-8.0,105.9,2.98856235,-0.57341129,6.19320107,-0.03056017,30.19607925,-0.29635113,0.0025016,-0.01073852,-0.25186712,29.39955139,1012.671875,-,183.19999695,-,1213,-,42.28725815,-71.09107971,-,3,-,16.15565109
Wed May 10 08:23:01 EDT 2017,10-May-2017 08:24:32.532,-71.09099313,42.28724573,7.36,4.0,-8.0,106.6,3.00113177,-0.55066639,9.04529381,-0.00538924,30.19607925,0.00025556,0.06540735,-0.02593108,0.04380826,29.39955139,1012.66430664,-,183.19999695,-,1136,-,42.2872467,-71.09099579,-,2.94000006,-,14.91290855
Wed May 10 08:23:02 EDT 2017,10-May-2017 08:24:33.533,-71.09092497,42.28722448,6.9,4.0,-7.0,108.4,3.36744475,0.55964464,8.58860016,-0.0458321,30.19607925,-0.0575652,0.04112365,0.10476157,-0.00768782,29.39955139,1012.6640625,-,183.19999695,-,1068,-,42.28722382,-71.09092712,-,2.88000011,-,14.29153728
Wed May 10 08:23:03 EDT 2017,10-May-2017 08:24:34.532,-71.09085046,42.28723682,6.6,4.0,-5.0,103.3,3.08732319,-0.08259996,8.61912632,-0.00134611,30.19607925,-0.03441776,-0.00109826,0.02403964,0.03361882,29.39955139,1012.64233398,-,183.19999695,-,965,-,42.28723526,-71.09085083,-,2.97000003,-,13.04879475
Wed May 10 08:23:04 EDT 2017,10-May-2017 08:24:35.534,-71.09077218,42.2872267,5.95,4.0,-6.0,105.4,1.79026437,0.20111294,8.93276691,-0.00574261,30.19607925,-0.04030471,-0.1147069,0.0707766,0.0574144,14.8601532,1012.6171875,-,183.19999695,-,783,-,42.28722763,-71.09077454,-,3.13000011,-,10.56331062
Wed May 10 08:23:05 EDT 2017,10-May-2017 08:24:36.532,-71.09070646,42.28722419,4.57,3.0,-7.0,104.1,1.30424142,0.16400282,8.98663616,0.01013952,30.19607925,-0.07386655,-0.16919269,0.06443111,0.0328867,14.33483315,1012.72436523,-,183.19999695,-,864,-,42.28722382,-71.09070587,-,3.05999994,-,5.59234095
Wed May 10 08:23:06 EDT 2017,10-May-2017 08:24:37.531,-71.09068369,42.28721864,2.36,3.0,-7.0,105.0,2.8921957,0.0011971,8.52515411,-0.00430616,30.19607925,-0.07475539,-0.04112365,0.04539465,0.00414892,13.89026165,1012.61743164,-,183.19999695,-,800,-,42.28722,-71.09068298,-,3.02999997,-,0.62137121
Wed May 10 08:23:07 EDT 2017,10-May-2017 08:24:38.532,-71.09067234,42.28721869,1.17,4.0,-7.0,105.0,3.91870952,0.10354923,8.34618759,0.00529999,30.19607925,-0.09629995,0.07449849,0.04911652,-0.06205163,13.99972248,1012.60961914,-,183.19999695,-,816,-,42.28722,-71.09067535,-,3,-,0
Wed May 10 08:23:08 EDT 2017,10-May-2017 08:24:39.539,-71.09068629,42.28722498,0.0,3.0,-7.0,0.0,3.75949526,0.03351882,8.34020138,-0.00209147,30.19607925,-0.06711911,0.08108803,0.05112999,-0.0330088,13.64397621,1012.58837891,-,183.19999695,-,812,-,42.28722382,-71.09068298,-,2.97000003,-,0
Wed May 10 08:23:09 EDT 2017,10-May-2017 08:24:40.536,-71.09068393,42.28722492,0.0,3.0,-6.0,0.0,3.82234311,0.12808979,8.34678555,0.0012545,30.19607925,-0.08642433,0.08029483,0.05424172,-0.0538757,13.54528236,1012.63598633,-,183.19999695,-,791,-,42.28722382,-71.09068298,-,2.76999998,-,0
Wed May 10 08:23:10 EDT 2017,10-May-2017 08:24:41.542,-71.09068523,42.2872183,0.0,3.0,-6.0,0.0,3.83970094,0.08559271,8.2683754,-0.01190179,30.19607925,-0.0970789,0.06705473,0.05344854,-0.05955001,13.45421314,1012.59619141,-,183.19999695,-,797,-,42.28722,-71.09068298,-,2.81999993,-,0
Wed May 10 08:23:11 EDT 2017,10-May-2017 08:24:42.532,-71.09068675,42.28722403,0.0,3.0,-6.0,0.0,3.8522706,0.10893618,8.42339993,-0.01255657,30.19607925,-0.05542392,0.09054524,0.05881779,-0.0245278,13.4833746,1012.65698242,-,183.19999695,-,780,-,42.28722382,-71.09068298,-,2.74000001,-,0
Wed May 10 08:23:12 EDT 2017,10-May-2017 08:24:43.532,-71.09068533,42.28722473,0.0,3.0,-6.0,0.0,3.84389091,0.10953473,8.36414337,0.00375396,30.19607925,-0.09379555,0.08206426,0.05649925,-0.0628448,13.61391926,1012.59790039,-,183.19999695,-,791,-,42.28722382,-71.09068298,-,2.71000004,-,0
Wed May 10 08:23:13 EDT 2017,10-May-2017 08:24:44.533,-71.0906796,42.28722442,0.0,3.0,-6.0,0.0,3.7122097,0.07302316,8.08043098,-0.0281657,30.19607925,-0.09320225,0.07626789,0.05515694,-0.05948896,13.56546974,1012.59130859,-,183.19999695,-,776,-,42.28722382,-71.09068298,-,2.61999989,-,0
Wed May 10 08:23:14 EDT 2017,10-May-2017 08:24:45.532,-71.09067558,42.287228,0.0,3.0,-6.0,0.0,3.7098155,0.0796072,7.96790314,-0.01620801,30.19607925,-0.10371325,0.07602383,0.05582809,-0.07095969,13.64846134,1012.59912109,-,183.19999695,-,794,-,42.28722763,-71.09067535,-,2.61999989,-,0
Wed May 10 08:23:15 EDT 2017,10-May-2017 08:24:46.536,-71.09067022,42.28723065,0.0,3.0,-6.0,0.0,3.82114601,0.12629414,8.25460911,-0.01017979,29.80392265,-0.09657653,0.07260703,0.05235028,-0.06150246,13.73414612,1012.61621094,-,183.19999695,-,771,-,42.28723145,-71.09066772,-,2.44000006,-,0
Wed May 10 08:23:16 EDT 2017,10-May-2017 08:24:47.542,-71.0906664,42.28723156,0.0,3.0,-6.0,0.0,3.66432571,0.065242,7.96910048,-0.01511946,29.80392265,-0.1055624,0.07138675,0.05436375,-0.07083763,13.68749142,1012.57495117,-,183.19999695,-,783,-,42.28723145,-71.09066772,-,2.51999998,-,0
Wed May 10 08:23:17 EDT 2017,10-May-2017 08:24:48.539,-71.09066506,42.28722982,0.0,3.0,-6.0,0.0,3.84269381,0.0760159,8.48983955,0.01532632,29.80392265,-0.0921244,0.07315617,0.05283839,-0.05686533,13.64307785,1012.640625,-,183.19999695,-,777,-,42.28723145,-71.09066772,-,2.44000006,-,0
Wed May 10 08:23:18 EDT 2017,10-May-2017 08:24:49.535,-71.09066474,42.28723079,0.0,3.0,-6.0,0.0,3.77026916,0.10534488,8.08701515,-0.02503794,29.80392265,-0.08742163,0.07407138,0.05808562,-0.05216725,13.74087524,1012.58837891,-,183.19999695,-,784,-,42.28723145,-71.09066772,-,2.42000008,-,0
Wed May 10 08:23:19 EDT 2017,10-May-2017 08:24:50.534,-71.0906645,42.28723084,0.0,3.0,-6.0,0.0,3.70323157,0.2100912,8.28573322,-0.01298349,29.80392265,-0.07429407,0.07535268,0.06912921,-0.03856111,13.80323124,1012.58300781,-,183.19999695,-,776,-,42.28723145,-71.09066772,-,2.47000003,-,0
Wed May 10 08:23:20 EDT 2017,10-May-2017 08:24:51.537,-71.09066463,42.28723082,0.0,3.0,-6.0,0.0,4.75608158,0.28012159,7.94096851,-0.00609075,32.15686417,-0.08420011,0.15259679,0.06626154,-0.08883685,13.91986942,1012.63671875,-,183.19999695,-,795,-,42.28723145,-71.09066772,-,24.20000076,-,0
Wed May 10 08:23:21 EDT 2017,10-May-2017 08:24:52.539,-71.0906646,42.28723079,0.0,3.0,-6.0,0.0,5.70298862,-0.4285621,8.4449482,0.10502601,33.33333206,-0.2363949,0.2443013,0.00378289,-0.35199159,14.04413414,1012.55200195,-,183.19999695,-,1095,-,42.28723145,-71.09066772,-,9.53999996,-,3.72822714
Wed May 10 08:23:22 EDT 2017,10-May-2017 08:24:53.536,-71.09065431,42.28722841,1.46,3.0,-6.0,105.0,4.93923807,-1.09714293,7.83981323,0.01649064,34.11764908,-0.04853063,0.20134723,-0.06412604,-0.08401676,14.10290241,1012.60791016,-,183.19999695,-,1268,-,42.28722763,-71.09065247,-,11,-,6.21371174
Wed May 10 08:23:23 EDT 2017,10-May-2017 08:24:54.534,-71.09062575,42.28721869,2.99,3.0,-7.0,122.9,4.46698189,-2.10570049,8.03494072,0.02673602,33.72549057,-0.00459938,0.17486702,-0.21239083,-0.04954362,14.76415062,1012.54907227,-,183.19999695,-,1758,-,42.28722,-71.09062195,-,15.35000038,-,8.69919682
Wed May 10 08:23:24 EDT 2017,10-May-2017 08:24:55.532,-71.09059703,42.28718599,3.9,3.0,-7.0,138.7,4.35505295,-1.07320094,7.47409916,-0.01900861,35.29411697,-0.20221424,0.07785426,-0.09652465,-0.19701526,15.17238426,1012.56567383,-,183.19999695,-,1369,-,42.28718567,-71.09059906,-,9.31000042,-,9.32056808
Wed May 10 08:23:25 EDT 2017,10-May-2017 08:24:56.534,-71.09059756,42.28715514,4.05,3.0,-7.0,161.4,4.77523518,-0.41958386,7.41244841,-0.01033796,35.68627548,-0.09985385,0.18462929,0.00494216,-0.12758096,14.67532539,1012.56420898,-,183.19999695,-,1282,-,42.28715515,-71.09059906,-,17.12000084,-,11.18468189
Wed May 10 08:23:26 EDT 2017,10-May-2017 08:24:57.535,-71.09059947,42.28710463,5.28,3.0,-7.0,177.9,4.82611227,-0.76794022,7.7087307,-0.00425714,35.68627548,-0.08466225,0.17584324,-0.01989067,-0.10585984,14.91757488,1012.57446289,-,183.19999695,-,1563,-,42.28710556,-71.09059906,-,18.22999954,-,13.67016602
Wed May 10 08:23:27 EDT 2017,10-May-2017 08:24:58.536,-71.0906109,42.28704426,6.59,4.0,-7.0,185.6,4.86322212,-0.48841715,7.6895771,-0.00585866,34.90196228,-0.03805271,0.18499541,-0.00207449,-0.09933135,15.0615778,1012.47583008,-,183.19999695,-,2018,-,42.28704453,-71.09061432,-,16.12000084,-,16.77702141
Wed May 10 08:23:28 EDT 2017,10-May-2017 08:24:59.533,-71.09062051,42.28697284,7.39,4.0,-8.0,185.7,3.69245768,-0.71766198,8.04391956,-0.02750529,31.37254906,-0.09449474,0.07425443,-0.02544297,-0.06321082,14.60130501,1012.56811523,-,181.3999939,-,2003,-,42.28697205,-71.09062195,-,5.34000015,-,18.01976395
Wed May 10 08:23:28 EDT 2017,10-May-2017 08:25:00.532,-71.09062051,42.28697284,7.39,4.0,-8.0,185.7,3.8654387,-0.16400282,8.39706421,-0.03331875,33.33333206,-0.11043641,0.11196126,-0.01336214,-0.09859918,14.66680241,1012.56665039,-,181.3999939,-,1334,-,42.28697205,-71.09062195,-,9.69999981,-,18.01976395
Wed May 10 08:23:30 EDT 2017,10-May-2017 08:25:01.532,-71.0906767,42.28681462,8.33,4.0,-7.0,191.3,3.97617054,-0.63326633,8.40963364,-0.01975454,31.76470566,-0.04923895,0.10317521,-0.01683995,-0.02593109,14.11232376,1012.48120117,-,181.3999939,-,1415,-,42.28681564,-71.09067535,-,6.51999998,-,18.64113617
Wed May 10 08:23:31 EDT 2017,10-May-2017 08:25:02.531,-71.09069912,42.28673679,8.58,4.0,-7.0,193.1,3.93546915,-0.56443304,8.239645,-0.00206715,33.72549057,-0.0670948,0.09902624,-0.0098233,-0.04325919,14.62822247,1012.5,-,181.3999939,-,1449,-,42.28673553,-71.09069824,-,10.47999954,-,19.26250648
Wed May 10 08:23:32 EDT 2017,10-May-2017 08:25:03.533,-71.09072879,42.2866544,8.93,3.0,-8.0,193.4,4.03243399,-0.62847793,8.24862385,0.00347108,33.72549057,-0.09478438,0.09445016,0.00122029,-0.07114274,15.09342957,1012.45532227,-,181.3999939,-,1493,-,42.28665543,-71.09072876,-,10.72999954,-,19.88387871
Wed May 10 08:23:33 EDT 2017,10-May-2017 08:25:04.535,-71.09075549,42.28657067,9.36,3.0,-7.0,193.4,4.14855289,-0.40043023,8.05589008,-0.00540016,32.54901886,-0.07509884,0.12074731,0.00689462,-0.06199058,14.69461632,1012.50170898,-,181.3999939,-,1593,-,42.2865715,-71.09075928,-,8.46000004,-,21.12662125
Wed May 10 08:23:34 EDT 2017,10-May-2017 08:25:05.533,-71.09078282,42.28648364,9.8,3.0,-7.0,193.4,3.71161127,-0.71227503,8.25700283,0.0017094,32.15686417,-0.07401294,0.07620689,-0.02489384,-0.04148979,14.68609238,1012.44360352,-,181.3999939,-,1618,-,42.28648376,-71.09078217,-,6.78999996,-,21.74799156
Wed May 10 08:23:35 EDT 2017,10-May-2017 08:25:06.539,-71.09081666,42.28641271,9.93,3.0,-8.0,193.7,3.55359387,-0.34656069,8.47248173,0.00256115,30.98039246,-0.02853376,0.07565775,-0.04246596,0.00689455,14.60534382,1012.47412109,-,181.3999939,-,1634,-,42.28641129,-71.09082031,-,6.3499999,-,21.74799156
Wed May 10 08:23:36 EDT 2017,10-May-2017 08:25:07.532,-71.09084877,42.28631999,10.21,4.0,-9.0,193.3,3.38779545,-0.85592711,8.59877586,0.01148617,30.58823586,-0.08007202,0.02562601,-0.02623616,-0.02715143,21.92573547,1012.59838867,-,181.3999939,-,1615,-,42.28631973,-71.09085083,-,3.95000005,-,21.74799156
Wed May 10 08:23:37 EDT 2017,10-May-2017 08:25:08.533,-71.09087615,42.28622755,10.11,4.0,-9.0,193.0,2.98856235,-0.58598089,8.37431908,-0.02630538,30.58823586,-0.09492663,0.02294138,0.01647386,-0.03941523,29.39955139,1012.41967773,-,181.3999939,-,1535,-,42.28622818,-71.09087372,-,3.78999996,-,20.50524902
Wed May 10 08:23:38 EDT 2017,10-May-2017 08:25:09.534,-71.0908996,42.28614499,9.37,3.0,-9.0,194.3,2.98856235,-0.73801267,8.28034687,0.04578527,30.58823586,-0.09917838,0.0025016,-0.02751745,-0.03911017,29.39955139,1012.53588867,-,181.3999939,-,1465,-,42.28614426,-71.09089661,-,3.6400001,-,19.26250648
Wed May 10 08:23:39 EDT 2017,10-May-2017 08:25:10.533,-71.09092113,42.28607222,8.91,3.0,-10.0,194.1,2.24336696,-0.50457799,8.37132645,-0.00094111,30.19607925,-0.00787003,-0.00622345,-0.00774882,0.06180742,29.39955139,1012.49951172,-,181.3999939,-,853,-,42.28607178,-71.09091949,-,2.94000006,-,17.39839363
Wed May 10 08:23:40 EDT 2017,10-May-2017 08:25:11.541,-71.0909488,42.28600503,8.12,3.0,-11.0,193.9,2.54443789,-0.63805473,8.92079544,0.01320428,30.19607925,-0.05181816,-0.04277103,-0.01732806,0.0261751,15.60439491,1012.56323242,-,183.19999695,-,882,-,42.28600693,-71.09095001,-,3.20000005,-,15.53427982
Wed May 10 08:23:41 EDT 2017,10-May-2017 08:25:12.536,-71.0909745,42.28595087,7.01,3.0,-11.0,193.8,2.7329812,-0.51475334,8.50719738,-0.02229631,30.19607925,-0.08733087,-0.02355153,-0.00475911,-0.01598576,14.09213448,1012.54125977,-,183.19999695,-,892,-,42.28594971,-71.0909729,-,3.02999997,-,13.04879475
Wed May 10 08:23:42 EDT 2017,10-May-2017 08:25:13.533,-71.09098968,42.28589397,6.14,4.0,-11.0,193.4,2.59112477,-0.24720132,8.10138035,-0.02533247,30.19607925,-0.09853678,-0.03172744,-0.03148339,-0.02721238,13.83059692,1012.53173828,-,183.19999695,-,893,-,42.28589249,-71.09098816,-,3.20000005,-,10.56331062
Wed May 10 08:23:43 EDT 2017,10-May-2017 08:25:14.533,-71.09100982,42.2858501,4.97,3.0,-11.0,193.2,2.60908127,-0.70090252,8.57483292,-0.00531516,30.19607925,-0.08323982,-0.03618149,-0.02373457,-0.00909121,13.71261311,1012.51293945,-,183.19999695,-,897,-,42.28585052,-71.09101105,-,3.16000009,-,8.69919682
Wed May 10 08:23:44 EDT 2017,10-May-2017 08:25:15.534,-71.09102271,42.28581446,3.93,3.0,-12.0,193.5,2.61686254,-0.52852005,8.70292282,-0.00407438,30.19607925,-0.03702545,-0.00292868,0.02690731,0.03154436,13.61257267,1012.53369141,-,183.19999695,-,852,-,42.28581619,-71.09102631,-,3.02999997,-,5.59234095
Wed May 10 08:23:45 EDT 2017,10-May-2017 08:25:16.538,-71.0910302,42.28579134,2.85,3.0,-11.0,193.3,2.70903921,-0.70569098,8.90762711,0.01714724,30.19607925,-0.07189641,-0.00067114,-0.00390492,-0.00726076,13.70633221,1012.59472656,-,183.19999695,-,806,-,42.28578949,-71.09103394,-,3,-,4.34959841
Wed May 10 08:23:46 EDT 2017,10-May-2017 08:25:17.532,-71.09104133,42.28577307,1.98,3.0,-11.0,193.3,2.65636683,-0.41479546,8.30787945,-0.04453361,30.19607925,-0.10957579,-0.03136135,0.00543027,-0.03630359,13.79739952,1012.54760742,-,183.19999695,-,816,-,42.28577423,-71.09104156,-,2.94000006,-,2.48548484
Wed May 10 08:23:47 EDT 2017,10-May-2017 08:25:18.535,-71.09104619,42.28576243,1.14,3.0,-11.0,193.3,3.23875642,-0.41060558,8.54550457,-0.008764,30.19607925,-0.08245438,0.00933519,-0.00329477,-0.02196523,13.57847881,1012.52099609,-,183.19999695,-,820,-,42.28576279,-71.09104919,-,2.8499999,-,1.24274242
Wed May 10 08:23:48 EDT 2017,10-May-2017 08:25:19.536,-71.09104441,42.2857623,0.52,3.0,-12.0,193.3,3.18309116,-0.51714754,8.20792198,-0.02009603,30.19607925,-0.06949041,0.02391761,-0.00189144,-0.01342318,13.61795521,1012.51879883,-,183.19999695,-,811,-,42.28576279,-71.09104156,-,2.91000009,-,0
Wed May 10 08:23:49 EDT 2017,10-May-2017 08:25:20.535,-71.09104754,42.28575989,0.0,3.0,-12.0,0.0,3.66133285,-0.42317516,8.38210011,-0.00125533,30.19607925,-0.06628268,0.07108167,0.00457607,-0.02873777,13.54079628,1012.52392578,-,183.19999695,-,800,-,42.28575897,-71.09104919,-,2.68000007,-,0
Wed May 10 08:23:50 EDT 2017,10-May-2017 08:25:21.540,-71.09105379,42.28575625,0.0,3.0,-12.0,0.0,3.60447073,-0.44232875,8.26418591,-0.01448214,29.80392265,-0.09196149,0.05296042,0.00183043,-0.04905551,13.60404968,1012.54296875,-,183.19999695,-,798,-,42.28575516,-71.09105682,-,2.53999996,-,0
Wed May 10 08:23:51 EDT 2017,10-May-2017 08:25:22.534,-71.09105548,42.28575512,0.0,3.0,-13.0,0.0,3.49733019,-0.43754035,8.1702137,-0.01763897,30.19607925,-0.06496949,0.07022747,0.00268463,-0.02702933,13.44075584,1012.56079102,-,183.19999695,-,791,-,42.28575516,-71.09105682,-,2.68000007,-,0
Wed May 10 08:23:52 EDT 2017,10-May-2017 08:25:23.533,-71.09105058,42.28575544,0.0,3.0,-12.0,0.0,3.51648378,-0.4758476,8.10377407,-0.01313206,29.80392265,-0.0978926,0.05631622,-0.00079319,-0.05710944,13.48023319,1012.52636719,-,183.19999695,-,791,-,42.28575516,-71.09104919,-,2.68000007,-,0
Wed May 10 08:23:53 EDT 2017,10-May-2017 08:25:24.541,-71.0910496,42.28575282,0.0,3.0,-12.0,0.0,3.61584306,-0.40222588,8.32104778,-0.0174288,29.80392265,-0.09108661,0.05826867,0.00378289,-0.05027584,13.72921085,1012.54150391,-,183.19999695,-,786,-,42.28575134,-71.09104919,-,2.58999991,-,0
Wed May 10 08:23:54 EDT 2017,10-May-2017 08:25:25.554,-71.09105232,42.28574981,0.0,3.0,-12.0,0.0,3.56197357,-0.42197806,8.25460911,-0.01719832,29.80392265,-0.09075774,0.05503491,0.0046981,-0.0417338,13.66550922,1012.54052734,-,183.19999695,-,784,-,42.28575134,-71.09104919,-,2.58999991,-,0
Wed May 10 08:23:55 EDT 2017,10-May-2017 08:25:26.543,-71.09104937,42.28575724,0.0,3.0,-11.0,0.0,3.57394457,-0.46866497,8.17200851,-0.01648521,29.80392265,-0.0815178,0.06217358,0.00225753,-0.04161179,13.7543335,1012.59643555,-,183.19999695,-,787,-,42.28575897,-71.09104919,-,2.56999993,-,0
Wed May 10 08:23:56 EDT 2017,10-May-2017 08:25:27.538,-71.0910517,42.28575563,0.0,3.0,-11.0,0.0,3.55239677,-0.521936,8.12412453,-0.01984977,29.80392265,-0.07474615,0.06339387,0.00073217,-0.03483925,13.65519142,1012.48999023,-,183.19999695,-,790,-,42.28575516,-71.09104919,-,2.44000006,-,0
Wed May 10 08:23:57 EDT 2017,10-May-2017 08:25:28.537,-71.09105369,42.28575384,0.0,3.0,-12.0,0.0,3.62601852,-0.47524905,8.41741467,-0.01464232,29.80392265,-0.06415416,0.06748184,-0.00073217,-0.02513792,13.66820049,1012.59033203,-,183.19999695,-,776,-,42.28575516,-71.09105682,-,2.36999989,-,0
Wed May 10 08:23:58 EDT 2017,10-May-2017 08:25:29.540,-71.09105373,42.28575372,0.0,3.0,-12.0,0.0,3.50570989,-0.45429978,8.07025528,-0.03653675,29.80392265,-0.10157614,0.05521796,0.00140333,-0.06052624,13.84360695,1012.50927734,-,183.19999695,-,768,-,42.28575516,-71.09105682,-,2.51999998,-,0
Wed May 10 08:23:59 EDT 2017,10-May-2017 08:25:30.536,-71.09105233,42.28575472,0.0,3.0,-11.0,0.0,3.51528668,-0.46028528,8.1217308,-0.0313096,29.80392265,-0.07727861,0.06455315,0.00353883,-0.03795089,14.50934029,1012.53173828,-,183.19999695,-,763,-,42.28575516,-71.09104919,-,2.53999996,-,0
Wed May 10 08:24:00 EDT 2017,10-May-2017 08:25:31.533,-71.09105253,42.28575364,0.0,3.0,-11.0,0.0,3.50690699,-0.42796355,8.35336971,-0.0101127,30.58823586,-0.07514307,0.05533999,0.00408796,-0.03166646,15.17238426,1012.54443359,-,183.19999695,-,770,-,42.28575516,-71.09104919,-,3.75,-,0
Wed May 10 08:24:01 EDT 2017,10-May-2017 08:25:32.536,-71.09105254,42.28575324,0.0,3.0,-11.0,0.0,3.3129766,-0.63027358,8.57423496,-0.00839135,30.58823586,-0.02528128,0.08517597,0.01018939,0.01012839,15.1207943,1012.53833008,-,183.19999695,-,815,-,42.28575134,-71.09104919,-,3.3499999,-,0
Wed May 10 08:24:02 EDT 2017,10-May-2017 08:25:33.550,-71.09105236,42.28575323,0.0,3.0,-11.0,0.0,5.79815817,-0.05327099,4.95240641,0.03815413,34.50980377,-0.0706543,0.28371653,0.04417436,-0.16217606,14.9557066,1012.45629883,-,183.19999695,-,1700,-,42.28575134,-71.09104919,-,14.21000004,-,2.48548484
Wed May 10 08:24:03 EDT 2017,10-May-2017 08:25:34.539,-71.09105484,42.28574642,1.36,3.0,-11.0,193.3,6.16028118,0.04548983,7.8924861,0.0859493,35.29411697,0.02095167,0.32581645,0.05235028,-0.07864746,13.9234581,1012.50146484,-,183.19999695,-,1257,-,42.28574753,-71.09105682,-,15.35000038,-,6.21371174
Wed May 10 08:24:04 EDT 2017,10-May-2017 08:25:35.536,-71.09106117,42.2857266,2.14,4.0,-11.0,192.3,4.8410759,-0.26755205,7.79911184,0.00146657,36.47058868,-0.03275005,0.20586231,0.01299605,-0.0611974,14.81888103,1012.52685547,-,183.19999695,-,2224,-,42.28572845,-71.09106445,-,22.88999939,-,11.18468189
Wed May 10 08:24:05 EDT 2017,10-May-2017 08:25:36.535,-71.09108233,42.28566827,5.01,3.0,-11.0,193.6,4.4334631,-0.61949968,9.1919384,-0.01337941,34.50980377,-0.09556842,0.0775492,-0.03892713,-0.06723782,15.53216839,1012.46386719,-,183.19999695,-,1718,-,42.28566742,-71.09107971,-,9.14999962,-,11.80605221
Wed May 10 08:24:06 EDT 2017,10-May-2017 08:25:37.534,-71.09109737,42.28561701,5.47,4.0,-11.0,193.2,5.5018754,-1.07918644,8.08162785,0.01913429,36.47058868,0.0029985,0.25870067,-0.06229561,-0.05936695,15.06516743,1012.47460938,-,183.19999695,-,1662,-,42.28561783,-71.09109497,-,19.28000069,-,14.29153728
Wed May 10 08:24:07 EDT 2017,10-May-2017 08:25:38.541,-71.09111141,42.28556035,6.43,4.0,-11.0,194.0,4.48254395,-0.25558102,8.39706421,-0.00265709,35.29411697,-0.07097432,0.17315862,-0.0012813,-0.08682339,15.06920433,1012.47265625,-,181.3999939,-,2062,-,42.28556061,-71.09111023,-,17.01000023,-,18.01976395
Wed May 10 08:24:08 EDT 2017,10-May-2017 08:25:39.533,-71.09113479,42.28548702,7.78,4.0,-11.0,194.4,3.86962843,-1.20907187,8.46529865,0.0221259,31.37254906,-0.14735296,0.04484551,-0.02501587,-0.10805635,14.44698429,1012.46899414,-,181.3999939,-,2145,-,42.28548813,-71.09113312,-,5.46000004,-,18.64113617
Wed May 10 08:24:09 EDT 2017,10-May-2017 08:25:40.535,-71.09116456,42.28540443,8.77,3.0,-11.0,194.8,3.75949526,-0.12030864,7.58183813,-0.01234555,33.33333206,-0.13695285,0.08108803,0.03544931,-0.11031391,16.09427452,1012.46459961,-,181.3999939,-,1546,-,42.28540421,-71.09116364,-,8.77000046,-,19.26250648
Wed May 10 08:24:10 EDT 2017,10-May-2017 08:25:41.533,-71.0911989,42.28531429,8.84,4.0,-11.0,194.4,3.68048668,-0.57999533,7.68179607,-0.01086925,32.54901886,-0.06294877,0.07748818,-0.01952458,-0.0294699,13.86872864,1012.44970703,-,181.3999939,-,1471,-,42.28531265,-71.09120178,-,7.51999998,-,19.26250648
Wed May 10 08:24:11 EDT 2017,10-May-2017 08:25:42.547,-71.09122583,42.28523413,9.05,4.0,-11.0,193.8,3.68108511,0.23642741,8.37731171,0.0038538,32.94117737,-0.04251439,0.09737884,-0.00530824,-0.01500953,13.43806458,1012.40551758,-,181.3999939,-,1486,-,42.28523254,-71.09122467,-,8.46000004,-,19.88387871
Wed May 10 08:24:12 EDT 2017,10-May-2017 08:25:43.533,-71.0912374,42.28512783,8.95,4.0,-12.0,193.5,3.90973139,-0.41778821,7.92361069,-0.03296447,33.33333206,-0.09800266,0.09640262,0.0051252,-0.07547472,13.83642864,1012.39526367,-,181.3999939,-,1503,-,42.28512955,-71.09123993,-,10.64000034,-,19.88387871
Wed May 10 08:24:13 EDT 2017,10-May-2017 08:25:44.533,-71.09126588,42.28503755,9.21,4.0,-12.0,193.0,4.09707785,0.21308395,8.12412453,-0.00690097,31.37254906,-0.06564923,0.05125202,-0.03136136,-0.02220924,14.65827847,1012.42602539,-,181.3999939,-,1556,-,42.28503799,-71.09126282,-,7.30999994,-,20.50524902
Wed May 10 08:24:14 EDT 2017,10-May-2017 08:25:45.533,-71.09129576,42.28496728,9.52,4.0,-10.0,193.2,3.07475352,-0.81103581,8.58680439,-0.00937695,30.58823586,-0.06627679,0.01128765,-0.0349612,-0.00787088,14.37789822,1012.44604492,-,181.3999939,-,1542,-,42.28496552,-71.09129333,-,3.99000001,-,20.50524902
Wed May 10 08:24:15 EDT 2017,10-May-2017 08:25:46.532,-71.0913144,42.28488795,9.42,4.0,-10.0,193.8,4.21259785,-0.36451721,8.54191303,0.01451975,32.15686417,-0.02809152,0.12727585,0.01055548,-0.01244696,14.32182217,1012.40673828,-,181.3999939,-,1496,-,42.28488922,-71.09131622,-,5.46000004,-,19.88387871
Wed May 10 08:24:16 EDT 2017,10-May-2017 08:25:47.534,-71.09133966,42.28481141,9.26,4.0,-10.0,193.1,2.17273808,0.23104046,8.71728802,-0.01855284,30.58823586,-0.17420845,0.22160396,0.21391617,-0.26712066,13.5363102,1012.49584961,-,181.3999939,-,1479,-,42.28481293,-71.09133911,-,3.45000005,-,19.88387871
Wed May 10 08:24:17 EDT 2017,10-May-2017 08:25:48.537,-71.09135315,42.28473687,9.0,4.0,-11.0,191.8,3.28005624,0.26396075,9.15662479,0.05718768,30.58823586,-0.00781967,0.03221555,0.0746205,0.05021479,29.39955139,1012.50268555,-,181.3999939,-,1419,-,42.28473663,-71.09135437,-,3.52999997,-,19.26250648
Wed May 10 08:24:18 EDT 2017,10-May-2017 08:25:49.538,-71.09137766,42.28465922,8.82,4.0,-10.0,191.4,2.26551342,1.16477919,7.46931076,-0.13019311,30.58823586,0.23561613,0.09011813,-0.09011813,0.27993363,29.39955139,1012.46484375,-,181.3999939,-,1337,-,42.28466034,-71.09137726,-,3.20000005,-,17.39839363
Wed May 10 08:24:19 EDT 2017,10-May-2017 08:25:50.532,-71.09139693,42.2845837,8.4,5.0,-11.0,190.6,2.4821887,-0.58897364,8.4012537,0.00732454,30.19607925,-0.10962597,-0.03453409,-0.03544931,-0.03837805,29.39955139,1012.43920898,-,181.3999939,-,881,-,42.28458405,-71.09140015,-,3.13000011,-,15.53427982
Wed May 10 08:24:20 EDT 2017,10-May-2017 08:25:51.533,-71.09141374,42.28452522,7.38,5.0,-10.0,189.8,1.83036721,-0.25917232,8.3719244,0.02578977,30.19607925,-0.12573664,-0.11556111,0.021294,-0.02977505,15.59093666,1012.46728516,-,181.3999939,-,858,-,42.28452682,-71.09141541,-,3.13000011,-,11.80605221
Wed May 10 08:24:21 EDT 2017,10-May-2017 08:25:52.537,-71.09142711,42.28448466,5.71,4.0,-10.0,189.2,2.10270762,-1.01873279,9.2649622,0.03935605,30.19607925,-0.056827,-0.16205402,-0.0729121,0.04136769,14.14507198,1012.47753906,-,181.3999939,-,886,-,42.28448486,-71.09143066,-,3.16000009,-,8.69919682
Wed May 10 08:24:22 EDT 2017,10-May-2017 08:25:53.533,-71.09143579,42.28444902,4.13,3.0,-10.0,191.5,1.88603234,-0.48123455,8.82921696,-0.0130201,30.19607925,-0.06973539,-0.09213162,-0.02635819,0.01970762,13.86155033,1012.5012207,-,181.3999939,-,828,-,42.28445053,-71.09143829,-,3.05999994,-,5.59234095
Wed May 10 08:24:23 EDT 2017,10-May-2017 08:25:54.537,-71.0914511,42.28443335,2.35,3.0,-10.0,193.2,3.14837527,-0.47644615,8.26538277,-0.01906179,30.19607925,-0.09678341,0.01879241,-0.0008542,-0.04063556,13.81713867,1012.45874023,-,181.3999939,-,813,-,42.28443146,-71.09145355,-,3.13000011,-,2.48548484
Wed May 10 08:24:24 EDT 2017,10-May-2017 08:25:55.536,-71.09145783,42.28442197,1.21,3.0,-10.0,193.2,2.9113493,-0.29089549,8.75320148,-0.01205149,30.19607925,-0.09129068,-0.00482014,0.00402694,-0.02593109,13.77138042,1012.50463867,-,181.3999939,-,810,-,42.28442383,-71.09146118,-,2.91000009,-,1.24274242
Wed May 10 08:24:25 EDT 2017,10-May-2017 08:25:56.555,-71.09145268,42.28441953,0.68,3.0,-9.0,193.2,3.50630832,-0.4429273,8.27017117,-0.01378222,30.19607925,-0.08856654,-0.00012203,-0.0051252,-0.02519897,13.61346912,1012.45019531,-,181.3999939,-,816,-,42.28442001,-71.09145355,-,2.79999995,-,0
Wed May 10 08:24:26 EDT 2017,10-May-2017 08:25:57.536,-71.091448,42.2844179,0.0,3.0,-9.0,0.0,3.49254179,-0.439336,8.19894409,-0.02510816,30.19607925,-0.09014368,0.05387565,0.00292869,-0.04740811,13.59103966,1012.50024414,-,181.3999939,-,809,-,42.2844162,-71.09144592,-,2.88000011,-,0
Wed May 10 08:24:27 EDT 2017,10-May-2017 08:25:58.538,-71.09144845,42.28442027,0.0,3.0,-9.0,0.0,3.51528668,-0.46507367,8.27735424,-0.01672369,30.19607925,-0.0633117,0.07150878,0.00823693,-0.02550403,13.51073837,1012.46801758,-,181.3999939,-,806,-,42.28442001,-71.09144592,-,2.74000001,-,0
Wed May 10 08:24:28 EDT 2017,10-May-2017 08:25:59.535,-71.0914536,42.28442607,0.0,3.0,-9.0,0.0,3.54102421,-0.4381389,8.23186398,-0.01579326,30.19607925,-0.08512416,0.05881779,0.00305072,-0.04405236,13.59014225,1012.43505859,-,183.19999695,-,795,-,42.28442764,-71.09145355,-,2.58999991,-,0
Wed May 10 08:24:29 EDT 2017,10-May-2017 08:26:00.540,-71.09145684,42.28442748,0.0,3.0,-10.0,0.0,3.69126058,-0.44113165,8.40903473,-0.01429901,30.19607925,-0.06246055,0.07413241,0.00274564,-0.02599214,13.60584354,1012.47021484,-,183.19999695,-,790,-,42.28442764,-71.09145355,-,2.56999993,-,0
Wed May 10 08:24:30 EDT 2017,10-May-2017 08:26:01.534,-71.09145723,42.28442764,0.0,3.0,-10.0,0.0,3.52187061,-0.44592008,8.18397999,-0.02530015,29.80392265,-0.07507708,0.06961732,0,-0.03795089,13.60135746,1012.4543457,-,183.19999695,-,789,-,42.28442764,-71.09145355,-,2.49000001,-,0
Wed May 10 08:24:31 EDT 2017,10-May-2017 08:26:02.540,-71.09146182,42.28442935,0.0,3.0,-10.0,0.0,3.51827931,-0.45908818,8.10257721,-0.03298372,29.80392265,-0.09802192,0.05649925,0.00091521,-0.05723144,13.61795521,1012.49902344,-,183.19999695,-,779,-,42.28442764,-71.09146118,-,2.47000003,-,0
Wed May 10 08:24:32 EDT 2017,10-May-2017 08:26:03.537,-71.09146653,42.28442992,0.0,3.0,-10.0,0.0,3.55479097,-0.45848963,8.11694241,-0.01970246,29.80392265,-0.09519792,0.06022113,0.00097623,-0.0557671,13.69511795,1012.47802734,-,183.19999695,-,783,-,42.28443146,-71.09146881,-,2.56999993,-,0
Wed May 10 08:24:33 EDT 2017,10-May-2017 08:26:04.538,-71.09147142,42.28443042,0.0,3.0,-10.0,0.0,3.54341841,-0.42916065,8.21630192,-0.01740556,29.80392265,-0.07075628,0.06571241,0.00677259,-0.03117834,13.61885357,1012.35888672,-,183.19999695,-,784,-,42.28443146,-71.09146881,-,2.49000001,-,0
Wed May 10 08:24:34 EDT 2017,10-May-2017 08:26:05.539,-71.09147493,42.28442842,0.0,3.0,-10.0,0.0,3.60626626,-0.44891283,8.23126507,-0.01932067,29.80392265,-0.08247978,0.06546836,0.00195246,-0.04411341,13.7938118,1012.42578125,-,183.19999695,-,784,-,42.28442764,-71.09147644,-,2.51999998,-,0
Wed May 10 08:24:35 EDT 2017,10-May-2017 08:26:06.546,-71.09147519,42.28442612,0.0,3.0,-10.0,0.0,3.57514167,-0.37648821,8.19535255,-0.02240664,29.80392265,-0.08122694,0.06601749,0.00140333,-0.04301509,13.70050049,1012.49804688,-,183.19999695,-,781,-,42.28442764,-71.09147644,-,2.42000008,-,0
Wed May 10 08:24:36 EDT 2017,10-May-2017 08:26:07.540,-71.09147318,42.28442572,0.0,3.0,-10.0,0.0,3.49613309,-0.50158525,8.09419727,-0.03442681,29.80392265,-0.05599197,0.07620689,0.00280666,-0.01982972,13.71261311,1012.43066406,-,183.19999695,-,781,-,42.28442383,-71.09147644,-,2.53999996,-,0
Wed May 10 08:24:37 EDT 2017,10-May-2017 08:26:08.536,-71.09147279,42.28442568,0.0,3.0,-10.0,0.0,3.61883593,-0.4417302,8.35277081,-0.01309014,29.80392265,-0.07065931,0.06674966,0.00268463,-0.03172751,13.64846134,1012.50195312,-,183.19999695,-,783,-,42.28442383,-71.09147644,-,2.56999993,-,0
Wed May 10 08:24:38 EDT 2017,10-May-2017 08:26:09.539,-71.09147277,42.28442557,0.0,3.0,-10.0,0.0,3.52785611,-0.46866497,8.13549709,-0.01429906,29.80392265,-0.05259967,0.07712208,0.00756577,-0.01629082,13.67178917,1012.43823242,-,183.19999695,-,773,-,42.28442383,-71.09147644,-,2.56999993,-,0
Wed May 10 08:24:39 EDT 2017,10-May-2017 08:26:10.535,-71.09147314,42.2844253,0.0,3.0,-10.0,0.0,3.62541986,-0.34715924,8.07384682,-0.03177226,30.58823586,-0.07975903,0.05918387,-0.00048811,-0.03856111,14.18544579,1012.46533203,-,183.19999695,-,757,-,42.28442383,-71.09147644,-,3.82999992,-,0
Wed May 10 08:24:40 EDT 2017,10-May-2017 08:26:11.532,-71.09147314,42.28442537,0.0,3.0,-10.0,0.0,3.38659835,-0.55545479,8.23246288,-0.02546543,30.58823586,-0.09050103,0.04307611,-0.00890809,-0.04399131,14.82246971,1012.49682617,-,183.19999695,-,802,-,42.28442383,-71.09147644,-,3.67000008,-,0
Wed May 10 08:24:41 EDT 2017,10-May-2017 08:26:12.537,-71.09147318,42.28442539,0.0,3.0,-10.0,0.0,3.60506916,-0.4417302,8.46230602,0.00406331,30.58823586,-0.08933183,0.06003807,-0.00146435,-0.04942162,14.70986843,1012.50976562,-,183.19999695,-,802,-,42.28442383,-71.09147644,-,3.55999994,-,0
Wed May 10 08:24:42 EDT 2017,10-May-2017 08:26:13.538,-71.09147318,42.2844254,0.0,3.0,-10.0,0.0,3.47458529,-0.42317516,8.01758289,-0.02112646,30.58823586,-0.11620417,0.04917753,-0.00103725,-0.07401037,14.62822247,1012.50292969,-,183.19999695,-,786,-,42.28442383,-71.09147644,-,3.45000005,-,0
Wed May 10 08:24:43 EDT 2017,10-May-2017 08:26:14.533,-71.09147322,42.2844254,0.0,3.0,-10.0,0.0,3.52007508,-0.43155485,7.88590193,-0.01795131,30.58823586,-0.11828674,0.0566823,0.00372187,-0.07931863,14.77087975,1012.46801758,-,183.19999695,-,780,-,42.28442383,-71.09147644,-,3.38000011,-,0
Wed May 10 08:24:44 EDT 2017,10-May-2017 08:26:15.538,-71.09147324,42.2844254,0.0,3.0,-10.0,0.0,3.67928958,-0.48003745,8.36534119,-0.00179815,30.19607925,-0.10166442,0.05802462,0.00323376,-0.06174647,14.69327068,1012.43969727,-,183.19999695,-,772,-,42.28442383,-71.09147644,-,2.56999993,-,0
Wed May 10 08:24:45 EDT 2017,10-May-2017 08:26:16.535,-71.09147326,42.28442541,0.0,3.0,-10.0,0.0,3.58890843,-0.41778821,8.17799473,-0.02327722,30.19607925,-0.08831211,0.06369895,0.0051252,-0.04954362,14.66680241,1012.51831055,-,183.19999695,-,787,-,42.28442383,-71.09147644,-,2.49000001,-,0
Wed May 10 08:24:46 EDT 2017,10-May-2017 08:26:17.534,-71.09147327,42.28442541,0.0,3.0,-10.0,0.0,3.74273586,-0.37828386,7.76978302,-0.02249242,30.19607925,-0.1197262,0.07937963,0.00915215,-0.09115542,14.55509949,1012.51123047,-,183.19999695,-,776,-,42.28442383,-71.09147644,-,2.49000001,-,0
Wed May 10 08:24:47 EDT 2017,10-May-2017 08:26:18.541,-71.09147326,42.2844254,0.0,3.0,-10.0,0.0,3.58412004,-0.4866215,8.13908863,-0.01907325,30.19607925,-0.07488968,0.06540735,0.00054913,-0.03587643,14.72691631,1012.5078125,-,183.19999695,-,769,-,42.28442383,-71.09147644,-,2.53999996,-,0
Wed May 10 08:24:48 EDT 2017,10-May-2017 08:26:19.532,-71.09147339,42.28442536,0.0,3.0,-10.0,0.0,3.93726468,-0.54468089,8.68795967,-0.00660661,35.68627548,-0.02576073,0.09920927,-0.00780983,0.00244057,14.76056194,1012.4621582,-,183.19999695,-,785,-,42.28442383,-71.09147644,-,2.68000007,-,0
Wed May 10 08:24:49 EDT 2017,10-May-2017 08:26:20.537,-71.09147335,42.28442536,0.0,3.0,-10.0,0.0,6.04775333,-1.23241532,7.93199015,0.08985233,32.54901886,0.02485607,0.31434572,-0.07791527,-0.07462054,17.47867966,1012.43505859,-,183.19999695,-,1147,-,42.28442383,-71.09147644,-,8.31000042,-,3.72822714
Wed May 10 08:24:50 EDT 2017,10-May-2017 08:26:21.533,-71.09147648,42.28441771,1.46,3.0,-10.0,193.2,4.97754526,-0.46746787,7.41244841,-0.02325171,32.94117737,-0.07983155,0.23960322,0.02074486,-0.14027193,13.8871212,1012.40185547,-,183.19999695,-,1289,-,42.2844162,-71.09147644,-,7.94000006,-,6.21371174
Wed May 10 08:24:51 EDT 2017,10-May-2017 08:26:22.536,-71.0914871,42.28438999,2.96,3.0,-9.0,196.4,4.08690214,1.14442837,7.68598604,-0.01196858,33.33333206,-0.10469809,0.11446284,0.16437255,-0.09969741,14.31060791,1012.39672852,-,183.19999695,-,1702,-,42.2843895,-71.09148407,-,9.46000004,-,8.07782555
Wed May 10 08:24:52 EDT 2017,10-May-2017 08:26:23.533,-71.09149328,42.28435856,3.5,4.0,-9.0,190.5,3.54341841,0.65241998,8.96149731,0.03275027,32.94117737,0.01360221,0.06674966,0.09823304,0.0591839,14.69013023,1012.44116211,-,183.19999695,-,1834,-,42.28435898,-71.0914917,-,9.31000042,-,8.69919682
Wed May 10 08:24:53 EDT 2017,10-May-2017 08:26:24.534,-71.0914857,42.28432084,4.03,4.0,-8.0,176.9,2.12485409,0.21667525,8.07564259,-0.08314306,30.19607925,-0.04567005,-0.07059355,0.05936692,0.04222191,29.39955139,1012.52685547,-,181.3999939,-,1046,-,42.28432083,-71.09148407,-,3.49000001,-,8.69919682
Wed May 10 08:24:54 EDT 2017,10-May-2017 08:26:25.533,-71.09146495,42.28428523,4.13,4.0,-8.0,162.5,2.56538701,-0.43394905,8.661623,-0.01274133,30.19607925,-0.0777726,-0.04063554,0.00347782,-0.00024411,17.89229584,1012.39648438,-,181.3999939,-,799,-,42.2842865,-71.09146118,-,3.24000001,-,6.21371174
Wed May 10 08:24:55 EDT 2017,10-May-2017 08:26:26.533,-71.09144915,42.28426898,2.85,3.0,-8.0,150.6,2.22361493,-0.64523739,8.31087303,-0.05520797,30.19607925,-0.03385658,-0.06412604,-0.01732806,0.0505808,13.84091568,1012.48999023,-,181.3999939,-,818,-,42.28426743,-71.09144592,-,3.08999991,-,3.10685587
Wed May 10 08:24:56 EDT 2017,10-May-2017 08:26:27.545,-71.09143223,42.28425501,2.19,3.0,-8.0,149.3,3.60387206,-0.56383449,8.55089092,-0.01487397,30.19607925,-0.08285071,0.0549739,-0.00482013,-0.04039146,13.96114159,1012.46679688,-,181.3999939,-,811,-,42.28425598,-71.09143066,-,3.02999997,-,1.86411357
Wed May 10 08:24:57 EDT 2017,10-May-2017 08:26:28.538,-71.09142233,42.28424578,0.97,3.0,-8.0,149.3,4.22935724,-0.08080431,8.40304947,-0.00228582,33.33333206,-0.04067936,0.12898426,0.03947626,-0.02660226,14.82067585,1012.54736328,-,181.3999939,-,893,-,42.28424454,-71.09142303,-,10.09000015,-,1.86411357
Wed May 10 08:24:58 EDT 2017,10-May-2017 08:26:29.537,-71.09141428,42.28423083,1.08,3.0,-9.0,149.3,4.98173523,0.22146365,7.19517469,-0.04227138,32.54901886,0.10034528,0.2314273,0.00573535,0.07779318,15.06920433,1012.45410156,-,181.3999939,-,1164,-,42.28422928,-71.09141541,-,8.38000011,-,4.97096968
Wed May 10 08:24:59 EDT 2017,10-May-2017 08:26:30.532,-71.09139163,42.2842196,2.05,3.0,-10.0,124.4,5.15292072,0.34536359,7.82484961,0.0210554,35.29411697,-0.05169473,0.22990194,0.03294773,-0.09872118,14.38148689,1012.35253906,-,181.3999939,-,1572,-,42.28421783,-71.09139252,-,17.45000076,-,7.45645428
Wed May 10 08:25:00 EDT 2017,10-May-2017 08:26:31.532,-71.09135458,42.28419503,3.57,3.0,-10.0,128.9,4.35026455,0.65900403,8.05768585,0.01457352,36.47058868,-0.0638284,0.14130916,0.11488995,-0.06180752,14.3563652,1012.37695312,-,181.3999939,-,2463,-,42.28419495,-71.09135437,-,19.92000008,-,11.80605221
Wed May 10 08:25:01 EDT 2017,10-May-2017 08:26:32.533,-71.09131002,42.28416972,4.11,4.0,-10.0,126.7,5.84783745,0.56862289,6.63253736,-0.00291862,39.60784531,-0.03186857,0.30763417,0.10854446,-0.1341095,16.86139488,1012.44482422,-,181.3999939,-,2321,-,42.28416824,-71.09130859,-,37.59999847,-,13.04879475
Wed May 10 08:25:02 EDT 2017,10-May-2017 08:26:33.533,-71.09124254,42.28415643,4.82,4.0,-10.0,112.5,5.931036,0.11911154,7.83322954,0.01937521,41.96078491,0.00197617,0.30244792,0.05985504,-0.08468788,14.22716713,1012.40673828,-,181.3999939,-,2236,-,42.2841568,-71.09123993,-,35.40999985,-,18.01976395
Wed May 10 08:25:03 EDT 2017,10-May-2017 08:26:34.531,-71.09109412,42.28412851,8.77,3.0,-11.0,106.2,5.47434235,-0.11791443,7.25742388,-0.00791132,43.13725662,-0.07294098,0.25589404,0.03569337,-0.14338367,14.49812603,1012.31347656,-,181.3999939,-,2566,-,42.2841301,-71.09109497,-,41.25,-,22.36936378
Wed May 10 08:25:04 EDT 2017,10-May-2017 08:26:35.534,-71.09095333,42.284109,11.12,3.0,-11.0,103.4,3.152565,-0.70269817,7.88889456,-0.0656935,32.15686417,-0.09178992,0.06473618,0.02501587,-0.05302147,13.58655357,1012.34619141,-,181.3999939,-,2921,-,42.28410721,-71.09095001,-,7.03000021,-,26.09758949
Wed May 10 08:25:05 EDT 2017,10-May-2017 08:26:36.533,-71.09079325,42.28409044,12.18,3.0,-11.0,102.9,4.59028339,-0.77332717,8.21390724,0.00273115,36.47058868,-0.03726146,0.16577591,-0.0311173,-0.04588281,14.20742798,1012.34399414,-,181.3999939,-,2028,-,42.28409195,-71.09078979,-,19.28000069,-,27.96170425
Wed May 10 08:25:06 EDT 2017,10-May-2017 08:26:37.535,-71.0906414,42.28406486,12.54,3.0,-11.0,103.1,4.00789356,-0.60872579,8.14627171,-0.00879204,32.15686417,-0.07213949,0.10640895,-0.01433836,-0.05277736,14.17153835,1012.31518555,-,181.3999939,-,2145,-,42.28406525,-71.09064484,-,21.97999954,-,28.58307457
Wed May 10 08:25:07 EDT 2017,10-May-2017 08:26:38.533,-71.09048659,42.28404404,13.22,3.0,-11.0,103.1,3.11425781,-0.37110126,8.19116211,-0.04056025,31.37254906,-0.08114957,0.02379558,0.01738908,-0.02495487,14.04323673,1012.33154297,-,179.6000061,-,2162,-,42.28404236,-71.09048462,-,5.34000015,-,28.58307457
Wed May 10 08:25:08 EDT 2017,10-May-2017 08:26:39.533,-71.09032275,42.28401534,13.18,3.0,-11.0,103.6,3.22498965,-0.24241292,7.8511858,-0.06908828,31.37254906,-0.13413879,0.02660224,0.02300239,-0.08285747,29.39955139,1012.21630859,-,181.3999939,-,2100,-,42.28401566,-71.0903244,-,5.17000008,-,27.96170425
Wed May 10 08:25:09 EDT 2017,10-May-2017 08:26:40.538,-71.09016773,42.28398738,12.76,3.0,-10.0,103.6,3.13640428,0.5009867,8.7101059,0.01041615,31.37254906,-0.08483384,0.01757213,0.08944698,-0.02702933,29.39955139,1012.30908203,-,181.3999939,-,2031,-,42.28398895,-71.09016418,-,5.11999989,-,27.34033203
Wed May 10 08:25:10 EDT 2017,10-May-2017 08:26:41.536,-71.09001981,42.28396013,12.3,3.0,-10.0,103.8,3.96360087,-0.29867667,8.87231255,0.01617349,33.72549057,-0.04104809,0.09798899,0.0238566,-0.01238591,29.39955139,1012.38671875,-,181.3999939,-,1948,-,42.28395844,-71.09001923,-,10.56000042,-,26.09758949
Wed May 10 08:25:11 EDT 2017,10-May-2017 08:26:42.532,-71.08988585,42.28394188,11.97,3.0,-10.0,103.5,3.4542346,-1.4383167,8.27914906,0.00430164,32.15686417,-0.07354534,0.04997073,-0.0989042,-0.03923227,13.92256165,1012.30859375,-,181.3999939,-,1934,-,42.28394318,-71.08988953,-,6.96000004,-,26.09758949
Wed May 10 08:25:12 EDT 2017,10-May-2017 08:26:43.532,-71.08974396,42.28391261,11.85,3.0,-10.0,105.6,3.43328524,-2.70664501,8.7298584,0.06059504,31.76470566,-0.06647111,0.03544932,-0.16724022,-0.04014745,13.82880211,1012.34448242,-,181.3999939,-,1917,-,42.28391266,-71.08974457,-,4.65999985,-,25.47621918
Wed May 10 08:25:13 EDT 2017,10-May-2017 08:26:44.532,-71.08960226,42.28388134,11.79,3.0,-10.0,113.6,3.51708221,-2.04404974,8.41501999,0.01811761,32.94117737,-0.05243239,0.03825597,-0.1718163,-0.02690732,13.65877914,1012.34887695,-,181.3999939,-,1887,-,42.28388214,-71.08959961,-,8.84000015,-,25.47621918
Wed May 10 08:25:14 EDT 2017,10-May-2017 08:26:45.532,-71.08948943,42.28382668,11.48,3.0,-10.0,121.4,3.37582445,-1.75375271,7.96670628,-0.00138993,32.54901886,-0.09975607,0.04197785,-0.13105874,-0.07108169,13.67178917,1012.36010742,-,181.3999939,-,1885,-,42.28382492,-71.0894928,-,8.68999958,-,24.85484695
Wed May 10 08:25:15 EDT 2017,10-May-2017 08:26:46.533,-71.08939541,42.28375563,11.44,3.0,-9.0,131.8,3.8474822,-2.59052634,7.80330181,0.00595373,32.54901886,-0.0529151,0.05527896,-0.22758338,-0.05082491,13.47978497,1012.35327148,-,181.3999939,-,1877,-,42.28375626,-71.08939362,-,8.38000011,-,24.85484695
Wed May 10 08:25:16 EDT 2017,10-May-2017 08:26:47.532,-71.08930874,42.28368593,11.13,4.0,-10.0,135.2,3.78882408,-2.7676971,8.28633213,0.03604275,32.54901886,-0.03863665,0.07541369,-0.19597797,-0.03367997,13.65519142,1012.3190918,-,181.3999939,-,1874,-,42.28368759,-71.08930969,-,8.01000023,-,24.85484695
Wed May 10 08:25:17 EDT 2017,10-May-2017 08:26:48.535,-71.08924936,42.28360602,10.4,6.0,-10.0,144.8,3.78642988,-1.25755441,8.2103157,-0.0041334,32.54901886,-0.06916176,0.08383366,-0.08047787,-0.04624892,14.88617229,1012.28540039,-,181.3999939,-,1877,-,42.28360748,-71.08924866,-,8.46000004,-,24.85484695
Wed May 10 08:25:18 EDT 2017,10-May-2017 08:26:49.533,-71.08921474,42.28349924,11.39,5.0,-10.0,158.4,3.7337575,-0.30645782,8.39526844,0.00247419,33.33333206,-0.0710388,0.09689073,-0.01324011,-0.04685904,15.09208393,1012.30053711,-,181.3999939,-,1895,-,42.28350067,-71.08921814,-,9.53999996,-,25.47621918
Wed May 10 08:25:19 EDT 2017,10-May-2017 08:26:50.531,-71.0891785,42.28340967,11.45,5.0,-9.0,160.5,3.56317067,-0.20709845,8.31865406,-0.02098624,31.37254906,-0.0769508,0.06107533,0.02660224,-0.03520526,14.90860271,1012.28808594,-,181.3999939,-,1888,-,42.28340912,-71.08917999,-,6.03000021,-,25.47621918
Wed May 10 08:25:20 EDT 2017,10-May-2017 08:26:51.534,-71.08914325,42.28329795,11.58,5.0,-9.0,162.9,3.53025031,0.58119243,8.40544319,-0.02899456,32.15686417,-0.0684686,0.05771953,0.10695808,-0.02635825,14.66590595,1012.20727539,-,181.3999939,-,1871,-,42.28329849,-71.08914185,-,5.80000019,-,24.85484695
Wed May 10 08:25:21 EDT 2017,10-May-2017 08:26:52.534,-71.08910743,42.28319181,11.57,6.0,-10.0,163.4,3.35966349,1.09474874,8.1217308,-0.03178877,32.15686417,-0.07568168,0.07138675,0.1743789,-0.04759116,15.30382729,1012.21582031,-,181.3999939,-,1847,-,42.28319168,-71.0891037,-,7.44999981,-,24.85484695
Wed May 10 08:25:22 EDT 2017,10-May-2017 08:26:53.534,-71.08905744,42.2830946,11.3,6.0,-10.0,161.1,3.55119967,0.31603462,7.45374823,-0.09239882,32.54901886,-0.15745729,0.05985504,0.07992874,-0.12337099,15.24505901,1012.22460938,-,181.3999939,-,1840,-,42.28309631,-71.08905792,-,8.14999962,-,24.85484695
Wed May 10 08:25:23 EDT 2017,10-May-2017 08:26:54.536,-71.08901465,42.28300004,11.31,5.0,-10.0,157.6,3.60267496,0.79547352,8.13370132,-0.01034797,32.54901886,-0.13095616,0.05906184,0.17090109,-0.10274815,15.29978943,1012.16894531,-,181.3999939,-,1845,-,42.28300095,-71.08901215,-,7.80000019,-,24.23347664
Wed May 10 08:25:24 EDT 2017,10-May-2017 08:26:55.534,-71.08894413,42.28289654,11.48,5.0,-10.0,152.7,4.13059664,0.39863458,9.39903736,0.04449296,33.33333206,-0.08326301,0.06412604,0.18237178,-0.0539977,15.52274799,1012.18359375,-,181.3999939,-,1839,-,42.28289795,-71.08894348,-,10.31999969,-,24.85484695
Wed May 10 08:25:25 EDT 2017,10-May-2017 08:26:56.556,-71.08886349,42.28281442,11.3,4.0,-10.0,146.4,3.79121828,0.84694886,8.66042614,-0.02441406,33.33333206,-0.03210915,0.08432177,0.13404845,-0.00036611,15.35900593,1012.23706055,-,181.3999939,-,1870,-,42.28281403,-71.08886719,-,10.90999985,-,24.85484695
Wed May 10 08:25:26 EDT 2017,10-May-2017 08:26:57.535,-71.08877745,42.28273176,11.65,4.0,-10.0,141.0,3.87920523,1.46764565,6.02141714,-0.18933141,34.11764908,-0.12494909,0.06217358,0.01940255,-0.08840979,14.6129694,1012.11206055,-,181.3999939,-,1916,-,42.2827301,-71.08877563,-,13.51000023,-,25.47621918
Wed May 10 08:25:27 EDT 2017,10-May-2017 08:26:58.538,-71.08868911,42.28266508,11.53,4.0,-9.0,136.7,4.07971954,0.03052607,8.33960342,0.01173496,34.50980377,-0.08480771,0.10585984,0.01330112,-0.06504127,14.89469528,1012.13574219,-,181.3999939,-,1983,-,42.28266525,-71.08869171,-,13.60000038,-,26.71896172
Wed May 10 08:25:28 EDT 2017,10-May-2017 08:26:59.534,-71.08857755,42.28258515,12.12,4.0,-8.0,132.6,3.95342565,0.29927522,8.01219559,-0.00852679,34.11764908,-0.08842611,0.10085667,0.07822035,-0.06644466,14.6784668,1012.04394531,-,181.3999939,-,2044,-,42.28258514,-71.08857727,-,12.88000011,-,27.34033203
Wed May 10 08:25:29 EDT 2017,10-May-2017 08:27:00.532,-71.08846121,42.28250808,12.5,3.0,-9.0,131.8,3.57514167,-0.521936,8.30668259,-0.00784777,32.54901886,-0.07712038,0.07968469,0.02587007,-0.0436253,14.67308331,1012.08642578,-,181.3999939,-,2075,-,42.28250885,-71.08846283,-,9.93000031,-,27.96170425
Wed May 10 08:25:30 EDT 2017,10-May-2017 08:27:01.532,-71.08834668,42.28242713,12.71,4.0,-8.0,131.6,3.28065491,-0.35134909,8.68736076,0.01262587,32.15686417,-0.05239676,0.03227657,0.01189779,0.00237952,14.26036453,1012.08447266,-,181.3999939,-,2065,-,42.28242874,-71.08834839,-,7.17000008,-,27.34033203
Wed May 10 08:25:31 EDT 2017,10-May-2017 08:27:02.535,-71.08823527,42.28235384,12.67,4.0,-8.0,131.6,3.57394457,-0.38247371,8.34498978,-0.0084402,31.37254906,-0.08978793,0.07083761,-0.02153805,-0.05613321,14.26440048,1012.01782227,-,181.3999939,-,2039,-,42.28235245,-71.08823395,-,5.80000019,-,27.34033203
Wed May 10 08:25:32 EDT 2017,10-May-2017 08:27:03.534,-71.08811798,42.28227229,12.58,4.0,-8.0,132.0,3.19685793,-0.36750996,8.27795219,-0.02931124,31.37254906,-0.09434815,0.02373458,0.0102504,-0.03935428,14.45147038,1012.0390625,-,181.3999939,-,1971,-,42.28227234,-71.08811951,-,5.63000011,-,26.71896172
Wed May 10 08:25:33 EDT 2017,10-May-2017 08:27:04.534,-71.08800799,42.28219439,12.24,4.0,-8.0,131.7,3.1753099,0.12749124,8.76457405,-0.01602731,30.98039246,-0.04769194,0.02904281,0.0482013,0.00933512,29.39955139,1012.01782227,-,181.3999939,-,1895,-,42.28219604,-71.08800507,-,4.71000004,-,24.85484695
Wed May 10 08:25:34 EDT 2017,10-May-2017 08:27:05.547,-71.08790174,42.28212172,11.58,3.0,-8.0,132.6,3.29561853,-0.32620999,8.64306831,-0.00505812,30.98039246,-0.04414399,0.03642555,0.09164349,0.00927417,29.39955139,1012.03515625,-,181.3999939,-,1775,-,42.28212357,-71.08789825,-,4.51000023,-,24.23347664
Wed May 10 08:25:35 EDT 2017,10-May-2017 08:27:06.532,-71.08780084,42.28206262,10.91,3.0,-7.0,131.7,3.1669302,-0.37828386,8.48864174,-0.0102855,30.98039246,-0.07531597,0.02068384,0.00915215,-0.01787726,29.39955139,1011.92285156,-,181.3999939,-,1679,-,42.28206253,-71.08779907,-,4.26999998,-,22.36936378
Wed May 10 08:25:36 EDT 2017,10-May-2017 08:27:07.537,-71.08770419,42.28199846,10.24,3.0,-7.0,131.8,2.96821165,0.56622869,7.7111249,-0.09040821,30.58823586,-0.08448187,0.00585737,0.08310149,-0.02208723,29.39955139,1011.84570312,-,181.3999939,-,1588,-,42.28199768,-71.08770752,-,3.99000001,-,21.12662125
Wed May 10 08:25:37 EDT 2017,10-May-2017 08:27:08.534,-71.08761388,42.28193557,9.67,3.0,-6.0,131.8,2.92272162,-0.08080431,8.46051025,-0.04066617,30.58823586,-0.12794489,0.05021479,0.02648021,-0.08609122,29.39955139,1011.92895508,-,181.3999939,-,1475,-,42.28193665,-71.08761597,-,3.75,-,19.88387871
Wed May 10 08:25:38 EDT 2017,10-May-2017 08:27:09.538,-71.08753216,42.28189549,9.07,4.0,-4.0,131.1,3.04961443,0.0724246,7.8685441,-0.0130237,30.58823586,-0.13944545,0.00872505,0.05509593,-0.08108803,29.39955139,1011.88916016,-,181.3999939,-,1389,-,42.28189468,-71.08753204,-,3.52999997,-,18.64113617
Wed May 10 08:25:39 EDT 2017,10-May-2017 08:27:10.533,-71.08746222,42.28185216,8.37,3.0,-4.0,131.2,2.86645794,-0.36212301,8.36534119,-0.02169076,30.19607925,-0.05381928,0.01903647,0.04399132,0.00646749,29.39955139,1011.85644531,-,181.3999939,-,1261,-,42.28185272,-71.08746338,-,3.20000005,-,16.77702141
Wed May 10 08:25:40 EDT 2017,10-May-2017 08:27:11.533,-71.08739471,42.28181063,7.67,3.0,-4.0,131.7,2.75512767,-0.22565351,8.10317612,-0.06189913,30.19607925,-0.0861285,-0.03612046,0.03734076,-0.00927417,26.60651398,1011.82519531,-,181.3999939,-,858,-,42.28181076,-71.08739471,-,2.88000011,-,14.91290855
Wed May 10 08:25:41 EDT 2017,10-May-2017 08:27:12.538,-71.08733347,42.28176902,6.63,3.0,-5.0,130.5,2.57077408,-0.12928689,8.27495956,-0.05126363,30.19607925,-0.11630809,-0.0400864,0.0345341,-0.03965934,14.68698978,1011.83813477,-,179.6000061,-,806,-,42.2817688,-71.08733368,-,3,-,12.42742348
Wed May 10 08:25:42 EDT 2017,10-May-2017 08:27:13.535,-71.08728484,42.28173926,5.58,3.0,-4.0,131.5,2.53665662,-0.20231004,8.59398746,-0.01385593,30.19607925,-0.063198,-0.03038512,0.01616879,0.01244686,14.19038105,1011.83837891,-,179.6000061,-,877,-,42.28173828,-71.0872879,-,3,-,9.32056808
Wed May 10 08:25:43 EDT 2017,10-May-2017 08:27:14.540,-71.08724951,42.28171132,4.57,3.0,-4.0,132.2,2.26431632,-0.40581718,8.7202816,-0.0063921,30.19607925,-0.0749651,-0.06754284,0.02452775,0.01098252,13.89474773,1011.88671875,-,179.6000061,-,856,-,42.28171158,-71.08724976,-,3.02999997,-,6.83508301
Wed May 10 08:25:44 EDT 2017,10-May-2017 08:27:15.532,-71.087233,42.28169615,2.97,3.0,-4.0,131.8,2.3397336,-0.37768531,9.06085587,0.02005446,30.19607925,-0.04496565,-0.06363793,0.00921316,0.04045241,13.76599693,1011.79614258,-,179.6000061,-,795,-,42.28169632,-71.0872345,-,3,-,3.10685587
Wed May 10 08:25:45 EDT 2017,10-May-2017 08:27:16.536,-71.08721854,42.28168641,1.88,4.0,-4.0,131.8,3.81815314,-0.29628247,8.12232971,-0.01927316,30.19607925,-0.06091594,0.02867672,0.02043979,-0.0050642,13.60225487,1011.82226562,-,179.6000061,-,813,-,42.28168488,-71.08721924,-,3.05999994,-,0
Wed May 10 08:25:46 EDT 2017,10-May-2017 08:27:17.532,-71.08721366,42.28168717,0.15,3.0,-4.0,131.8,3.97916317,-0.15023616,8.21211147,-0.00431597,30.19607925,-0.06934439,0.10348027,0.0323986,-0.04606587,13.42101765,1011.81469727,-,179.6000061,-,801,-,42.28168869,-71.08721161,-,2.81999993,-,0
Wed May 10 08:25:47 EDT 2017,10-May-2017 08:27:18.536,-71.08720973,42.28168752,0.0,3.0,-5.0,0.0,3.86962843,-0.2717419,8.00082397,-0.01242657,30.19607925,-0.09330626,0.09231465,0.02001269,-0.06760384,13.52330017,1011.81787109,-,181.3999939,-,805,-,42.28168869,-71.08721161,-,2.76999998,-,0
Wed May 10 08:25:48 EDT 2017,10-May-2017 08:27:19.535,-71.0872096,42.28169042,0.0,3.0,-4.0,0.0,3.8654387,-0.2717419,7.89308453,-0.01058824,30.19607925,-0.04125404,0.11019186,0.02245327,-0.01836538,13.52419758,1011.79418945,-,181.3999939,-,791,-,42.28168869,-71.08721161,-,2.79999995,-,0
Wed May 10 08:25:49 EDT 2017,10-May-2017 08:27:20.537,-71.08721019,42.28169071,0.0,3.0,-4.0,0.0,3.86484003,-0.2765303,7.91762495,-0.0360924,30.19607925,-0.10113163,0.09182654,0.01952458,-0.07608488,13.55425358,1011.75927734,-,181.3999939,-,800,-,42.2816925,-71.08721161,-,2.6500001,-,0
Wed May 10 08:25:50 EDT 2017,10-May-2017 08:27:21.539,-71.08720818,42.28169288,0.0,3.0,-4.0,0.0,3.8594532,-0.2633622,7.74404526,-0.05223799,30.58823586,-0.05488738,0.09963638,0.02312442,-0.02843271,13.99254513,1011.79711914,-,181.3999939,-,788,-,42.2816925,-71.08721161,-,3.67000008,-,0
Wed May 10 08:25:51 EDT 2017,10-May-2017 08:27:22.538,-71.08720372,42.28169264,0.0,3.0,-3.0,0.0,3.80378795,-0.28490999,8.08701515,-0.01227565,30.58823586,-0.04243753,0.11934397,0.03001904,-0.02391768,13.85796165,1011.84033203,-,181.3999939,-,807,-,42.2816925,-71.08720398,-,3.6400001,-,0
Wed May 10 08:25:52 EDT 2017,10-May-2017 08:27:23.548,-71.08720218,42.28169258,0.0,3.0,-2.0,0.0,4.07373428,-0.25139117,8.63947678,-0.01266846,30.58823586,-0.02565561,0.11312055,0.02208718,-0.00250162,13.70633221,1011.79003906,-,181.3999939,-,796,-,42.2816925,-71.08720398,-,3.6400001,-,0
Wed May 10 08:25:53 EDT 2017,10-May-2017 08:27:24.536,-71.08719933,42.28169366,0.0,3.0,-1.0,0.0,4.06774855,-0.2124854,8.55627823,-0.00123827,30.58823586,-0.11317156,0.08914191,0.02172109,-0.08810468,13.60584354,1011.82861328,-,181.3999939,-,801,-,42.2816925,-71.08719635,-,3.52999997,-,0
Wed May 10 08:25:54 EDT 2017,10-May-2017 08:27:25.535,-71.08719327,42.28169341,0.0,3.0,-1.0,0.0,3.91332269,-0.18854338,7.9744873,-0.02895182,30.58823586,-0.0453581,0.10457852,0.01653488,-0.02043984,13.52599239,1011.82128906,-,181.3999939,-,787,-,42.2816925,-71.08719635,-,3.3499999,-,0
Wed May 10 08:25:55 EDT 2017,10-May-2017 08:27:26.536,-71.08718978,42.2816961,0.0,3.0,-1.0,0.0,3.85526323,-0.27832595,8.02596283,-0.02657712,29.80392265,-0.09161316,0.09085031,0.01934154,-0.06504127,13.44434452,1011.76489258,-,181.3999939,-,832,-,42.28169632,-71.08718872,-,2.58999991,-,0
Wed May 10 08:25:56 EDT 2017,10-May-2017 08:27:27.539,-71.08718904,42.28169595,0.0,3.0,0.0,0.0,3.91152692,-0.22804771,8.16482639,-0.0119373,29.80392265,-0.07442582,0.10250404,0.02629717,-0.05137407,13.60808659,1011.82885742,-,181.3999939,-,800,-,42.28169632,-71.08718872,-,2.53999996,-,0
