Wed May 10 08:25:57 EDT 2017,10-May-2017 08:27:28.540,-71.08718769,42.28169444,0.0,3.0,0.0,0.0,3.89596462,-0.23882163,7.92181492,-0.01830024,29.80392265,-0.09414411,0.09628059,0.02587007,-0.07028852,13.54797459,1011.80566406,-,181.3999939,-,784,-,42.28169632,-71.08718872,-,2.53999996,-,0
Wed May 10 08:25:58 EDT 2017,10-May-2017 08:27:29.540,-71.08718716,42.28169432,0.0,3.0,0.0,0.0,3.99831676,-0.17657238,8.23425865,-0.00138509,29.80392265,-0.06641246,0.10543273,0.02971397,-0.04380826,13.55829144,1011.78198242,-,181.3999939,-,781,-,42.2816925,-71.08718872,-,2.58999991,-,0
Wed May 10 08:25:59 EDT 2017,10-May-2017 08:27:30.539,-71.08718689,42.28169394,0.0,3.0,0.0,0.0,3.93187785,-0.24540567,8.10138035,-0.01636082,30.19607925,-0.08438838,0.09176553,0.01580271,-0.05759755,14.34111309,1011.76635742,-,181.3999939,-,768,-,42.2816925,-71.08718872,-,2.42000008,-,0
Wed May 10 08:26:00 EDT 2017,10-May-2017 08:27:31.538,-71.08718683,42.2816938,0.0,3.0,0.0,0.0,4.01687193,-0.15741876,8.23725128,-0.00031894,30.19607925,-0.05304854,0.10146681,0.02733441,-0.02715143,14.62418556,1011.81030273,-,181.3999939,-,761,-,42.2816925,-71.08718872,-,2.6500001,-,0
Wed May 10 08:26:01 EDT 2017,10-May-2017 08:27:32.539,-71.08718683,42.28169377,0.0,3.0,0.0,0.0,3.8726213,-0.23523031,8.21630192,-0.01628936,30.19607925,-0.07345923,0.09261973,0.02373457,-0.04563871,14.85162926,1011.80297852,-,181.3999939,-,774,-,42.2816925,-71.08718872,-,2.74000001,-,0
Wed May 10 08:26:02 EDT 2017,10-May-2017 08:27:33.554,-71.08718684,42.28169377,0.0,3.0,0.0,0.0,4.00130939,-0.17238252,8.31446362,-0.01677683,30.19607925,-0.10796856,0.08371162,0.02349051,-0.07962368,14.7915163,1011.82983398,-,181.3999939,-,778,-,42.2816925,-71.08718872,-,2.51999998,-,0
Wed May 10 08:26:03 EDT 2017,10-May-2017 08:27:34.531,-71.08718686,42.28169377,0.0,3.0,0.0,0.0,3.82054734,-0.23642741,7.91463232,-0.03845662,30.19607925,-0.10349672,0.08731148,0.02361254,-0.07638994,14.75876713,1011.88769531,-,183.19999695,-,779,-,42.2816925,-71.08718872,-,2.49000001,-,0
Wed May 10 08:26:04 EDT 2017,10-May-2017 08:27:35.532,-71.08718689,42.28169375,0.0,3.0,0.0,0.0,3.8726213,-0.28610709,7.93438435,-0.03417903,30.19607925,-0.09921762,0.09261973,0.01854835,-0.07437649,14.72691631,1011.77880859,-,183.19999695,-,776,-,42.2816925,-71.08718872,-,2.51999998,-,0
Wed May 10 08:26:05 EDT 2017,10-May-2017 08:27:36.533,-71.08718695,42.28169398,0.0,3.0,0.0,0.0,3.88758492,-0.26276365,8.19595051,-0.01186799,30.19607925,-0.07869083,0.10067362,0.02434471,-0.05527899,14.73678589,1011.78125,-,183.19999695,-,772,-,42.2816925,-71.08718872,-,2.51999998,-,0
Wed May 10 08:26:06 EDT 2017,10-May-2017 08:27:37.534,-71.08718699,42.28169399,0.0,3.0,0.0,0.0,3.95761538,-0.19333179,8.22109032,-0.01165889,30.19607925,-0.06939279,0.10128376,0.02800557,-0.0451506,14.68923187,1011.76489258,-,183.19999695,-,787,-,42.2816925,-71.08718872,-,2.53999996,-,0
Wed May 10 08:26:07 EDT 2017,10-May-2017 08:27:38.531,-71.087187,42.28169401,0.0,3.0,0.0,0.0,3.98275447,-0.2148796,8.40903473,0.01407266,30.19607925,-0.05094945,0.10384636,0.02580905,-0.02599214,14.77087975,1011.78173828,-,183.19999695,-,776,-,42.2816925,-71.08718872,-,2.58999991,-,0
Wed May 10 08:26:08 EDT 2017,10-May-2017 08:27:39.531,-71.08718701,42.28169401,0.0,3.0,0.0,0.0,3.88638783,-0.2633622,7.95293951,-0.03193671,30.19607925,-0.05870334,0.09829407,0.02263631,-0.03203257,14.84669495,1011.81347656,-,183.19999695,-,773,-,42.2816925,-71.08718872,-,2.6500001,-,0
Wed May 10 08:26:09 EDT 2017,10-May-2017 08:27:40.532,-71.08718701,42.28169403,0.0,3.0,0.0,0.0,3.89177489,-0.27952304,8.18278313,-0.01055306,30.19607925,-0.07558365,0.09457219,0.01921951,-0.04905551,14.8134985,1011.75976562,-,183.19999695,-,784,-,42.2816925,-71.08718872,-,2.68000007,-,0
Wed May 10 08:26:10 EDT 2017,10-May-2017 08:27:41.531,-71.08718699,42.28169403,0.0,3.0,0.0,0.0,3.86603713,-0.27892449,7.94515848,-0.01435267,30.19607925,-0.05403879,0.10329724,0.02525993,-0.02916484,14.73364544,1011.79760742,-,183.19999695,-,789,-,42.2816925,-71.08718872,-,2.61999989,-,0
Wed May 10 08:26:11 EDT 2017,10-May-2017 08:27:42.536,-71.08718696,42.28169402,0.0,3.0,0.0,0.0,3.88818359,-0.23104046,8.03793335,-0.01717862,30.19607925,-0.07630426,0.09426711,0.0268463,-0.04948267,14.71345806,1011.79858398,-,183.19999695,-,782,-,42.2816925,-71.08718872,-,2.58999991,-,0
Wed May 10 08:26:12 EDT 2017,10-May-2017 08:27:43.542,-71.08718701,42.28169406,0.0,3.0,0.0,0.0,3.93187785,-0.25558102,8.19654942,-0.0075981,30.19607925,-0.07262764,0.09866016,0.02166008,-0.04765221,14.70672894,1011.82275391,-,183.19999695,-,776,-,42.2816925,-71.08718872,-,2.71000004,-,0
Wed May 10 08:26:13 EDT 2017,10-May-2017 08:27:44.545,-71.08718701,42.28169407,0.0,3.0,0.0,0.0,3.98574734,-0.20171149,8.15764332,-0.00891268,30.19607925,-0.10078647,0.08316251,0.01677893,-0.07163085,14.85162926,1011.79101562,-,183.19999695,-,769,-,42.2816925,-71.08718872,-,2.71000004,-,0
Wed May 10 08:26:14 EDT 2017,10-May-2017 08:27:45.531,-71.08718705,42.28169401,0.0,3.0,0.0,0.0,3.97916317,-0.18794483,8.4156189,-0.01150448,30.19607925,-0.10146875,0.09115539,0.02092791,-0.07608488,14.83592892,1011.72607422,-,183.19999695,-,781,-,42.2816925,-71.08718872,-,2.6500001,-,0
Wed May 10 08:26:15 EDT 2017,10-May-2017 08:27:46.538,-71.08718709,42.28169403,0.0,3.0,0.0,0.0,3.89357042,-0.22385786,7.98585987,-0.0131124,30.19607925,-0.09374844,0.09475522,0.02489384,-0.06912924,14.77940369,1011.79272461,-,183.19999695,-,765,-,42.2816925,-71.08718872,-,2.74000001,-,0
Wed May 10 08:26:16 EDT 2017,10-May-2017 08:27:47.533,-71.08718717,42.28169402,0.0,3.0,0.0,0.0,3.8546648,-0.25857377,8.1163435,-0.00855605,30.19607925,-0.06468838,0.10366333,0.02379558,-0.04118473,14.80003929,1011.77587891,-,183.19999695,-,782,-,42.2816925,-71.08718872,-,2.79999995,-,0
Wed May 10 08:26:17 EDT 2017,10-May-2017 08:27:48.534,-71.08718732,42.28169394,0.0,3.0,0.0,0.0,3.94803858,-0.23044191,8.13908863,-0.01222503,30.19607925,-0.05796184,0.1044565,0.02593108,-0.03404598,14.83099365,1011.85009766,-,183.19999695,-,780,-,42.2816925,-71.08718872,-,2.6500001,-,0
Wed May 10 08:26:18 EDT 2017,10-May-2017 08:27:49.538,-71.08718787,42.28169342,0.0,3.0,0.0,0.0,3.94205308,-0.2220622,8.18637371,-0.00817329,30.19607925,-0.07320303,0.09969739,0.02507688,-0.0486895,14.752038,1011.86938477,-,183.19999695,-,767,-,42.2816925,-71.08718872,-,2.74000001,-,0
Wed May 10 08:26:19 EDT 2017,10-May-2017 08:27:50.544,-71.0871883,42.28169311,0.0,3.0,0.0,0.0,3.85406613,-0.19572599,7.95473528,-0.00983318,30.19607925,-0.06887652,0.09176553,0.02977499,-0.04002545,14.79824543,1011.8215332,-,183.19999695,-,788,-,42.2816925,-71.08718872,-,2.51999998,-,0
Wed May 10 08:26:20 EDT 2017,10-May-2017 08:27:51.536,-71.08718835,42.28169308,0.0,3.0,0.0,0.0,6.12676191,-0.33339259,7.29692841,0.04656684,33.33333206,-0.02782199,0.32239962,0.01372822,-0.1393567,17.98336411,1011.78686523,-,183.19999695,-,1718,-,42.2816925,-71.08718872,-,26.87000084,-,0
Wed May 10 08:26:21 EDT 2017,10-May-2017 08:27:52.535,-71.08718478,42.2816907,0.65,3.0,0.0,131.8,6.08426523,0.39863458,6.49546909,-0.02651012,34.90196228,-0.09154611,0.31806764,0.08834872,-0.2210549,13.9140377,1011.75341797,-,181.3999939,-,1726,-,42.2816925,-71.08718109,-,19.28000069,-,4.34959841
Wed May 10 08:26:22 EDT 2017,10-May-2017 08:27:53.541,-71.08715495,42.28167153,3.01,3.0,0.0,127.5,5.68862343,-0.69491702,7.35498762,0.01581699,36.07843018,-0.05245572,0.26266664,0.01470445,-0.12349299,14.87226582,1011.73950195,-,181.3999939,-,2240,-,42.28167343,-71.0871582,-,20.29999924,-,11.18468189
Wed May 10 08:26:23 EDT 2017,10-May-2017 08:27:54.532,-71.08711028,42.28163685,4.77,3.0,0.0,131.7,3.35667086,0.56563014,8.82023907,0.02908731,31.76470566,-0.03592969,0.0400254,0.10537171,0.01592471,14.21819401,1011.77905273,-,181.3999939,-,2634,-,42.28163528,-71.08711243,-,6.67999983,-,13.67016602
Wed May 10 08:26:24 EDT 2017,10-May-2017 08:27:55.537,-71.08705277,42.2816003,5.98,3.0,0.0,128.4,4.94402647,-0.65720838,7.91104078,-0.01367121,34.11764908,-0.07594234,0.10543273,0.01690096,-0.05479087,14.64975643,1011.71826172,-,181.3999939,-,1656,-,42.28160095,-71.08705139,-,11.81000042,-,13.67016602
Wed May 10 08:26:25 EDT 2017,10-May-2017 08:27:56.535,-71.08698549,42.28156881,6.17,3.0,-1.0,129.8,5.20200157,-1.00975454,7.91403389,0.02078043,39.2156868,-0.02249999,0.2591888,0.0055523,-0.08444382,15.28005028,1011.6328125,-,181.3999939,-,1849,-,42.28157043,-71.08698273,-,27.53000069,-,16.15565109
Wed May 10 08:26:26 EDT 2017,10-May-2017 08:27:57.533,-71.08691828,42.28151994,7.7,3.0,-1.0,130.1,4.9883194,0.05147533,7.84460163,0.0129953,39.60784531,-0.05202717,0.20635042,0.05296042,-0.08352865,14.58605289,1011.58300781,-,181.3999939,-,2333,-,42.28152084,-71.08692169,-,32.52000046,-,20.50524902
Wed May 10 08:26:27 EDT 2017,10-May-2017 08:27:58.532,-71.08683986,42.28146827,9.24,3.0,-1.0,130.2,3.51289248,0.23223756,8.01937866,-0.0418784,38.03921509,-0.05137082,0.10317521,0.03673062,-0.02593109,14.75876713,1011.55688477,-,181.3999939,-,2611,-,42.28146744,-71.08683777,-,29.02000046,-,22.9907341
Wed May 10 08:26:28 EDT 2017,10-May-2017 08:27:59.532,-71.08673957,42.2814036,10.44,3.0,-1.0,130.5,4.29938793,0.39923313,7.841609,-0.02573553,31.37254906,-0.07357359,0.06498024,0.04637088,-0.03294775,19.61674881,1011.60498047,-,181.3999939,-,2158,-,42.28140259,-71.08673859,-,6.3499999,-,22.36936378
Wed May 10 08:26:29 EDT 2017,10-May-2017 08:28:00.537,-71.08664501,42.28134402,10.32,4.0,-1.0,129.3,4.03363132,1.00736034,8.06965637,-0.01994799,34.11764908,-0.07433408,0.10903258,0.15040028,-0.06058729,15.09028912,1011.53930664,-,179.6000061,-,1754,-,42.28134537,-71.08664703,-,12.88000011,-,22.9907341
Wed May 10 08:26:30 EDT 2017,10-May-2017 08:28:01.534,-71.08654039,42.28129695,10.49,4.0,-1.0,124.0,4.03782129,0.31723171,8.5287447,0.02252781,33.33333206,-0.04318842,0.08584714,0.12611659,-0.01244696,14.42859268,1011.46386719,-,179.6000061,-,1775,-,42.28129578,-71.08654022,-,10.47999954,-,23.61210442
Wed May 10 08:26:31 EDT 2017,10-May-2017 08:28:02.532,-71.08642129,42.28124852,10.74,3.0,0.0,118.8,4.63038588,0.2621651,7.79611921,-0.00995344,36.47058868,-0.03835965,0.15509839,0.12239471,-0.04087957,15.32760334,1011.359375,-,179.6000061,-,1817,-,42.28125,-71.08641815,-,22.5,-,24.23347664
Wed May 10 08:26:32 EDT 2017,10-May-2017 08:28:03.536,-71.08629839,42.28119683,11.05,4.0,0.0,116.5,4.59567022,0.08918402,7.90864658,-0.00219768,35.29411697,-0.06722534,0.16632502,0.05680433,-0.07700011,14.62732506,1011.34033203,-,181.3999939,-,1854,-,42.28119659,-71.08629608,-,17.22999954,-,24.85484695
Wed May 10 08:26:33 EDT 2017,10-May-2017 08:28:04.535,-71.0861651,42.28115383,11.35,4.0,0.0,113.8,3.75650239,0.54108959,8.08880997,0.00924637,33.72549057,-0.00916128,0.1308147,0.12056428,0.00469809,14.36533833,1011.27832031,-,181.3999939,-,1940,-,42.28115463,-71.08616638,-,11.89999962,-,26.09758949
Wed May 10 08:26:34 EDT 2017,10-May-2017 08:28:05.534,-71.08602657,42.28111632,11.75,4.0,0.0,110.0,4.96796846,0.10833763,8.99322033,0.08521627,36.07843018,0.0544227,0.20323868,-0.01092156,0.0399643,14.95256615,1011.22216797,-,181.3999939,-,1949,-,42.28111649,-71.08602905,-,20.54999924,-,26.09758949
Wed May 10 08:26:35 EDT 2017,10-May-2017 08:28:06.533,-71.0859013,42.28108372,11.66,4.0,1.0,108.4,4.93923807,-0.04668693,7.53934097,-0.01586491,37.64706039,-0.08089727,0.20134723,0.04295408,-0.11464594,14.61700726,1011.16210938,-,181.3999939,-,1969,-,42.28108215,-71.08589935,-,25.10000038,-,26.09758949
Wed May 10 08:26:36 EDT 2017,10-May-2017 08:28:07.535,-71.08575518,42.28105071,11.9,4.0,2.0,107.1,4.33290672,0.69252282,8.72925949,0.06127256,33.72549057,-0.05483317,0.07474254,0.00494216,-0.01781621,14.53536129,1010.7590332,-,181.3999939,-,2045,-,42.28105164,-71.08575439,-,26.54000092,-,27.34033203
Wed May 10 08:26:37 EDT 2017,10-May-2017 08:28:08.536,-71.0856098,42.28101714,12.44,4.0,3.0,106.9,2.67372465,-0.8834604,9.25658226,0.05162686,30.98039246,-0.01338243,-0.02959195,-0.04234393,0.06040413,14.37251568,1010.86328125,-,181.3999939,-,1994,-,42.2810173,-71.08560944,-,5.11999989,-,26.09758949
Wed May 10 08:26:38 EDT 2017,10-May-2017 08:28:09.536,-71.08546313,42.28099428,12.21,3.0,3.0,106.1,1.99556708,-0.46267948,7.24844551,-0.11043429,30.98039246,-0.23191388,-0.09872116,0.00054913,-0.1442989,29.39955139,1010.9206543,-,181.3999939,-,1905,-,42.28099442,-71.08546448,-,4.71000004,-,25.47621918
Wed May 10 08:26:39 EDT 2017,10-May-2017 08:28:10.538,-71.08533011,42.28095727,11.72,4.0,3.0,106.5,2.25653505,-0.0688333,8.78372765,-0.01682201,30.98039246,-0.06818754,-0.07254601,0.0132401,0.01891444,29.39955139,1010.88354492,-,181.3999939,-,1801,-,42.28095627,-71.08532715,-,4.40999985,-,23.61210442
Wed May 10 08:26:40 EDT 2017,10-May-2017 08:28:11.535,-71.08520105,42.28092811,11.19,4.0,3.0,106.6,1.74297881,0.2717419,8.852561,-0.01451027,30.98039246,-0.07954217,-0.1244692,0.07541369,0.0192195,29.39955139,1011.05078125,-,183.19999695,-,1668,-,42.28092957,-71.08519745,-,4.07000017,-,22.36936378
Wed May 10 08:26:41 EDT 2017,10-May-2017 08:28:12.534,-71.08508373,42.28091371,10.56,5.0,1.0,105.5,1.10671973,-0.32620999,9.1183176,0.00224996,30.19607925,-0.08940206,-0.18444626,0.04698102,0.01946351,29.39955139,1011.19091797,-,183.19999695,-,1253,-,42.28091431,-71.08508301,-,3.13000011,-,19.26250648
Wed May 10 08:26:42 EDT 2017,10-May-2017 08:28:13.535,-71.08499431,42.28089615,8.74,3.0,0.0,105.8,1.40958619,-0.04369418,9.0045929,0.01023283,30.19607925,-0.064024,-0.14448188,0.02715137,0.03886607,15.27242374,1011.31787109,-,183.19999695,-,877,-,42.28089523,-71.08499146,-,2.97000003,-,15.53427982
Wed May 10 08:26:43 EDT 2017,10-May-2017 08:28:14.533,-71.08490199,42.2808692,7.71,4.0,1.0,105.5,1.18512988,-0.33279404,9.09916401,0.00722917,30.19607925,-0.06369132,-0.18133453,0.01378923,0.04435742,14.00510597,1011.41699219,-,183.19999695,-,870,-,42.28086853,-71.0848999,-,2.97000003,-,12.42742348
Wed May 10 08:26:44 EDT 2017,10-May-2017 08:28:15.534,-71.08484551,42.28085512,6.07,4.0,0.0,105.6,1.87944829,0.00837971,9.46966648,0.00559887,30.19607925,-0.10073731,-0.11190025,0.0136672,-0.00524725,13.8871212,1011.39697266,-,183.19999695,-,872,-,42.28085327,-71.0848465,-,3,-,9.94193935
Wed May 10 08:26:45 EDT 2017,10-May-2017 08:28:16.535,-71.08479544,42.28084429,4.75,4.0,0.0,104.0,1.64002812,-0.04788403,8.96389103,-0.005723,30.19607925,-0.07427242,-0.11611024,0.02306341,0.02300241,13.64846134,1011.47167969,-,183.19999695,-,840,-,42.28084564,-71.08479309,-,2.97000003,-,6.83508301
Wed May 10 08:26:46 EDT 2017,10-May-2017 08:28:17.533,-71.08476487,42.28083084,3.0,3.0,0.0,105.6,1.97820914,-0.16699557,9.02733707,0.00755334,30.19607925,-0.05747101,-0.10049057,0.0306902,0.03703561,13.8081665,1011.45922852,-,183.19999695,-,813,-,42.28083038,-71.08476257,-,2.94000006,-,3.72822714
Wed May 10 08:26:47 EDT 2017,10-May-2017 08:28:18.535,-71.08474544,42.28082204,1.81,3.0,1.0,105.6,2.5025394,-0.24121583,8.41980839,-0.01484225,30.19607925,-0.06461969,-0.042649,0.01940255,0.01470437,13.57533836,1011.5078125,-,183.19999695,-,803,-,42.28082275,-71.08474731,-,2.97000003,-,1.86411357
Wed May 10 08:26:48 EDT 2017,10-May-2017 08:28:19.535,-71.08473895,42.28082121,0.81,3.0,2.0,105.6,2.72819281,-0.20949265,8.73225212,-0.01605392,30.19607925,-0.06760746,-0.02458876,0.02373457,0.00628443,13.68300438,1011.49243164,-,183.19999695,-,814,-,42.28082275,-71.08473969,-,3.02999997,-,0.62137121
Wed May 10 08:26:49 EDT 2017,10-May-2017 08:28:20.532,-71.08473373,42.28082142,0.33,3.0,2.0,105.6,2.96222615,-0.2633622,8.45871449,-0.02066094,30.19607925,-0.08569494,-0.00018303,0.02086689,-0.02092795,13.64711571,1011.47949219,-,183.19999695,-,805,-,42.28082275,-71.08473206,-,2.97000003,-,0
Wed May 10 08:26:50 EDT 2017,10-May-2017 08:28:21.535,-71.08472676,42.28082645,0.0,3.0,2.0,0.0,3.19625926,-0.20709845,8.69993019,0.01038194,30.19607925,-0.09681577,0.00561331,0.02367355,-0.03471715,13.48606491,1011.49511719,-,183.19999695,-,800,-,42.28082657,-71.08472443,-,2.79999995,-,0
Wed May 10 08:26:51 EDT 2017,10-May-2017 08:28:22.535,-71.08472073,42.28083112,0.0,3.0,2.0,0.0,3.176507,-0.22804771,8.66701031,0.00658929,30.19607925,-0.05843541,0.02166007,0.02446674,0.00030506,13.4021759,1011.45507812,-,183.19999695,-,782,-,42.28083038,-71.08472443,-,2.71000004,-,0
Wed May 10 08:26:52 EDT 2017,10-May-2017 08:28:23.539,-71.08471747,42.28083391,0.0,3.0,1.0,0.0,3.45483303,-0.15502456,8.14806652,-0.01745875,30.19607925,-0.09738763,0.05003174,0.03191048,-0.05259441,13.49324322,1011.46337891,-,183.19999695,-,799,-,42.2808342,-71.0847168,-,2.74000001,-,0
Wed May 10 08:26:53 EDT 2017,10-May-2017 08:28:24.538,-71.08471145,42.28083897,0.0,3.0,1.0,0.0,4.91050768,-0.15921441,7.79372501,0.02922398,32.15686417,-0.12506253,0.16986382,0.05357056,-0.14686146,13.85706425,1011.5690918,-,183.19999695,-,884,-,42.28083801,-71.08470917,-,2.58999991,-,1.86411357
Wed May 10 08:26:54 EDT 2017,10-May-2017 08:28:25.533,-71.08471178,42.28083999,0.0,3.0,1.0,0.0,5.75147104,-0.20949265,7.83502483,0.05634242,34.11764908,-0.00866527,0.28414366,0.02635818,-0.08450487,12.89659405,1011.45214844,-,183.19999695,-,1378,-,42.28084183,-71.08470917,-,13.42000008,-,5.59234095
Wed May 10 08:26:55 EDT 2017,10-May-2017 08:28:26.533,-71.0847052,42.28083897,0.96,4.0,1.0,105.6,4.97574949,-0.47046062,8.53113937,0.07323134,35.29411697,0.00822942,0.20506908,-0.00024406,-0.01354519,13.70453739,1011.41577148,-,183.19999695,-,2149,-,42.28083801,-71.08470154,-,17.34000015,-,9.94193935
Wed May 10 08:26:56 EDT 2017,10-May-2017 08:28:27.533,-71.08462191,42.28082713,4.89,3.0,2.0,105.8,3.67450094,-0.89662856,6.70915174,-0.06179904,32.94117737,-0.08192956,0.07089864,0.04929956,-0.04466248,13.8871212,1011.51391602,-,183.19999695,-,2094,-,42.28082657,-71.08462524,-,5.80000019,-,12.42742348
Wed May 10 08:26:57 EDT 2017,10-May-2017 08:28:28.533,-71.08455735,42.28081205,5.83,3.0,1.0,104.9,5.45698404,0.2705448,7.64767885,0.02339675,37.25490189,-0.04158144,0.25412458,0.07529166,-0.10360232,14.82067585,1011.49536133,-,183.19999695,-,1796,-,42.28081131,-71.08455658,-,21.97999954,-,15.53427982
Wed May 10 08:26:58 EDT 2017,10-May-2017 08:28:29.540,-71.08446957,42.28079543,7.24,3.0,1.0,103.5,4.05996752,-0.10654198,8.00980186,0.00240725,34.11764908,-0.0249396,0.16126083,0.04045249,-0.02568709,14.47120953,1011.60302734,-,183.19999695,-,2186,-,42.28079605,-71.08447266,-,12.60999966,-,19.26250648
Wed May 10 08:26:59 EDT 2017,10-May-2017 08:28:30.533,-71.08436224,42.28077523,8.77,3.0,1.0,103.8,3.96539664,-0.38905779,8.95790577,0.06474185,33.72549057,-0.07874906,0.08480988,0.07193588,-0.04783527,15.04722214,1011.48754883,-,183.19999695,-,2344,-,42.28077698,-71.08436584,-,11.09000015,-,20.50524902
Wed May 10 08:27:00 EDT 2017,10-May-2017 08:28:31.541,-71.08424541,42.28075443,9.35,3.0,0.0,104.0,3.65534735,0.27234045,7.80928755,-0.05527115,32.94117737,-0.12031699,0.07047153,0.0754747,-0.08712845,14.95974445,1011.60644531,-,183.19999695,-,2425,-,42.28075409,-71.08424377,-,10.56000042,-,21.12662125
Wed May 10 08:27:01 EDT 2017,10-May-2017 08:28:32.536,-71.08412097,42.28073282,9.72,3.0,-1.0,104.5,3.68108511,-0.15562311,8.0133934,-0.01884438,32.94117737,-0.07353116,0.06662764,0.00097623,-0.0349002,14.87091923,1011.5769043,-,181.3999939,-,2462,-,42.2807312,-71.0841217,-,7.73000002,-,21.12662125
Wed May 10 08:27:02 EDT 2017,10-May-2017 08:28:33.533,-71.08400679,42.28071144,9.77,3.0,-1.0,104.5,3.49852729,-0.37828386,8.08521938,-0.02519795,32.94117737,-0.07493985,0.08334554,0.00780983,-0.04356425,14.91219139,1011.54956055,-,181.3999939,-,2476,-,42.28071213,-71.08400726,-,9.31000042,-,21.74799156
Wed May 10 08:27:03 EDT 2017,10-May-2017 08:28:34.534,-71.08388655,42.28069005,9.9,3.0,-1.0,104.9,2.81737685,-0.42197806,8.39287376,-0.0311693,31.76470566,-0.09620693,-0.0149485,0.0046981,-0.02763954,14.08720016,1011.59326172,-,181.3999939,-,2429,-,42.28068924,-71.08388519,-,5.90999985,-,21.74799156
Wed May 10 08:27:04 EDT 2017,10-May-2017 08:28:35.533,-71.08377173,42.2806646,9.8,4.0,-1.0,106.1,2.87244344,-0.35972881,8.58800125,-0.01082236,31.37254906,-0.06661879,-0.01531459,-0.03483917,0.00085413,29.39955139,1011.62695312,-,179.6000061,-,2304,-,42.28066635,-71.08377075,-,5.46000004,-,19.88387871
Wed May 10 08:27:05 EDT 2017,10-May-2017 08:28:36.534,-71.08366271,42.28063884,9.02,4.0,-2.0,107.2,3.2926259,-0.39264908,8.10856247,-0.0180604,31.37254906,-0.05862762,0.04130669,-0.00555231,-0.00866405,29.39955139,1011.63061523,-,179.6000061,-,2081,-,42.28063965,-71.08366394,-,5.17000008,-,18.64113617
Wed May 10 08:27:06 EDT 2017,10-May-2017 08:28:37.538,-71.08356304,42.28061377,8.34,4.0,-2.0,108.1,2.26671052,-0.23223756,8.15405273,-0.02440132,30.58823586,-0.13666409,-0.07108167,0.02403964,-0.05198419,29.39955139,1011.63818359,-,179.6000061,-,835,-,42.28061295,-71.08356476,-,3.95000005,-,17.39839363
Wed May 10 08:27:07 EDT 2017,10-May-2017 08:28:38.533,-71.0834769,42.2805959,7.99,4.0,-3.0,107.8,2.20386267,-0.4309563,9.43135929,0.01483659,30.58823586,-0.0285908,-0.05350956,0.06302778,0.05540099,14.46806908,1011.64428711,-,179.6000061,-,812,-,42.28059769,-71.08347321,-,4.07000017,-,15.53427982
Wed May 10 08:27:08 EDT 2017,10-May-2017 08:28:39.534,-71.08340274,42.28056736,6.92,4.0,-3.0,110.0,2.00813675,0.12270284,8.94294167,-0.00025487,30.19607925,-0.05480584,-0.09743985,0.06022113,0.02843262,13.92839336,1011.64038086,-,179.6000061,-,934,-,42.28056717,-71.08340454,-,3.02999997,-,11.80605221
Wed May 10 08:27:09 EDT 2017,10-May-2017 08:28:40.535,-71.08333837,42.280554,5.48,3.0,-3.0,111.8,1.80522811,-0.17776948,9.26077175,0.02729881,30.19607925,-0.03771883,-0.1181237,0.02959194,0.0608312,13.68883705,1011.71533203,-,179.6000061,-,885,-,42.28055573,-71.08333588,-,3.16000009,-,8.07782555
Wed May 10 08:27:10 EDT 2017,10-May-2017 08:28:41.531,-71.0832935,42.28053919,3.95,4.0,-2.0,108.2,2.00095415,-0.23283611,8.84477997,-0.00109178,30.19607925,-0.07538497,-0.08920291,0.01921951,0.0158027,13.76734352,1011.68847656,-,179.6000061,-,791,-,42.28054047,-71.0832901,-,2.97000003,-,4.34959841
Wed May 10 08:27:11 EDT 2017,10-May-2017 08:28:42.533,-71.08327084,42.28053298,2.2,3.0,-3.0,111.7,2.83653045,-0.20171149,8.74422359,-0.01159387,30.19607925,-0.06237087,-0.01299605,0.02715137,0.00817593,13.6264801,1011.70410156,-,179.6000061,-,812,-,42.28053284,-71.08326721,-,2.91000009,-,1.86411357
Wed May 10 08:27:12 EDT 2017,10-May-2017 08:28:43.536,-71.08325774,42.28053294,0.96,4.0,-3.0,111.7,3.03884053,-0.26635495,8.25520706,-0.03752923,30.19607925,-0.102569,0.00762679,0.02056182,-0.04167284,13.62782574,1011.68432617,-,179.6000061,-,807,-,42.28053284,-71.08325958,-,3.02999997,-,1.24274242
Wed May 10 08:27:13 EDT 2017,10-May-2017 08:28:44.532,-71.08325338,42.28053192,0.4,4.0,-2.0,111.7,3.66971254,-0.26635495,8.46350288,0.00608873,30.19607925,-0.12812535,0.04496754,0.01964661,-0.08419976,13.67178917,1011.61645508,-,179.6000061,-,809,-,42.28053284,-71.08325195,-,2.68000007,-,0.62137121
Wed May 10 08:27:14 EDT 2017,10-May-2017 08:28:45.538,-71.08324655,42.28053932,0.21,4.0,-2.0,111.7,6.12556505,-0.41419691,6.86357784,0.00406629,34.90196228,-0.06095928,0.32227761,0.00549129,-0.18353106,14.48556614,1011.59667969,-,181.3999939,-,1723,-,42.28054047,-71.08324432,-,15.23999977,-,1.24274242
Wed May 10 08:27:15 EDT 2017,10-May-2017 08:28:46.546,-71.08322657,42.2805401,1.22,4.0,-2.0,111.7,5.19900894,-0.10175357,7.5932107,0.00870681,34.11764908,-0.07269084,0.27602878,-0.00268463,-0.16034564,13.27432251,1011.65356445,-,181.3999939,-,1710,-,42.28054047,-71.08322906,-,12.97000027,-,8.07782555
Wed May 10 08:27:16 EDT 2017,10-May-2017 08:28:47.536,-71.08317452,42.28052814,3.67,4.0,-3.0,105.1,3.61285043,-0.38247371,8.45272923,-0.00887501,31.37254906,-0.09079778,0.04618783,0.03776786,-0.04374731,14.23120499,1011.60302734,-,181.3999939,-,2297,-,42.28052902,-71.08317566,-,18.22999954,-,11.18468189
Wed May 10 08:27:17 EDT 2017,10-May-2017 08:28:48.533,-71.08310811,42.28050965,5.24,4.0,-3.0,106.3,5.15292072,-0.05566519,7.91942072,0.02848935,36.07843018,-0.03652784,0.22312935,0.04203886,-0.07590183,15.4312315,1011.6887207,-,181.3999939,-,2088,-,42.28050995,-71.08310699,-,13.42000008,-,12.42742348
Wed May 10 08:27:18 EDT 2017,10-May-2017 08:28:49.534,-71.08304681,42.2804885,5.94,4.0,-3.0,106.9,5.44381618,-0.06165069,7.58662653,0.01721889,36.47058868,-0.10270064,0.17828381,0.09567044,-0.12721485,14.98935223,1011.6315918,-,181.3999939,-,1832,-,42.28048706,-71.08304596,-,20.68000031,-,16.15565109
Wed May 10 08:27:19 EDT 2017,10-May-2017 08:28:50.535,-71.08295784,42.28047002,7.51,4.0,-4.0,107.2,4.81533813,0.2148796,8.45632076,0.01880141,37.25490189,-0.08871288,0.22373948,0.00671157,-0.14045498,14.99114704,1011.64624023,-,181.3999939,-,2311,-,42.2804718,-71.08295441,-,24.95000076,-,19.26250648
Wed May 10 08:27:20 EDT 2017,10-May-2017 08:28:51.533,-71.08284929,42.28044533,9.15,4.0,-4.0,108.3,3.59968233,-0.57700258,7.84819317,-0.01419075,31.76470566,-0.11757847,0.06479721,-0.0111046,-0.08316254,13.86738205,1011.64819336,-,181.3999939,-,2420,-,42.2804451,-71.0828476,-,6.23999977,-,21.12662125
Wed May 10 08:27:21 EDT 2017,10-May-2017 08:28:52.532,-71.08273455,42.28041611,9.66,4.0,-4.0,109.6,4.36283398,-0.80983871,7.98286724,-0.01968491,34.90196228,-0.03588192,0.1044565,-0.07571876,-0.01812127,13.92480373,1011.71069336,-,181.3999939,-,1635,-,42.28041458,-71.08273315,-,12.60999966,-,21.12662125
Wed May 10 08:27:22 EDT 2017,10-May-2017 08:28:53.533,-71.08263402,42.28037952,9.56,5.0,-5.0,109.2,5.09605837,-0.29149407,8.93396378,0.11420846,35.68627548,0.0006778,0.17419586,0.04887246,-0.0035389,14.69013023,1011.61791992,-,181.3999939,-,1754,-,42.28038025,-71.08263397,-,17.55999947,-,22.9907341
Wed May 10 08:27:23 EDT 2017,10-May-2017 08:28:54.534,-71.08252239,42.28034102,10.02,5.0,-4.0,112.1,4.37360811,-0.0724246,8.24563026,-0.02009022,36.07843018,-0.04819388,0.14368872,0.04033046,-0.04264907,14.71839333,1011.62036133,-,181.3999939,-,1881,-,42.2803421,-71.08251953,-,20.29999924,-,24.85484695
Wed May 10 08:27:24 EDT 2017,10-May-2017 08:28:55.533,-71.08239418,42.28024742,11.44,4.0,-5.0,125.5,3.84329224,-0.67995328,7.15267754,0.06892972,34.50980377,-0.03939226,0.14387172,-0.01824328,-0.03532736,14.59053898,1011.68139648,-,181.3999939,-,2000,-,42.28024673,-71.08239746,-,16.88999939,-,26.71896172
Wed May 10 08:27:25 EDT 2017,10-May-2017 08:28:56.533,-71.08227748,42.28019028,12.11,4.0,-4.0,126.9,3.77685308,-0.28251579,8.76277828,0.00272883,31.76470566,-0.02655434,0.08285743,0.01891444,0.01006734,14.68071079,1011.5793457,-,181.3999939,-,2056,-,42.28018951,-71.08227539,-,11.09000015,-,27.34033203
Wed May 10 08:27:26 EDT 2017,10-May-2017 08:28:57.536,-71.08216768,42.28012048,12.48,3.0,-1.0,129.1,3.1513679,0.06165069,8.1510601,-0.04380137,31.37254906,-0.10884327,0.01909747,0.05399766,-0.05228925,14.11232376,1011.5690918,-,181.3999939,-,2017,-,42.28012085,-71.08216858,-,5.01000023,-,26.71896172
Wed May 10 08:27:27 EDT 2017,10-May-2017 08:28:58.534,-71.08207078,42.28004976,12.21,4.0,-1.0,130.5,3.11784911,0.1388637,8.90164185,0.02690524,30.98039246,-0.12061281,0.01629082,0.04130669,-0.06382103,29.39955139,1011.60522461,-,181.3999939,-,1908,-,42.28004837,-71.0820694,-,4.76000023,-,25.47621918
Wed May 10 08:27:28 EDT 2017,10-May-2017 08:28:59.534,-71.08197887,42.27998913,11.52,3.0,-2.0,131.0,3.52845478,-0.00418985,8.21929455,-0.0069712,32.15686417,-0.08789928,0.0575365,0.04728609,-0.04533365,13.8911581,1011.48974609,-,181.3999939,-,1841,-,42.27998734,-71.08197784,-,7.30999994,-,24.85484695
Wed May 10 08:27:29 EDT 2017,10-May-2017 08:29:00.539,-71.08187523,42.27992104,11.09,4.0,-2.0,131.4,3.69784451,-0.21547815,8.1163435,-0.00294849,32.15686417,-0.08083928,0.06973935,0.02507688,-0.04325919,13.70184612,1011.52294922,-,181.3999939,-,1795,-,42.27992249,-71.08187866,-,7.30999994,-,23.61210442
Wed May 10 08:27:30 EDT 2017,10-May-2017 08:29:01.533,-71.08178164,42.27985256,11.02,4.0,-2.0,132.6,4.24072981,0.15981296,8.23784924,0.00996262,34.50980377,-0.06888516,0.11586618,0.07340022,-0.05192324,13.428195,1011.45727539,-,181.3999939,-,1770,-,42.27985382,-71.08177948,-,12.15999985,-,23.61210442
Wed May 10 08:27:31 EDT 2017,10-May-2017 08:29:02.533,-71.08169295,42.27978371,10.81,4.0,-1.0,132.6,4.50349331,0.33279404,7.23408031,-0.06535268,35.68627548,-0.13040192,0.15692881,0.08163715,-0.14576323,13.75926781,1011.41308594,-,181.3999939,-,1805,-,42.27978516,-71.08169556,-,18.55999947,-,24.23347664
Wed May 10 08:27:32 EDT 2017,10-May-2017 08:29:03.532,-71.08158852,42.27971168,11.12,5.0,-1.0,132.2,4.43166733,-0.2136825,7.8463974,-0.01580065,35.68627548,-0.09600976,0.14655636,0.01208083,-0.09957541,14.16077328,1011.26708984,-,181.3999939,-,1889,-,42.27971268,-71.08158875,-,18.78000069,-,24.23347664
Wed May 10 08:27:33 EDT 2017,10-May-2017 08:29:04.532,-71.08147301,42.27963899,11.5,4.0,-1.0,131.9,4.52683687,-0.34835634,7.76738882,0.02601888,36.07843018,-0.01147472,0.14503101,-0.03441207,-0.00579641,14.95974445,1011.2434082,-,181.3999939,-,1946,-,42.2796402,-71.0814743,-,19.92000008,-,26.09758949
Wed May 10 08:27:34 EDT 2017,10-May-2017 08:29:05.532,-71.08136551,42.27956587,12.03,4.0,-1.0,132.7,3.96479797,-0.31663316,8.76876354,-0.00472879,33.72549057,-0.01814993,0.10201593,0.01543662,0.01067746,14.70986843,1011.18554688,-,181.3999939,-,1979,-,42.27956772,-71.08136749,-,12.34000015,-,26.09758949
Wed May 10 08:27:35 EDT 2017,10-May-2017 08:29:06.535,-71.08126695,42.27949167,12.37,5.0,-1.0,133.3,3.80558372,-0.54468089,8.44554615,0.01125377,32.94117737,-0.08603267,0.09109437,0.01086055,-0.0593059,14.88976097,1011.09936523,-,181.3999939,-,1941,-,42.27949142,-71.08126831,-,9.46000004,-,26.09758949
Wed May 10 08:27:36 EDT 2017,10-May-2017 08:29:07.533,-71.08116837,42.27941584,12.28,5.0,-1.0,134.1,3.94145465,-0.33818099,7.4292078,-0.0766719,33.33333206,-0.10255756,0.06565141,0.02709035,-0.06516327,14.70672894,1011.01269531,-,181.3999939,-,1890,-,42.27941513,-71.08116913,-,10.56000042,-,25.47621918
Wed May 10 08:27:37 EDT 2017,10-May-2017 08:29:08.533,-71.08106435,42.27933791,11.98,5.0,-1.0,134.3,4.17728329,-0.28670564,8.7394352,-0.00275921,32.94117737,-0.01182383,0.123676,0.01848734,0.00768782,14.98755741,1010.98510742,-,181.3999939,-,1868,-,42.27933884,-71.08106232,-,10.47999954,-,24.85484695
Wed May 10 08:27:38 EDT 2017,10-May-2017 08:29:09.538,-71.08096596,42.27926452,11.64,5.0,-1.0,133.7,4.04919386,-0.29568392,8.55687714,-0.01323146,33.33333206,-0.06979062,0.10842241,0.03984234,-0.04887245,14.68160725,1010.92919922,-,181.3999939,-,1855,-,42.27926636,-71.08096313,-,10.64000034,-,24.85484695
Wed May 10 08:27:39 EDT 2017,10-May-2017 08:29:10.533,-71.08086238,42.27919751,11.39,4.0,0.0,132.4,3.69066191,-0.05446809,7.90924549,-0.04493695,33.33333206,-0.13325693,0.09261973,0.05186216,-0.11190026,14.82740498,1010.85351562,-,181.3999939,-,1857,-,42.27919769,-71.08086395,-,10.56000042,-,24.85484695
Wed May 10 08:27:40 EDT 2017,10-May-2017 08:29:11.535,-71.08075738,42.27912753,11.33,4.0,0.0,132.2,4.26586866,-0.32381579,6.79354715,-0.11626714,37.64706039,-0.18133378,0.13270611,0.01470445,-0.19066978,14.8175354,1010.87182617,-,181.3999939,-,1891,-,42.27912903,-71.08075714,-,25.54999924,-,25.47621918
Wed May 10 08:27:41 EDT 2017,10-May-2017 08:29:12.533,-71.08065213,42.27905869,11.67,4.0,0.0,131.4,3.11904621,-0.14185645,8.43237877,-0.01805216,30.98039246,-0.14888814,-0.00622345,0.04655392,-0.0854811,14.06656361,1010.81030273,-,181.3999939,-,1907,-,42.27906036,-71.08065033,-,4.55999994,-,26.09758949
Wed May 10 08:27:42 EDT 2017,10-May-2017 08:29:13.533,-71.08053728,42.27900073,11.82,4.0,1.0,131.1,3.63080692,-0.2741361,8.42639256,-0.03990582,33.33333206,-0.06395832,0.06796995,0.01976864,-0.02422274,29.39955139,1010.81787109,-,181.3999939,-,1890,-,42.27899933,-71.08053589,-,4.86000013,-,25.47621918
Wed May 10 08:27:43 EDT 2017,10-May-2017 08:29:14.533,-71.08043339,42.27893223,11.54,3.0,1.0,131.5,3.45004463,-0.51415479,8.37791061,0.01947741,32.94117737,-0.07460234,0.04954362,-0.0046981,-0.02916484,14.0324707,1010.78710938,-,181.3999939,-,1913,-,42.27893066,-71.08043671,-,9.53999996,-,25.47621918
Wed May 10 08:27:44 EDT 2017,10-May-2017 08:29:15.538,-71.08032676,42.2788605,11.68,3.0,1.0,130.4,3.97437477,1.18812263,7.78833818,-0.03514892,33.33333206,-0.04466501,0.05161811,0.23386785,-0.01586375,14.16481018,1010.83007812,-,181.3999939,-,1884,-,42.278862,-71.0803299,-,10.17000008,-,25.47621918
Wed May 10 08:27:45 EDT 2017,10-May-2017 08:29:16.536,-71.08020901,42.2787998,11.54,3.0,1.0,126.4,3.79121828,2.19907427,7.92540598,-0.01145679,35.29411697,-0.07648764,0.08432177,0.27187976,-0.07529171,13.68300438,1010.81445312,-,181.3999939,-,1945,-,42.27880096,-71.08020782,-,16.88999939,-,26.09758949
Wed May 10 08:27:46 EDT 2017,10-May-2017 08:29:17.534,-71.08007255,42.27874837,11.97,3.0,2.0,116.5,3.71999097,1.22343707,7.90026712,-0.02467485,33.33333206,-0.10085921,0.07706109,0.17242645,-0.07785428,14.66141891,1010.80029297,-,181.3999939,-,2038,-,42.27874756,-71.0800705,-,10.31999969,-,27.34033203
Wed May 10 08:27:47 EDT 2017,10-May-2017 08:29:18.535,-71.07992891,42.27871083,12.52,4.0,1.0,110.4,3.83251834,-0.16938977,8.14686966,-0.03232608,34.50980377,-0.17517512,0.09377899,0.05747548,-0.15997954,15.05440044,1010.78100586,-,181.3999939,-,2103,-,42.27870941,-71.07992554,-,14.52000046,-,27.96170425
Wed May 10 08:27:48 EDT 2017,10-May-2017 08:29:19.533,-71.0797735,42.27868421,13.07,3.0,2.0,106.1,4.35924292,-0.9660604,8.27077007,0.0127008,37.25490189,-0.04156487,0.14222439,-0.05076391,-0.0400864,14.93327618,1010.82592773,-,181.3999939,-,2256,-,42.27868271,-71.07977295,-,26.54000092,-,30.44718933
Wed May 10 08:27:49 EDT 2017,10-May-2017 08:29:20.537,-71.07960681,42.27865281,13.92,3.0,1.0,106.0,3.68647218,-0.84096336,7.91882229,-0.0401327,31.37254906,-0.20315957,0.03563237,0.01189779,-0.16266416,14.49677944,1010.74414062,-,181.3999939,-,2420,-,42.27865219,-71.0796051,-,5.80000019,-,31.06855965
Wed May 10 08:27:50 EDT 2017,10-May-2017 08:29:21.533,-71.07944173,42.27861661,14.37,4.0,1.0,105.6,4.17907906,-0.00658405,8.78731918,0.05723745,34.90196228,-0.04770666,0.13996682,0.01952458,-0.04057451,15.70802307,1010.7722168,-,179.6000061,-,1831,-,42.27861786,-71.07944489,-,16.88999939,-,31.68992996
Wed May 10 08:27:51 EDT 2017,10-May-2017 08:29:22.533,-71.07926891,42.27858799,14.48,3.0,1.0,104.0,4.07193851,0.17717093,8.00980186,-0.00928435,34.90196228,-0.083565,0.11293749,0.06577343,-0.06668866,14.86374187,1010.85253906,-,179.6000061,-,1843,-,42.27858734,-71.07926941,-,15.89999962,-,32.31130219
Wed May 10 08:27:52 EDT 2017,10-May-2017 08:29:23.532,-71.07908865,42.27856459,14.94,3.0,1.0,101.5,3.69425321,0.28730419,7.96910048,-0.02865121,33.72549057,-0.10405256,0.04679797,0.05338752,-0.05832968,14.80003929,1010.74926758,-,179.6000061,-,1843,-,42.27856445,-71.0790863,-,15.89999962,-,32.93267441
Wed May 10 08:27:53 EDT 2017,10-May-2017 08:29:24.535,-71.07891214,42.27854314,15.19,3.0,1.0,99.1,3.58711267,-0.74339962,8.29411316,-0.01038247,31.76470566,-0.14946778,0.05997707,-0.01201982,-0.11623228,14.47928429,1010.67456055,-,179.6000061,-,1863,-,42.27854156,-71.07891083,-,6.51999998,-,32.93267441
Wed May 10 08:27:54 EDT 2017,10-May-2017 08:29:25.533,-71.07872589,42.27852241,15.15,3.0,1.0,98.6,3.84269381,0.15682021,8.40783787,0.00782138,34.11764908,-0.05720289,0.08956902,0.06369894,-0.02611415,14.56451988,1010.73486328,-,179.6000061,-,1867,-,42.27852249,-71.07872772,-,12.60999966,-,33.55404282
Wed May 10 08:27:55 EDT 2017,10-May-2017 08:29:26.539,-71.07854933,42.27850423,15.28,4.0,1.0,98.9,4.22157621,-0.2112883,8.16602325,0.00266761,35.68627548,-0.09178492,0.11879486,0.02989701,-0.07895257,14.6318121,1010.72460938,-,179.6000061,-,1932,-,42.27850342,-71.07855225,-,18.78000069,-,34.17541504
Wed May 10 08:27:56 EDT 2017,10-May-2017 08:29:27.536,-71.07834681,42.27848479,15.69,4.0,1.0,98.0,3.69245768,-0.20530279,8.36534119,0.01092474,33.33333206,-0.04520418,0.11202227,0.01714502,-0.02379558,14.36847782,1010.72094727,-,179.6000061,-,1965,-,42.27848434,-71.07834625,-,10.64000034,-,34.79678726
Wed May 10 08:27:57 EDT 2017,10-May-2017 08:29:28.536,-71.07816697,42.2784808,15.99,3.0,0.0,97.5,3.62541986,-0.13706805,8.31446362,-0.01690543,32.15686417,-0.07496082,0.06742081,0.03374091,-0.03563242,14.34111309,1010.67431641,-,179.6000061,-,1976,-,42.27848053,-71.07817078,-,7.17000008,-,35.41815948
Wed May 10 08:27:58 EDT 2017,10-May-2017 08:29:29.545,-71.07797262,42.27845806,16.05,4.0,1.0,97.7,3.29083014,-0.52732295,7.90505552,-0.06014812,30.98039246,-0.08521997,0.00787085,0.02666325,-0.02312441,13.96787071,1010.70581055,-,179.6000061,-,1935,-,42.27845764,-71.07797241,-,4.96000004,-,34.79678726
Wed May 10 08:27:59 EDT 2017,10-May-2017 08:29:30.533,-71.07778199,42.27844151,15.97,3.0,1.0,98.1,3.03285503,-0.24899697,7.81407595,-0.07984221,30.98039246,-0.09059849,-0.00671157,0.11781863,-0.0262972,29.39955139,1010.76318359,-,179.6000061,-,1930,-,42.27844238,-71.07778168,-,4.80999994,-,34.17541504
Wed May 10 08:28:00 EDT 2017,10-May-2017 08:29:31.533,-71.077593,42.27842295,15.7,4.0,2.0,97.9,3.22618675,0.1376666,8.90523338,-0.0072884,30.98039246,-0.03406223,0.02672427,0.06174649,0.02458876,29.39955139,1010.80419922,-,179.6000061,-,1903,-,42.27842331,-71.07759094,-,4.65999985,-,33.55404282
Wed May 10 08:28:01 EDT 2017,10-May-2017 08:29:32.532,-71.07739837,42.27840503,15.46,4.0,1.0,97.9,3.37043738,0.1412579,7.90804815,-0.03646385,31.76470566,-0.11968139,0.02135501,0.04252698,-0.06479726,14.44922733,1010.78173828,-,179.6000061,-,1894,-,42.27840424,-71.07740021,-,6.03000021,-,33.55404282
Wed May 10 08:28:02 EDT 2017,10-May-2017 08:29:33.533,-71.07721234,42.27838286,15.4,4.0,2.0,98.0,3.72477937,-0.18255788,8.16961479,-0.00662924,31.76470566,-0.08424085,0.0775492,0.02910382,-0.05039785,13.33353806,1010.91064453,-,179.6000061,-,1904,-,42.27838135,-71.07720947,-,5.8499999,-,33.55404282
Wed May 10 08:28:03 EDT 2017,10-May-2017 08:29:34.541,-71.07703464,42.27835901,15.45,4.0,2.0,98.2,3.57933164,-0.37409401,7.78474665,-0.06040776,31.76470566,-0.22487625,-0.01775516,0.04203886,-0.16242011,13.67178917,1010.89868164,-,179.6000061,-,1911,-,42.27835846,-71.077034,-,6.40999985,-,34.17541504
Wed May 10 08:28:04 EDT 2017,10-May-2017 08:29:35.537,-71.07684178,42.27833852,15.55,4.0,2.0,97.5,3.82234311,-0.00418985,8.09060574,-0.02251464,31.76470566,-0.05551571,0.04386928,0.02269732,-0.0050642,13.54976845,1010.98095703,-,179.6000061,-,1930,-,42.27833939,-71.07684326,-,6.46000004,-,34.17541504
Wed May 10 08:28:05 EDT 2017,10-May-2017 08:29:36.533,-71.07664885,42.27832456,15.65,4.0,1.0,97.3,3.18847823,-0.20051439,8.37551594,-0.01092753,30.98039246,-0.08591177,0.02288038,0.0272734,-0.02940894,13.38782024,1010.98046875,-,179.6000061,-,1922,-,42.27832413,-71.07665253,-,4.76000023,-,34.79678726
Wed May 10 08:28:06 EDT 2017,10-May-2017 08:29:37.533,-71.07646076,42.27830267,15.68,4.0,2.0,97.5,4.02166033,-0.08140286,8.96329308,0.02568554,32.15686417,-0.06527849,0.0375238,0.03386294,-0.01281307,13.77497005,1010.9777832,-,179.6000061,-,1918,-,42.27830124,-71.07646179,-,6.9000001,-,34.17541504
Wed May 10 08:28:07 EDT 2017,10-May-2017 08:29:38.533,-71.07627647,42.27827183,15.66,3.0,1.0,98.5,3.70323157,0.07062895,8.70831013,0.03000218,32.94117737,-0.0628327,0.05741447,0.07217994,-0.01842633,13.91224384,1010.95947266,-,179.6000061,-,1937,-,42.27827072,-71.07627869,-,9.77000046,-,34.79678726
Wed May 10 08:28:08 EDT 2017,10-May-2017 08:29:39.533,-71.07608811,42.27825687,15.75,4.0,1.0,97.8,3.34170699,-0.03052607,8.50061321,-0.00357199,32.15686417,-0.06860013,0.03850003,0.04460146,-0.01665693,13.29181767,1011.01977539,-,179.6000061,-,1943,-,42.27825546,-71.07608795,-,7.65999985,-,34.79678726
Wed May 10 08:28:09 EDT 2017,10-May-2017 08:29:40.534,-71.07588735,42.27823879,15.86,4.0,0.0,98.1,3.83551121,-0.53929394,7.60637903,-0.064547,34.90196228,-0.08524416,0.06589547,0.03807293,-0.04612682,13.90192509,1011.02001953,-,179.6000061,-,1940,-,42.2782402,-71.07588959,-,14.42000008,-,34.17541504
Wed May 10 08:28:10 EDT 2017,10-May-2017 08:29:41.533,-71.07569448,42.27821026,15.82,4.0,0.0,98.4,3.63140535,0.5327099,9.46787071,-0.10045405,33.72549057,-0.23177013,0.07053255,0.07217994,-0.21214679,14.16570663,1010.95507812,-,179.6000061,-,1949,-,42.27820969,-71.07569122,-,14.21000004,-,34.79678726
Wed May 10 08:28:11 EDT 2017,10-May-2017 08:29:42.532,-71.07550824,42.2781946,15.89,3.0,0.0,98.1,3.56436777,0.0047884,8.04092598,-0.00980878,32.94117737,-0.10310625,0.06119736,0.0482013,-0.06351597,14.87405968,1010.94189453,-,179.6000061,-,1933,-,42.27819443,-71.07550812,-,9.46000004,-,34.17541504
Wed May 10 08:28:12 EDT 2017,10-May-2017 08:29:43.534,-71.07531225,42.27817378,15.67,3.0,1.0,97.9,3.93127918,0.28790274,8.38269901,0.00961053,34.90196228,-0.15358645,0.07883049,0.00030507,-0.1291673,15.07234478,1010.8996582,-,179.6000061,-,1930,-,42.27817535,-71.07530975,-,13.69999981,-,34.17541504
Wed May 10 08:28:13 EDT 2017,10-May-2017 08:29:44.540,-71.07513127,42.27816269,15.74,3.0,0.0,97.2,3.89357042,-0.20410569,8.33481503,0.00333476,34.90196228,-0.1025341,0.10500564,0.0017084,-0.08505399,15.14008427,1010.83911133,-,179.6000061,-,1956,-,42.27816391,-71.07513428,-,15.13000011,-,34.79678726
Wed May 10 08:28:14 EDT 2017,10-May-2017 08:29:45.537,-71.07494156,42.27814312,15.89,3.0,0.0,98.0,3.69724607,0.11013328,8.48265648,0.0056913,33.33333206,-0.05635075,0.07474254,0.05893982,-0.01848738,15.09208393,1010.76196289,-,179.6000061,-,1967,-,42.27814484,-71.07494354,-,11.27000046,-,34.79678726
Wed May 10 08:28:15 EDT 2017,10-May-2017 08:29:46.534,-71.07475988,42.27812966,15.94,3.0,2.0,97.9,2.86406374,-0.84814596,10.33397293,0.00929016,33.33333206,-0.16891535,0.03685266,-0.00616245,-0.12660474,14.57079983,1010.73535156,-,179.6000061,-,1947,-,42.27812958,-71.07476044,-,8.53999996,-,34.79678726
Wed May 10 08:28:16 EDT 2017,10-May-2017 08:29:47.532,-71.0745715,42.27810853,15.78,3.0,3.0,98.6,3.64337635,0.29688102,8.39766216,0.00447297,34.90196228,-0.06606546,0.06925124,0.07797629,-0.02715143,14.8498354,1010.69506836,-,179.6000061,-,1949,-,42.27810669,-71.0745697,-,15.02999973,-,34.79678726
Wed May 10 08:28:17 EDT 2017,10-May-2017 08:29:48.534,-71.07436684,42.2780903,15.81,3.0,3.0,98.6,3.82533574,0.9756372,7.71711063,-0.05103838,34.11764908,-0.11608274,0.08779959,0.14716652,-0.09652467,14.57708168,1010.61181641,-,179.6000061,-,1957,-,42.27809143,-71.07436371,-,12.43000031,-,34.79678726
Wed May 10 08:28:18 EDT 2017,10-May-2017 08:29:49.532,-71.07417656,42.27807187,15.92,3.0,4.0,97.4,3.84808064,0.40821138,7.94037008,-0.03423482,35.68627548,-0.07502477,0.12074731,0.10067362,-0.06260069,15.02793312,1010.51953125,-,179.6000061,-,1973,-,42.27807236,-71.07417297,-,18.34000015,-,34.79678726
Wed May 10 08:28:19 EDT 2017,10-May-2017 08:29:50.534,-71.07398572,42.27805806,16.05,3.0,5.0,95.4,3.57633877,0.70389527,8.1504612,-0.01273426,33.33333206,-0.08956026,0.06241764,0.11946601,-0.0523503,14.51248074,1010.53662109,-,179.6000061,-,1990,-,42.2780571,-71.07398224,-,10.09000015,-,35.41815948
Wed May 10 08:28:20 EDT 2017,10-May-2017 08:29:51.532,-71.07379138,42.27804703,16.21,3.0,5.0,94.6,3.54401708,-0.18674773,8.64606094,0.00678734,32.15686417,-0.0469646,0.05912287,0.02867673,-0.00183045,14.36130142,1010.5078125,-,179.6000061,-,1973,-,42.27804565,-71.0737915,-,7.59000015,-,34.79678726
Wed May 10 08:28:21 EDT 2017,10-May-2017 08:29:52.533,-71.07359802,42.27803396,16.1,4.0,5.0,94.0,3.42370844,0.31364042,8.16901588,-0.03118676,32.15686417,-0.06048713,0.04441842,0.06113634,-0.0103725,14.49453735,1010.54052734,-,179.6000061,-,1956,-,42.27803421,-71.07360077,-,7.59000015,-,34.79678726
Wed May 10 08:28:22 EDT 2017,10-May-2017 08:29:53.532,-71.0734053,42.27802691,15.96,4.0,5.0,92.9,3.55838227,0.47285482,8.59338856,0.01468378,32.54901886,-0.05033813,0.06058721,0.0959145,-0.00719971,14.55734158,1010.55371094,-,179.6000061,-,1945,-,42.27802658,-71.0734024,-,8.31000042,-,34.79678726
Wed May 10 08:28:23 EDT 2017,10-May-2017 08:29:54.533,-71.0732221,42.2780136,15.82,3.0,5.0,90.6,3.8486793,-0.05626374,9.55705452,0.11560583,32.15686417,-0.14753811,-0.01714502,0.24979259,-0.10592089,14.49812603,1010.50537109,-,181.3999939,-,1934,-,42.27801514,-71.0732193,-,7.38000011,-,34.17541504
Wed May 10 08:28:24 EDT 2017,10-May-2017 08:29:55.536,-71.07303751,42.27802165,15.78,3.0,5.0,88.6,3.58771133,0.39923313,8.42399883,-0.01932347,32.15686417,-0.09997579,0.05320448,0.1611388,-0.06443115,14.52593994,1010.54418945,-,181.3999939,-,1951,-,42.27802277,-71.07303619,-,7.44999981,-,34.79678726
Wed May 10 08:28:25 EDT 2017,10-May-2017 08:29:56.532,-71.07283872,42.27803291,15.9,4.0,5.0,85.8,3.47937369,0.68055183,7.98226833,-0.0141923,32.15686417,-0.1093621,0.05253333,0.11708646,-0.06949534,14.57169724,1010.62402344,-,181.3999939,-,1960,-,42.27803421,-71.07283783,-,7.38000011,-,34.79678726
Wed May 10 08:28:26 EDT 2017,10-May-2017 08:29:57.532,-71.07264347,42.27804702,16.02,4.0,4.0,85.3,3.04961443,0.72843587,7.09820938,-0.14363903,31.76470566,-0.06272379,0.04399131,0.08767757,-0.01342318,14.65738106,1010.64990234,-,181.3999939,-,1980,-,42.27804565,-71.07264709,-,7.0999999,-,35.41815948
Wed May 10 08:28:27 EDT 2017,10-May-2017 08:29:58.535,-71.07245391,42.27806365,16.15,3.0,5.0,84.1,3.07056379,0.67456633,7.51779318,-0.10400575,31.37254906,-0.08875523,0.05430273,0.07870845,-0.04545565,14.10469627,1010.64550781,-,181.3999939,-,1997,-,42.27806473,-71.07245636,-,5.73999977,-,35.41815948
Wed May 10 08:28:28 EDT 2017,10-May-2017 08:29:59.532,-71.07225205,42.2780787,16.29,3.0,4.0,81.6,3.38360548,-0.05865794,8.19595051,-0.04189673,30.98039246,-0.09580534,0.04277103,0.04173379,-0.04771327,21.32190704,1010.67578125,-,181.3999939,-,2005,-,42.27807999,-71.07225037,-,4.86000013,-,35.41815948
Wed May 10 08:28:29 EDT 2017,10-May-2017 08:30:00.536,-71.07204727,42.27810242,16.27,3.0,5.0,80.9,3.39378095,0.75118077,7.77756405,-0.01185321,30.98039246,-0.0430461,0.01824327,0.10726316,0.01622977,29.39955139,1010.78833008,-,181.3999939,-,1988,-,42.27810287,-71.07204437,-,5.01000023,-,35.41815948
Wed May 10 08:28:30 EDT 2017,10-May-2017 08:30:01.535,-71.07184935,42.27812444,16.39,4.0,6.0,81.1,3.06397963,0.9331401,7.80928755,-0.07630481,30.98039246,-0.12620293,-0.00488114,0.10756823,-0.06400409,29.39955139,1010.7902832,-,181.3999939,-,1970,-,42.27812576,-71.07184601,-,4.90999985,-,35.41815948
Wed May 10 08:28:31 EDT 2017,10-May-2017 08:30:02.532,-71.07166334,42.2781542,16.09,3.0,4.0,79.1,2.96821165,0.87567925,8.13549709,-0.04737371,30.98039246,-0.11241679,0.00042711,0.13697714,-0.0538757,29.39955139,1010.88818359,-,181.3999939,-,1964,-,42.27815247,-71.0716629,-,4.90999985,-,35.41815948
Wed May 10 08:28:32 EDT 2017,10-May-2017 08:30:03.536,-71.07147367,42.27819459,16.18,3.0,3.0,75.7,2.71861601,0.51116204,8.26598167,-0.04611444,30.98039246,-0.11898538,0.00097623,0.07895251,-0.05686533,29.39955139,1010.89160156,-,181.3999939,-,1966,-,42.27819443,-71.07147217,-,4.90999985,-,34.79678726
Wed May 10 08:28:33 EDT 2017,10-May-2017 08:30:04.532,-71.07128156,42.27822931,15.94,3.0,3.0,75.0,2.04285264,0.04070143,7.06768322,-0.12274163,30.98039246,-0.24978368,-0.09390102,0.05186216,-0.16272523,29.39955139,1011.12475586,-,181.3999939,-,1917,-,42.27822876,-71.07128143,-,4.80999994,-,34.17541504
Wed May 10 08:28:34 EDT 2017,10-May-2017 08:30:05.534,-71.07109539,42.27827314,15.37,3.0,3.0,74.0,2.64439583,0.02154781,8.5778265,-0.00979437,30.98039246,-0.084681,-0.03258163,0.04990971,-0.00878605,29.39955139,1011.18969727,-,181.3999939,-,1845,-,42.27827454,-71.07109833,-,4.61000013,-,32.93267441
Wed May 10 08:28:35 EDT 2017,10-May-2017 08:30:06.535,-71.07093082,42.27831824,15.03,3.0,2.0,71.9,2.35948586,0.44831428,8.55089092,-0.02927428,30.98039246,-0.06488772,-0.03563235,0.02953093,0.01262991,29.39955139,1011.29370117,-,181.3999939,-,1795,-,42.2783165,-71.07093048,-,4.40999985,-,31.68992996
Wed May 10 08:28:36 EDT 2017,10-May-2017 08:30:07.534,-71.07075659,42.27836844,14.59,3.0,1.0,71.1,1.95127439,-0.19153613,8.91121864,-0.00454557,30.98039246,-0.06957406,-0.10323621,0.02818861,0.02519887,29.39955139,1011.36376953,-,181.3999939,-,1695,-,42.2783699,-71.070755,-,4.23000002,-,30.44718933
Wed May 10 08:28:37 EDT 2017,10-May-2017 08:30:08.535,-71.07060119,42.27841229,13.68,3.0,0.0,70.0,1.90159476,0.06105214,8.62152004,0.00924161,30.58823586,-0.09969741,-0.1083004,0.05393665,-0.00433207,29.39955139,1011.5324707,-,181.3999939,-,1565,-,42.27841187,-71.07060242,-,3.95000005,-,27.96170425
Wed May 10 08:28:38 EDT 2017,10-May-2017 08:30:09.538,-71.07045844,42.2784509,12.8,3.0,-1.0,68.5,2.91194773,1.17495453,9.6582098,0.0837551,30.19607925,-0.19768916,-0.18200569,0.0221482,-0.0906063,29.39955139,1011.61230469,-,181.3999939,-,1061,-,42.27845001,-71.07045746,-,3.45000005,-,26.09758949
Wed May 10 08:28:39 EDT 2017,10-May-2017 08:30:10.534,-71.07033637,42.27848663,11.71,3.0,-1.0,67.7,1.46166015,-0.06404489,9.72943687,-0.00906788,30.19607925,0.00328103,-0.15314592,0.04118466,0.10860541,15.26883602,1011.78759766,-,181.3999939,-,916,-,42.27848816,-71.07033539,-,3.05999994,-,22.36936378
Wed May 10 08:28:40 EDT 2017,10-May-2017 08:30:11.533,-71.07022266,42.27851757,10.26,3.0,-2.0,67.1,3.27107811,-0.4357447,9.71567059,0.11129963,30.58823586,-0.09645295,-0.04441842,0.09835507,-0.01897549,14.58470726,1011.77587891,-,181.3999939,-,1561,-,42.27851868,-71.07022095,-,3.78999996,-,21.12662125
Wed May 10 08:28:41 EDT 2017,10-May-2017 08:30:12.539,-71.07011212,42.27855236,9.57,3.0,-3.0,66.2,3.4398694,-0.33159694,7.5932107,-0.08423263,30.58823586,-0.13476941,-0.0818812,-0.06113634,-0.0538757,29.39955139,1011.86914062,-,181.3999939,-,1560,-,42.27855301,-71.07011414,-,3.82999992,-,20.50524902
Wed May 10 08:28:42 EDT 2017,10-May-2017 08:30:13.533,-71.0700109,42.27858637,9.5,3.0,-4.0,66.3,3.23636222,0.16460137,8.84537792,-0.03224021,30.58823586,-0.03939785,0.02776152,0.06449213,0.01848728,29.39955139,1011.93945312,-,181.3999939,-,1567,-,42.27858734,-71.07000732,-,3.82999992,-,20.50524902
Wed May 10 08:28:43 EDT 2017,10-May-2017 08:30:14.536,-71.06990999,42.27861971,9.56,3.0,-4.0,65.8,3.53683448,-0.13946225,8.97945309,-0.00748783,30.58823586,-0.04695837,0.01256896,0.02403964,0.01574165,29.39955139,1011.99243164,-,181.3999939,-,1572,-,42.27861786,-71.06990814,-,3.67000008,-,21.12662125
Wed May 10 08:28:44 EDT 2017,10-May-2017 08:30:15.533,-71.06979746,42.27865589,9.67,4.0,-4.0,65.9,3.82114601,-0.4417302,9.06265163,0.0689342,32.94117737,-0.10759951,0.1044565,-0.00061014,-0.0906063,18.82674789,1012.12060547,-,181.3999939,-,1599,-,42.27865601,-71.0697937,-,9.93000031,-,21.74799156
Wed May 10 08:28:45 EDT 2017,10-May-2017 08:30:16.534,-71.06968711,42.27869126,9.96,4.0,-4.0,65.5,3.95941114,-0.48482585,7.98346567,-0.02491301,34.50980377,-0.08994848,0.10146681,-0.0017084,-0.06937329,14.07239628,1012.14697266,-,181.3999939,-,1754,-,42.27869034,-71.06968689,-,12.25,-,23.61210442
Wed May 10 08:28:46 EDT 2017,10-May-2017 08:30:17.533,-71.06956589,42.27873017,10.81,3.0,-3.0,65.1,4.4089222,1.00496614,9.10933876,0.10204196,34.11764908,-0.19715874,0.06595647,0.09207059,-0.17138922,13.63590145,1012.14013672,-,181.3999939,-,1892,-,42.27872849,-71.06956482,-,12.78999996,-,25.47621918
Wed May 10 08:28:47 EDT 2017,10-May-2017 08:30:18.533,-71.06944615,42.27876474,11.09,4.0,-4.0,65.9,4.00130939,0.08439561,7.68838024,-0.0750733,34.50980377,-0.1999585,0.05198419,0.12410311,-0.17016894,13.5672636,1012.18115234,-,181.3999939,-,2039,-,42.27876663,-71.06944275,-,14.10999966,-,27.34033203
Wed May 10 08:28:48 EDT 2017,10-May-2017 08:30:19.533,-71.06931818,42.27880509,11.55,4.0,-5.0,66.3,3.91751242,0.14963761,8.37491798,0.01388296,36.07843018,-0.05705994,0.09719579,0.06296677,-0.0294699,14.52279949,1012.24926758,-,181.3999939,-,2207,-,42.27880478,-71.06932068,-,19.92000008,-,28.58307457
Wed May 10 08:28:49 EDT 2017,10-May-2017 08:30:20.532,-71.0691752,42.2788497,12.26,5.0,-5.0,66.2,3.67749381,-0.21188685,8.47008705,0.00687605,31.37254906,-0.12636422,0.00988431,0.06980037,-0.06778695,14.32272053,1012.26269531,-,181.3999939,-,2351,-,42.27885056,-71.06917572,-,5.28999996,-,30.44718933
Wed May 10 08:28:50 EDT 2017,10-May-2017 08:30:21.533,-71.0690019,42.27890391,13.99,4.0,-6.0,65.9,3.53084898,0.25737667,8.17919159,-0.02614403,32.54901886,-0.09117991,0.05778056,0.07394934,-0.04942162,15.22532082,1012.26220703,-,181.3999939,-,1772,-,42.27890396,-71.06900024,-,8.38000011,-,31.06855965
Wed May 10 08:28:51 EDT 2017,10-May-2017 08:30:22.533,-71.06884619,42.27894929,14.29,4.0,-6.0,65.5,3.36983895,0.12689269,7.99962664,0.02093434,32.54901886,-0.11474808,0.04136771,0.06064823,-0.0677259,15.10958004,1012.23901367,-,179.6000061,-,1781,-,42.27894974,-71.06884766,-,7.94000006,-,31.68992996
Wed May 10 08:28:52 EDT 2017,10-May-2017 08:30:23.533,-71.06868614,42.27900757,14.51,4.0,-6.0,65.5,3.60028076,-0.99239659,8.04272175,0.01878294,32.15686417,-0.17725122,0.0558281,0.05796359,-0.14277349,14.98217487,1012.27929688,-,179.6000061,-,1793,-,42.27900696,-71.06868744,-,6.9000001,-,31.68992996
Wed May 10 08:28:53 EDT 2017,10-May-2017 08:30:24.539,-71.06854322,42.27906638,14.61,4.0,-6.0,64.0,3.69964027,-0.1412579,8.46769333,0.01978394,31.76470566,-0.05760831,0.0749866,0.03331381,-0.02001267,14.97365093,1012.36474609,-,179.6000061,-,1782,-,42.27906799,-71.06854248,-,6.07999992,-,31.68992996
Wed May 10 08:28:54 EDT 2017,10-May-2017 08:30:25.539,-71.06839473,42.27913168,14.55,4.0,-7.0,64.4,3.4506433,-0.35913026,9.09437561,0.05756146,31.37254906,-0.0348019,0.05552302,-0.02989701,0.00957923,15.01402569,1012.36157227,-,181.3999939,-,1762,-,42.27913284,-71.06839752,-,4.86000013,-,31.06855965
Wed May 10 08:28:55 EDT 2017,10-May-2017 08:30:26.532,-71.0682398,42.27918309,14.44,4.0,-9.0,67.0,3.50630832,-0.35793316,8.2103157,-0.02386349,31.37254906,-0.10470542,0.07895251,0.03660859,-0.07346126,15.03510952,1012.25732422,-,181.3999939,-,1728,-,42.27918243,-71.0682373,-,5.4000001,-,31.06855965
Wed May 10 08:28:56 EDT 2017,10-May-2017 08:30:27.532,-71.06808934,42.27923337,14.03,4.0,-6.0,66.0,3.62123013,-0.80026191,8.22587872,-0.10363016,30.98039246,-0.07988592,0.06699372,-0.03386294,-0.04466248,14.91219139,1012.30371094,-,181.3999939,-,1703,-,42.27923203,-71.06809235,-,4.71000004,-,30.44718933
Wed May 10 08:28:57 EDT 2017,10-May-2017 08:30:28.533,-71.06793698,42.27929135,13.87,4.0,-8.0,65.7,5.03919601,-0.89124161,8.06187534,-0.02598646,30.98039246,-0.0923822,0.04118466,0.03465613,-0.04344225,29.39955139,1012.28491211,-,181.3999939,-,1665,-,42.27929306,-71.06793976,-,4.07000017,-,29.20444679
Wed May 10 08:28:58 EDT 2017,10-May-2017 08:30:29.533,-71.06776747,42.27935146,15.22,4.0,-7.0,63.6,3.05500126,-0.41359833,8.50181007,-0.01278847,30.58823586,-0.06509693,-0.00787085,-0.00665056,0.00219646,29.39955139,1012.39746094,-,181.3999939,-,1602,-,42.27935028,-71.06776428,-,4.07000017,-,28.58307457
Wed May 10 08:28:59 EDT 2017,10-May-2017 08:30:30.533,-71.06764334,42.27938354,13.19,4.0,-6.0,66.6,3.13640428,-0.35673606,8.37731171,-0.02208519,30.58823586,-0.08711965,0.01757213,0.01134866,-0.02922589,29.39955139,1012.44238281,-,181.3999939,-,1567,-,42.27938461,-71.06764221,-,3.86999989,-,27.96170425
Wed May 10 08:29:00 EDT 2017,10-May-2017 08:30:31.537,-71.06749785,42.27943491,12.71,4.0,-7.0,67.3,2.47560453,-0.219668,8.91780281,0.00904137,30.58823586,-0.09401955,-0.01592473,0.01903646,-0.0244058,29.39955139,1012.41674805,-,181.3999939,-,1526,-,42.2794342,-71.06749725,-,3.78999996,-,27.34033203
Wed May 10 08:29:01 EDT 2017,10-May-2017 08:30:32.533,-71.06737422,42.27946884,12.32,3.0,-6.0,67.8,3.01848984,0.64643449,7.4268136,-0.04936843,30.58823586,-0.18349327,-0.13758728,-0.13057062,-0.10384638,29.39955139,1012.41723633,-,181.3999939,-,1426,-,42.27946854,-71.06737518,-,3.52999997,-,24.85484695
Wed May 10 08:29:02 EDT 2017,10-May-2017 08:30:33.538,-71.06724538,42.27950969,11.43,3.0,-7.0,67.9,2.00933385,-0.79008657,9.19014359,0.0444676,30.19607925,-0.03735117,-0.09731781,-0.0328257,0.05363159,15.51512051,1012.52856445,-,181.3999939,-,840,-,42.2795105,-71.06724548,-,3.16000009,-,22.36936378
Wed May 10 08:29:03 EDT 2017,10-May-2017 08:30:34.532,-71.06713463,42.27953659,10.31,3.0,-8.0,69.7,1.73998606,-0.04548983,8.70831013,-0.02939826,30.19607925,-0.10126299,-0.14362769,0.01671792,0.00061012,14.55509949,1012.58007812,-,181.3999939,-,881,-,42.2795372,-71.06713104,-,2.94000006,-,21.12662125
Wed May 10 08:29:04 EDT 2017,10-May-2017 08:30:35.535,-71.06702806,42.27957614,9.05,3.0,-9.0,69.2,1.40180504,0.07422026,9.00878239,-0.00524551,30.19607925,-0.03176306,-0.11074097,0.01665691,0.06510222,14.08226681,1012.59814453,-,181.3999939,-,866,-,42.27957535,-71.06703186,-,3.02999997,-,16.77702141
Wed May 10 08:29:05 EDT 2017,10-May-2017 08:30:36.533,-71.06693792,42.27959757,7.7,4.0,-9.0,70.9,1.70407307,0.13108255,11.38203526,0.03186889,30.19607925,0.17365642,-0.12843512,0.06107533,0.27706599,13.71844482,1012.67675781,-,181.3999939,-,882,-,42.27959824,-71.06694031,-,3,-,13.67016602
Wed May 10 08:29:06 EDT 2017,10-May-2017 08:30:37.538,-71.06686518,42.27961903,6.24,4.0,-9.0,69.5,2.11108732,-0.15861586,8.64785671,-0.00692921,30.19607925,-0.07241207,-0.06247864,0.01964661,0.0121418,13.5672636,1012.70166016,-,181.3999939,-,883,-,42.27961731,-71.06686401,-,3.05999994,-,10.56331062
Wed May 10 08:29:07 EDT 2017,10-May-2017 08:30:38.541,-71.06681008,42.27963336,5.01,3.0,-10.0,67.8,2.46902061,0.11731588,8.53293514,-0.01138563,30.19607925,-0.09411084,-0.05045882,0.05967199,-0.01336213,13.58475876,1012.75048828,-,181.3999939,-,876,-,42.27963257,-71.06681061,-,3.02999997,-,8.69919682
Wed May 10 08:29:08 EDT 2017,10-May-2017 08:30:39.532,-71.06677112,42.27965426,3.93,3.0,-9.0,71.8,1.93391645,-0.33578679,8.78851604,-0.01670855,30.19607925,-0.08174119,-0.10500563,0.01348416,0.01269096,13.69242573,1012.77954102,-,181.3999939,-,817,-,42.27965546,-71.06677246,-,2.94000006,-,6.83508301
Wed May 10 08:29:09 EDT 2017,10-May-2017 08:30:40.534,-71.06673597,42.27966156,3.15,4.0,-10.0,69.7,2.09672213,-0.28131869,8.9363575,0.00146723,30.19607925,-0.08259498,-0.0968297,0.02617514,0.0103724,13.65967655,1012.83789062,-,181.3999939,-,815,-,42.27966309,-71.06673431,-,2.91000009,-,4.34959841
Wed May 10 08:29:10 EDT 2017,10-May-2017 08:30:41.538,-71.06670992,42.27966531,1.98,4.0,-10.0,69.7,2.45824671,-0.21667525,8.57004452,-0.00746696,30.19607925,-0.0905893,-0.05155708,0.02562601,-0.00957932,13.65967655,1012.79272461,-,181.3999939,-,810,-,42.2796669,-71.06671143,-,3,-,2.48548484
Wed May 10 08:29:11 EDT 2017,10-May-2017 08:30:42.537,-71.06669503,42.2796678,1.1,3.0,-10.0,69.7,2.69886398,-0.12090719,8.80587387,-0.01260487,30.19607925,-0.09169136,-0.03245961,0.02934788,-0.01635187,13.70722866,1012.80249023,-,181.3999939,-,811,-,42.2796669,-71.06669617,-,2.97000003,-,1.24274242
Wed May 10 08:29:12 EDT 2017,10-May-2017 08:30:43.538,-71.06668723,42.2796687,0.64,3.0,-10.0,69.7,3.08911872,-0.16519992,8.56226349,-0.00662404,30.19607925,-0.08459291,0.01470445,0.03215454,-0.02483286,13.65698528,1012.80322266,-,181.3999939,-,819,-,42.2796669,-71.06668854,-,2.94000006,-,0.62137121
Wed May 10 08:29:13 EDT 2017,10-May-2017 08:30:44.543,-71.06668648,42.27966546,0.28,4.0,-11.0,69.7,3.03644633,-0.16101007,8.42280197,-0.021824,30.19607925,-0.08685837,0.00738274,0.03130034,-0.02458876,13.55245876,1012.82348633,-,181.3999939,-,799,-,42.2796669,-71.06668854,-,2.81999993,-,0
Wed May 10 08:29:14 EDT 2017,10-May-2017 08:30:45.534,-71.06668228,42.27966932,0.18,4.0,-11.0,69.7,3.06876802,-0.15562311,8.38030434,-0.02477974,30.19607925,-0.06313094,0.01086056,0.03288671,-0.00061022,13.66999435,1012.75927734,-,181.3999939,-,806,-,42.27967072,-71.06668091,-,2.74000001,-,0
Wed May 10 08:29:15 EDT 2017,10-May-2017 08:30:46.532,-71.06667369,42.27967054,0.0,3.0,-12.0,0.0,3.22798252,-0.10534488,8.5628624,-0.01280674,30.19607925,-0.07891565,0.03245961,0.0289818,-0.02556498,13.58475876,1012.77172852,-,181.3999939,-,792,-,42.27967072,-71.06667328,-,2.61999989,-,0
Wed May 10 08:29:16 EDT 2017,10-May-2017 08:30:47.537,-71.0666725,42.2796707,0.16,4.0,-12.0,69.7,3.14598107,-0.14604631,8.45213032,-0.00796919,30.19607925,-0.080235,0.01854836,0.0328257,-0.02159912,13.63186264,1012.80566406,-,181.3999939,-,782,-,42.27967072,-71.06667328,-,2.56999993,-,0
