Wed May 10 08:29:17 EDT 2017,10-May-2017 08:30:48.533,-71.06666265,42.27966565,0.28,4.0,-12.0,69.7,3.00831437,-0.14305355,8.39526844,-0.02546585,29.80392265,-0.08608377,-0.00482014,0.03520526,-0.01940256,13.65608788,1012.81079102,-,181.3999939,-,784,-,42.2796669,-71.06666565,-,2.49000001,-,0.62137121
Wed May 10 08:29:18 EDT 2017,10-May-2017 08:30:49.537,-71.06666139,42.27966667,0.34,3.0,-11.0,69.7,3.00532174,-0.14844051,8.46170712,-0.01918143,29.80392265,-0.08421489,0.00421,0.03258164,-0.02062289,13.80502605,1012.82714844,-,181.3999939,-,787,-,42.2796669,-71.06665802,-,2.44000006,-,0
Wed May 10 08:29:19 EDT 2017,10-May-2017 08:30:50.532,-71.0666505,42.27966243,0.17,3.0,-10.0,69.7,2.96521878,-0.08559271,8.57902336,-0.01913121,29.80392265,-0.09518651,0.0017084,0.03770684,-0.03130035,13.69601536,1012.83520508,-,181.3999939,-,779,-,42.27966309,-71.06665039,-,2.56999993,-,0
Wed May 10 08:29:20 EDT 2017,10-May-2017 08:30:51.533,-71.06665546,42.27965292,0.0,3.0,-8.0,0.0,3.08792162,-0.10953473,8.35995388,-0.01579696,29.80392265,-0.09115832,0.01262996,0.03654758,-0.03099529,13.66236877,1012.79541016,-,181.3999939,-,788,-,42.27965164,-71.06665802,-,2.56999993,-,0
Wed May 10 08:29:21 EDT 2017,10-May-2017 08:30:52.533,-71.06665754,42.27964996,0.0,3.0,-7.0,0.0,3.10168839,-0.10055647,8.41023159,-0.01817434,29.80392265,-0.08519336,0.01653487,0.03435105,-0.02611415,13.62917233,1012.82958984,-,183.19999695,-,781,-,42.27965164,-71.06665802,-,2.58999991,-,0
Wed May 10 08:29:22 EDT 2017,10-May-2017 08:30:53.539,-71.06666251,42.27964937,0.0,3.0,-6.0,0.0,3.17351437,-0.03711013,8.63169575,0.00282532,29.80392265,-0.10878626,0.00451505,0.03209353,-0.04685904,14.51786423,1012.82080078,-,183.19999695,-,753,-,42.27964783,-71.06666565,-,2.44000006,-,0
Wed May 10 08:29:23 EDT 2017,10-May-2017 08:30:54.537,-71.06666715,42.27964998,0.0,3.0,-6.0,0.0,3.20463896,-0.05985504,8.83280849,0.02318227,29.80392265,-0.04183676,0.02452775,0.04161176,0.01720599,14.69551373,1012.83520508,-,183.19999695,-,763,-,42.27965164,-71.06666565,-,2.6500001,-,0
Wed May 10 08:29:24 EDT 2017,10-May-2017 08:30:55.537,-71.06666845,42.27965246,0.0,3.0,-6.0,0.0,3.15914917,-0.03890578,8.63169575,-0.00944397,30.19607925,-0.0968739,0.01104359,0.03343584,-0.0365476,14.64526939,1012.77441406,-,183.19999695,-,775,-,42.27965164,-71.06666565,-,2.58999991,-,0
Wed May 10 08:29:25 EDT 2017,10-May-2017 08:30:56.535,-71.06666791,42.27965405,0.0,3.0,-7.0,0.0,3.11066651,-0.130484,8.53113937,-0.01686585,30.19607925,-0.09074894,0.01391127,0.03490018,-0.03105634,14.8175354,1012.82910156,-,183.19999695,-,774,-,42.27965546,-71.06666565,-,2.71000004,-,0
Wed May 10 08:29:26 EDT 2017,10-May-2017 08:30:57.533,-71.06666668,42.27965362,0.0,3.0,-7.0,0.0,3.06637383,-0.12928689,8.26418591,-0.03601205,30.19607925,-0.10105132,0.01043345,0.0345341,-0.04075757,14.66769886,1012.82470703,-,183.19999695,-,781,-,42.27965546,-71.06666565,-,2.74000001,-,0
Wed May 10 08:29:27 EDT 2017,10-May-2017 08:30:58.535,-71.06666682,42.27965238,0.0,3.0,-7.0,0.0,3.04362893,-0.09038112,8.33720875,-0.02987701,30.19607925,-0.07658496,0.01824327,0.0388051,-0.01751115,14.71839333,1012.80639648,-,183.19999695,-,772,-,42.27965164,-71.06666565,-,2.53999996,-,0
Wed May 10 08:29:28 EDT 2017,10-May-2017 08:30:59.532,-71.06666783,42.27965006,0.0,3.0,-7.0,0.0,3.08911872,-0.14963761,8.31925201,-0.02021462,30.19607925,-0.06156644,0.01757213,0.0336799,-0.00134234,14.65827847,1012.81591797,-,183.19999695,-,775,-,42.27965164,-71.06666565,-,2.71000004,-,0
Wed May 10 08:29:29 EDT 2017,10-May-2017 08:31:00.534,-71.06666653,42.279649,0.0,3.0,-7.0,0.0,3.18787956,-0.10295067,8.77355194,-0.01163183,30.19607925,-0.04806125,0.02281936,0.03721873,0.01116557,14.74037457,1012.82202148,-,183.19999695,-,781,-,42.27964783,-71.06666565,-,2.74000001,-,0
Wed May 10 08:29:30 EDT 2017,10-May-2017 08:31:01.544,-71.06666649,42.27964808,0.0,3.0,-7.0,0.0,3.09749842,-0.11851298,8.37491798,-0.02129735,30.19607925,-0.08055872,0.01415533,0.03721873,-0.02025678,14.80183315,1012.81542969,-,183.19999695,-,777,-,42.27964783,-71.06666565,-,2.71000004,-,0
Wed May 10 08:29:31 EDT 2017,10-May-2017 08:31:02.533,-71.06666674,42.27964758,0.0,3.0,-7.0,0.0,3.10887098,-0.09756372,8.52814674,-0.00930637,30.19607925,-0.1015713,0.00549128,0.03776786,-0.01385025,14.68474674,1012.77587891,-,183.19999695,-,776,-,42.27964783,-71.06666565,-,2.74000001,-,0
Wed May 10 08:29:32 EDT 2017,10-May-2017 08:31:03.542,-71.06666697,42.27964736,0.0,3.0,-7.0,0.0,3.10108972,-0.11552023,8.37731171,-0.0239898,30.19607925,-0.08902494,0.01397228,0.03593743,-0.02922589,14.81035709,1012.81347656,-,183.19999695,-,785,-,42.27964783,-71.06666565,-,2.56999993,-,0
Wed May 10 08:29:33 EDT 2017,10-May-2017 08:31:04.533,-71.06666696,42.27964739,0.0,3.0,-7.0,0.0,3.14119267,-0.08619126,8.48086071,-0.01353433,30.19607925,-0.10321545,0.00268463,0.03184947,-0.04026946,14.7915163,1012.83178711,-,183.19999695,-,779,-,42.27964783,-71.06666565,-,2.76999998,-,0
Wed May 10 08:29:34 EDT 2017,10-May-2017 08:31:05.533,-71.06666696,42.2796474,0.0,3.0,-7.0,0.0,3.11784911,-0.05985504,8.59039593,-0.01866976,30.19607925,-0.06809173,0.01568067,0.04161176,-0.00750477,14.75876713,1012.81811523,-,183.19999695,-,788,-,42.27964783,-71.06666565,-,2.68000007,-,0
Wed May 10 08:29:35 EDT 2017,10-May-2017 08:31:06.543,-71.06666695,42.27964739,0.0,3.0,-7.0,0.0,3.14358687,-0.13467385,8.49941635,-0.02001779,30.19607925,-0.09526206,0.00823694,0.03001904,-0.03386302,14.79645061,1012.77539062,-,183.19999695,-,765,-,42.27964783,-71.06666565,-,2.68000007,-,0
Wed May 10 08:29:36 EDT 2017,10-May-2017 08:31:07.538,-71.06666694,42.27964738,0.0,3.0,-7.0,0.0,3.11306071,-0.08798691,8.43417358,-0.01816219,30.19607925,-0.08232068,0.01738907,0.03904916,-0.02330747,14.71166325,1012.81494141,-,183.19999695,-,773,-,42.27964783,-71.06666565,-,2.74000001,-,0
Wed May 10 08:29:37 EDT 2017,10-May-2017 08:31:08.540,-71.06666693,42.27964738,0.0,3.0,-7.0,0.0,3.10527968,-0.09217677,8.39287376,-0.0223816,30.19607925,-0.08741619,0.01439939,0.03831699,-0.02763954,14.76729107,1012.76391602,-,183.19999695,-,776,-,42.27964783,-71.06666565,-,2.76999998,-,0
Wed May 10 08:29:38 EDT 2017,10-May-2017 08:31:09.539,-71.06666693,42.27964738,0.0,3.0,-7.0,0.0,3.17949986,-0.08439561,8.68017864,-0.0096703,30.19607925,-0.09413582,0.00707765,0.03490018,-0.03215457,14.78658104,1012.77514648,-,183.19999695,-,787,-,42.27964783,-71.06666565,-,2.74000001,-,0
Wed May 10 08:29:39 EDT 2017,10-May-2017 08:31:10.538,-71.06666691,42.27964737,0.0,3.0,-7.0,0.0,3.14717817,-0.12449849,8.64486408,-0.01170243,30.19607925,-0.09100206,0.01446039,0.03398497,-0.03154445,14.79824543,1012.79492188,-,183.19999695,-,780,-,42.27964783,-71.06666565,-,2.74000001,-,0
Wed May 10 08:29:40 EDT 2017,10-May-2017 08:31:11.532,-71.06666688,42.27964736,0.0,3.0,-7.0,0.0,3.07535219,-0.11013328,8.16123486,-0.04554707,30.58823586,-0.11058954,0.01134868,0.03648656,-0.05125207,15.39354801,1012.78100586,-,183.19999695,-,762,-,42.27964783,-71.06666565,-,4.11000013,-,0
Wed May 10 08:29:41 EDT 2017,10-May-2017 08:31:12.538,-71.06666688,42.27964734,0.0,3.0,-7.0,0.0,2.87783051,-0.13706805,7.93737698,-0.07389033,30.58823586,-0.02599695,0.03148338,0.04600479,0.03154436,14.75383282,1012.83911133,-,183.19999695,-,785,-,42.27964783,-71.06666565,-,3.6400001,-,0
Wed May 10 08:29:42 EDT 2017,10-May-2017 08:31:13.538,-71.06666689,42.27964734,0.0,3.0,-7.0,0.0,3.17471147,-0.12330139,8.64785671,-0.01419953,30.58823586,-0.09244154,0.01763313,0.04344219,-0.03416808,14.83592892,1012.7800293,-,183.19999695,-,780,-,42.27964783,-71.06666565,-,3.52999997,-,0
Wed May 10 08:29:43 EDT 2017,10-May-2017 08:31:14.532,-71.0666669,42.27964734,0.0,3.0,-7.0,0.0,3.12203908,-0.09876082,8.28453636,-0.01585663,30.58823586,-0.09715993,0.01610779,0.03764583,-0.03868311,14.74530888,1012.69140625,-,183.19999695,-,781,-,42.27964783,-71.06666565,-,3.5999999,-,0
Wed May 10 08:29:44 EDT 2017,10-May-2017 08:31:15.538,-71.06666688,42.27964734,0.0,3.0,-7.0,0.0,3.14119267,-0.12389994,8.65623665,-0.0092327,30.58823586,-0.08032731,0.01622982,0.03990336,-0.02074489,14.79824543,1012.73242188,-,183.19999695,-,784,-,42.27964783,-71.06666565,-,3.5999999,-,0
Wed May 10 08:29:45 EDT 2017,10-May-2017 08:31:16.539,-71.06666689,42.27964735,0.0,3.0,-7.0,0.0,3.03405213,-0.12808979,8.02656078,-0.05985099,30.19607925,-0.09597023,0.01555865,0.03660859,-0.03721877,14.95391178,1012.7956543,-,183.19999695,-,787,-,42.27964783,-71.06666565,-,3.55999994,-,0
Wed May 10 08:29:46 EDT 2017,10-May-2017 08:31:17.538,-71.06666689,42.27964736,0.0,3.0,-7.0,0.0,3.09330869,-0.09576806,8.4353714,-0.01873463,30.19607925,-0.08376803,0.0131791,0.0379509,-0.02330747,14.752038,1012.81738281,-,183.19999695,-,807,-,42.27964783,-71.06666565,-,2.56999993,-,0
Wed May 10 08:29:47 EDT 2017,10-May-2017 08:31:18.536,-71.0666669,42.27964737,0.0,3.0,-7.0,0.0,3.11365938,-0.12629414,8.4257946,-0.02453243,30.19607925,-0.09503697,0.00805388,0.02995803,-0.03355786,14.74710369,1012.73291016,-,183.19999695,-,760,-,42.27964783,-71.06666565,-,2.6500001,-,0
Wed May 10 08:29:48 EDT 2017,10-May-2017 08:31:19.542,-71.0666669,42.27964737,0.0,3.0,-7.0,0.0,3.16393757,-0.06165069,8.53592777,-0.01043564,30.19607925,-0.07168652,0.02037879,0.04142872,-0.01305707,14.61969852,1012.77954102,-,183.19999695,-,769,-,42.27964783,-71.06666565,-,2.53999996,-,0
Wed May 10 08:29:49 EDT 2017,10-May-2017 08:31:20.545,-71.06666697,42.27964737,0.0,3.0,-7.0,0.0,3.18608379,-0.13587095,8.75499725,0.01516289,30.19607925,-0.04985886,0.0226363,0.03386294,0.00927417,14.90187359,1012.82568359,-,183.19999695,-,768,-,42.27964783,-71.06666565,-,2.68000007,-,0
Wed May 10 08:29:50 EDT 2017,10-May-2017 08:31:21.537,-71.066667,42.27964739,0.0,3.0,-8.0,0.0,3.15555787,-0.0712275,8.47727013,-0.01255262,30.19607925,-0.10950668,0.00366086,0.03361888,-0.04728611,14.76729107,1012.71728516,-,183.19999695,-,778,-,42.27964783,-71.06666565,-,2.56999993,-,0
Wed May 10 08:29:51 EDT 2017,10-May-2017 08:31:22.538,-71.06666701,42.27964741,0.0,4.0,-8.0,0.0,3.01011014,-0.11133038,8.30608463,-0.03400195,30.19607925,-0.09904048,0.00469811,0.03636453,-0.03648655,14.81170368,1012.78100586,-,183.19999695,-,772,-,42.27964783,-71.06666565,-,2.74000001,-,0
Wed May 10 08:29:51 EDT 2017,10-May-2017 08:31:23.533,-71.06666701,42.27964741,0.0,4.0,-8.0,0.0,3.11784911,-0.1448492,8.33661079,-0.01756195,30.19607925,-0.09227475,0.01568067,0.03294773,-0.03337481,14.79824543,1012.78930664,-,183.19999695,-,772,-,42.27964783,-71.06666565,-,2.68000007,-,0
Wed May 10 08:29:53 EDT 2017,10-May-2017 08:31:24.535,-71.06666703,42.27964744,0.0,4.0,-8.0,0.0,3.12802458,-0.10594343,8.56166553,-0.01364924,30.19607925,-0.08082829,0.01885342,0.03813395,-0.02227029,14.76056194,1012.81835938,-,183.19999695,-,778,-,42.27964783,-71.06666565,-,2.56999993,-,0
Wed May 10 08:29:54 EDT 2017,10-May-2017 08:31:25.542,-71.06666707,42.27964746,0.0,3.0,-8.0,0.0,3.12383461,-0.12030864,8.41861153,-0.01923048,30.19607925,-0.08426397,0.01629082,0.03544931,-0.02501592,14.85835838,1012.83520508,-,183.19999695,-,784,-,42.27964783,-71.06666565,-,2.71000004,-,0
Wed May 10 08:29:55 EDT 2017,10-May-2017 08:31:26.532,-71.06666708,42.27964747,0.0,3.0,-8.0,0.0,3.11006808,-0.07422026,8.54310989,-0.01035744,30.19607925,-0.0753879,0.0166569,0.0362425,-0.0156807,14.8134985,1012.75244141,-,183.19999695,-,783,-,42.27964783,-71.06666565,-,2.61999989,-,0
Wed May 10 08:29:56 EDT 2017,10-May-2017 08:31:27.548,-71.06666707,42.27964746,0.0,3.0,-8.0,0.0,3.05320573,-0.17477672,8.32523823,-0.01171252,30.19607925,-0.07288361,0.0209279,0.03276468,-0.01464342,14.74037457,1012.74975586,-,183.19999695,-,774,-,42.27964783,-71.06666565,-,2.58999991,-,0
Wed May 10 08:29:57 EDT 2017,10-May-2017 08:31:28.535,-71.06666698,42.27964741,0.0,4.0,-8.0,0.0,3.19925213,-0.11552023,8.72147846,-0.00472441,30.19607925,-0.05263623,0.02397864,0.03593743,0.00585737,14.78837585,1012.79516602,-,183.19999695,-,779,-,42.27964783,-71.06666565,-,2.74000001,-,0
Wed May 10 08:29:58 EDT 2017,10-May-2017 08:31:29.538,-71.06666689,42.27964737,0.0,4.0,-8.0,0.0,3.06218386,-0.14784196,8.29650784,-0.01565234,30.19607925,-0.05295884,0.01928053,0.03917119,0.00726066,14.76056194,1012.76831055,-,183.19999695,-,774,-,42.27964783,-71.06666565,-,2.71000004,-,0
Wed May 10 08:29:59 EDT 2017,10-May-2017 08:31:30.547,-71.06666675,42.2796473,0.0,4.0,-7.0,0.0,3.1657331,-0.10474633,8.56106663,-0.00415057,30.19607925,-0.07212583,0.01885342,0.03770684,-0.01299612,14.83772278,1012.85351562,-,183.19999695,-,783,-,42.27964783,-71.06666565,-,2.61999989,-,0
Wed May 10 08:30:00 EDT 2017,10-May-2017 08:31:31.540,-71.06666668,42.27964727,0.0,4.0,-7.0,0.0,3.18249249,-0.05027824,8.63408947,0.00337684,30.19607925,-0.06164895,0.02227021,0.04258799,-0.00305079,14.78972149,1012.73632812,-,183.19999695,-,781,-,42.27964783,-71.06666565,-,2.68000007,-,0
Wed May 10 08:30:01 EDT 2017,10-May-2017 08:31:32.539,-71.06666655,42.27964722,0.0,4.0,-7.0,0.0,3.12682748,-0.09696517,8.29351425,-0.0267179,30.19607925,-0.08935631,0.01110462,0.03380192,-0.02855472,14.85521793,1012.77807617,-,183.19999695,-,771,-,42.27964783,-71.06666565,-,2.6500001,-,0
Wed May 10 08:30:02 EDT 2017,10-May-2017 08:31:33.540,-71.06666647,42.27964719,0.0,4.0,-7.0,0.0,3.10108972,-0.11791443,8.46170712,-0.02308366,30.19607925,-0.09434086,0.00890808,0.03306976,-0.03306975,14.75383282,1012.67993164,-,183.19999695,-,783,-,42.27964783,-71.06666565,-,2.6500001,-,0
Wed May 10 08:30:03 EDT 2017,10-May-2017 08:31:34.538,-71.06666641,42.27964716,0.0,4.0,-7.0,0.0,3.10348392,-0.13227965,8.58381176,-0.00411576,30.19607925,-0.06914414,0.01421633,0.03422903,-0.00817593,14.83099365,1012.75952148,-,183.19999695,-,782,-,42.27964783,-71.06666565,-,2.74000001,-,0
Wed May 10 08:30:04 EDT 2017,10-May-2017 08:31:35.535,-71.06666631,42.27964711,0.0,4.0,-7.0,0.0,3.12742591,-0.12030864,8.45153236,-0.01595682,30.19607925,-0.09946097,0.00915214,0.03642555,-0.03856111,14.7740202,1012.67138672,-,183.19999695,-,772,-,42.27964783,-71.06666565,-,2.61999989,-,0
Wed May 10 08:30:05 EDT 2017,10-May-2017 08:31:36.536,-71.0666662,42.27964706,0.0,4.0,-7.0,0.0,3.03704476,-0.11192893,8.19176102,-0.04399729,30.19607925,-0.09506036,0.00744374,0.03630351,-0.04814033,14.80003929,1012.75976562,-,183.19999695,-,784,-,42.27964783,-71.06666565,-,2.6500001,-,0
Wed May 10 08:30:06 EDT 2017,10-May-2017 08:31:37.542,-71.06666603,42.27964698,0.0,4.0,-7.0,0.0,3.10049129,-0.13826515,8.27555847,-0.01912321,30.19607925,-0.09873565,0.01391127,0.03361888,-0.03959829,14.74037457,1012.82299805,-,183.19999695,-,788,-,42.27964783,-71.06666565,-,2.68000007,-,0
Wed May 10 08:30:07 EDT 2017,10-May-2017 08:31:38.537,-71.06666591,42.27964695,0.0,4.0,-7.0,0.0,3.21660995,0.11791443,8.56765079,-0.0097149,30.19607925,-0.10387418,0.00811491,0.03557134,-0.04289308,14.84490013,1012.75146484,-,183.19999695,-,775,-,42.27964783,-71.06666565,-,2.6500001,-,0
Wed May 10 08:30:08 EDT 2017,10-May-2017 08:31:39.540,-71.06666577,42.2796469,0.0,3.0,-7.0,0.0,3.06098676,-0.12030864,8.23306084,-0.03919017,30.19607925,-0.10423049,0.00988431,0.03544931,-0.04393036,14.76056194,1012.7355957,-,183.19999695,-,777,-,42.27964783,-71.06666565,-,2.71000004,-,0
Wed May 10 08:30:09 EDT 2017,10-May-2017 08:31:40.541,-71.06666567,42.27964685,0.0,3.0,-7.0,0.0,3.12982011,-0.09576806,8.39048004,-0.02173537,30.19607925,-0.08805522,0.01415533,0.04362523,-0.02818861,14.90052795,1012.70947266,-,183.19999695,-,776,-,42.27964783,-71.06666565,-,2.56999993,-,0
Wed May 10 08:30:10 EDT 2017,10-May-2017 08:31:41.538,-71.06666561,42.27964684,0.0,3.0,-7.0,0.0,3.21660995,-0.08140286,8.82502747,-0.00818105,30.58823586,-0.10391606,0.01073853,0.03892713,-0.04386931,14.87405968,1012.72290039,-,183.19999695,-,756,-,42.27964783,-71.06666565,-,3.95000005,-,0
Wed May 10 08:30:11 EDT 2017,10-May-2017 08:31:42.539,-71.06666558,42.27964681,0.0,3.0,-7.0,0.0,2.97718978,-0.16280572,8.04451752,-0.0220322,30.58823586,-0.12515463,0.00134231,0.0311173,-0.06314986,15.27421856,1012.68945312,-,183.19999695,-,766,-,42.27964783,-71.06666565,-,3.67000008,-,0
Wed May 10 08:30:12 EDT 2017,10-May-2017 08:31:43.537,-71.06666549,42.27964677,0.0,3.0,-7.0,0.0,3.13879848,-0.1328782,8.39766216,-0.0248117,30.58823586,-0.1010761,0.00488114,0.03935423,-0.03868311,14.77087975,1012.77197266,-,183.19999695,-,790,-,42.27964783,-71.06666565,-,3.75,-,0
Wed May 10 08:30:13 EDT 2017,10-May-2017 08:31:44.538,-71.06666545,42.27964673,0.0,3.0,-7.0,0.0,3.14179111,-0.02873042,8.44794083,-0.01586795,30.58823586,-0.11373655,0.00012203,0.03612047,-0.0504589,14.76056194,1012.74853516,-,183.19999695,-,786,-,42.27964783,-71.06666565,-,3.5999999,-,0
Wed May 10 08:30:14 EDT 2017,10-May-2017 08:31:45.535,-71.06666536,42.27964668,0.0,3.0,-7.0,0.0,2.93948102,-0.22385786,8.2587986,-0.04075223,30.58823586,-0.10579309,-0.0025016,0.02489384,-0.04130673,14.73364544,1012.76660156,-,183.19999695,-,778,-,42.27964783,-71.06666565,-,3.45000005,-,0
Wed May 10 08:30:15 EDT 2017,10-May-2017 08:31:46.540,-71.06666532,42.27964664,0.0,3.0,-7.0,0.0,3.10408258,-0.09397241,8.33780766,-0.02126048,30.58823586,-0.13722116,-0.00713868,0.02739542,-0.07297314,14.89334965,1012.71069336,-,183.19999695,-,779,-,42.27964783,-71.06666565,-,3.52999997,-,0
Wed May 10 08:30:16 EDT 2017,10-May-2017 08:31:47.543,-71.06666524,42.27964659,0.0,3.0,-7.0,0.0,3.1489737,-0.08678981,8.49821854,-0.02072236,30.19607925,-0.10460038,-0.00103723,0.0294089,-0.04045251,14.81888103,1012.78466797,-,183.19999695,-,772,-,42.27964783,-71.06666565,-,2.53999996,-,0
Wed May 10 08:30:17 EDT 2017,10-May-2017 08:31:48.538,-71.06666517,42.27964655,0.0,3.0,-7.0,0.0,3.06996512,-0.10414778,8.40364838,-0.02257949,29.80392265,-0.08761415,0.01079953,0.0370967,-0.02654121,14.7740202,1012.71630859,-,183.19999695,-,782,-,42.27964783,-71.06666565,-,2.58999991,-,0
Wed May 10 08:30:18 EDT 2017,10-May-2017 08:31:49.544,-71.06666512,42.2796465,0.0,3.0,-7.0,0.0,2.99634337,-0.14425065,8.24742603,-0.04005212,30.19607925,-0.06679018,0.02184313,0.03721873,-0.00842004,14.61969852,1012.69360352,-,183.19999695,-,770,-,42.27964783,-71.06666565,-,2.68000007,-,0
Wed May 10 08:30:19 EDT 2017,10-May-2017 08:31:50.535,-71.06666501,42.27964645,0.0,3.0,-7.0,0.0,3.06397963,-0.1316811,8.37372017,-0.01986884,30.19607925,-0.09485829,0.00817591,0.03184947,-0.03337481,14.83099365,1012.77783203,-,183.19999695,-,772,-,42.27964783,-71.06666565,-,2.53999996,-,0
Wed May 10 08:30:20 EDT 2017,10-May-2017 08:31:51.540,-71.06666499,42.27964643,0.0,3.0,-7.0,0.0,3.07774639,-0.10953473,8.34439182,-0.01373773,30.19607925,-0.09300616,0.01159273,0.03654758,-0.03258163,14.85835838,1012.73608398,-,183.19999695,-,777,-,42.27964783,-71.06666565,-,2.56999993,-,0
Wed May 10 08:30:21 EDT 2017,10-May-2017 08:31:52.540,-71.06666492,42.27964639,0.0,3.0,-7.0,0.0,3.09330869,-0.10115502,8.42699146,-0.01841073,30.19607925,-0.07687711,0.0174501,0.03532729,-0.0175721,14.83772278,1012.68530273,-,183.19999695,-,782,-,42.27964783,-71.06666565,-,2.58999991,-,0
Wed May 10 08:30:22 EDT 2017,10-May-2017 08:31:53.535,-71.06666485,42.27964635,0.0,3.0,-7.0,0.0,3.15914917,-0.07182605,8.53532887,-0.00687647,30.19607925,-0.05898352,0.02379558,0.04039147,-0.01311813,14.92789268,1012.74145508,-,183.19999695,-,776,-,42.27964783,-71.06666565,-,2.68000007,-,0
Wed May 10 08:30:23 EDT 2017,10-May-2017 08:31:54.536,-71.06666481,42.27964632,0.0,3.0,-7.0,0.0,3.17231727,-0.09097967,8.52515411,-0.00736433,30.19607925,-0.07239377,0.02123298,0.03843902,-0.01415531,14.68160725,1012.70654297,-,183.19999695,-,787,-,42.27964783,-71.06666565,-,2.51999998,-,0
Wed May 10 08:30:24 EDT 2017,10-May-2017 08:31:55.534,-71.06666478,42.2796463,0.0,3.0,-7.0,0.0,3.04602313,-0.14544775,8.27735424,-0.01410975,30.19607925,-0.05555993,0.02111096,0.03514424,0.00378281,14.68160725,1012.76049805,-,183.19999695,-,771,-,42.27964783,-71.06666565,-,2.56999993,-,0
Wed May 10 08:30:25 EDT 2017,10-May-2017 08:31:56.537,-71.06666469,42.27964627,0.0,3.0,-7.0,0.0,3.15436077,-0.09516951,8.60296535,-0.01472759,30.19607925,-0.06558124,0.01940256,0.03801192,-0.00622348,14.74396324,1012.75415039,-,183.19999695,-,782,-,42.27964783,-71.06666565,-,2.74000001,-,0
Wed May 10 08:30:26 EDT 2017,10-May-2017 08:31:57.540,-71.06666461,42.27964624,0.0,3.0,-7.0,0.0,3.06338096,-0.15023616,8.39826107,-0.0193496,30.19607925,-0.07384,0.01867039,0.03685265,-0.01476552,14.84310532,1012.77050781,-,183.19999695,-,781,-,42.27964783,-71.06666565,-,2.71000004,-,0
Wed May 10 08:30:27 EDT 2017,10-May-2017 08:31:58.536,-71.06666452,42.27964621,0.0,3.0,-7.0,0.0,3.00352597,-0.1352724,8.25999546,-0.03861254,30.19607925,-0.05272858,0.02702935,0.03618148,0.00463703,14.51562214,1012.73657227,-,183.19999695,-,780,-,42.27964783,-71.06666565,-,2.56999993,-,0
Wed May 10 08:30:28 EDT 2017,10-May-2017 08:31:59.543,-71.06666441,42.27964617,0.0,3.0,-7.0,0.0,3.19326663,-0.04908114,8.78971291,0.01865101,30.19607925,-0.04636953,0.02336849,0.04271002,0.01281297,14.8175354,1012.75048828,-,183.19999695,-,778,-,42.27964783,-71.06666565,-,2.56999993,-,0
Wed May 10 08:30:29 EDT 2017,10-May-2017 08:32:00.543,-71.06666438,42.27964618,0.0,3.0,-7.0,0.0,3.06517673,-0.09636662,8.32164669,-0.02177446,30.19607925,-0.06184686,0.01928053,0.03868307,-0.00219656,14.79510498,1012.75366211,-,183.19999695,-,782,-,42.27964783,-71.06666565,-,2.58999991,-,0
Wed May 10 08:30:30 EDT 2017,10-May-2017 08:32:01.533,-71.06666439,42.2796462,0.0,3.0,-7.0,0.0,3.06338096,-0.1400608,8.36174965,-0.01519825,30.19607925,-0.057042,0.01934153,0.03648656,0.00286763,14.63809299,1012.76293945,-,183.19999695,-,780,-,42.27964783,-71.06666565,-,2.51999998,-,0
Wed May 10 08:30:31 EDT 2017,10-May-2017 08:32:02.536,-71.06666438,42.27964622,0.0,3.0,-7.0,0.0,3.09630132,-0.17717093,8.48325539,-0.01392072,30.19607925,-0.07895245,0.01348416,0.02965295,-0.01842633,14.7740202,1012.64599609,-,183.19999695,-,772,-,42.27964783,-71.06666565,-,2.51999998,-,0
Wed May 10 08:30:32 EDT 2017,10-May-2017 08:32:03.546,-71.06666437,42.27964623,0.0,3.0,-7.0,0.0,3.12503171,-0.12988544,8.44794083,-0.01637125,30.19607925,-0.09663328,0.00695562,0.0388051,-0.03471715,14.75742149,1012.73876953,-,183.19999695,-,778,-,42.27964783,-71.06666565,-,2.68000007,-,0
Wed May 10 08:30:33 EDT 2017,10-May-2017 08:32:04.533,-71.06666434,42.27964624,0.0,3.0,-7.0,0.0,3.1429882,-0.11192893,8.50300694,-0.01234159,30.19607925,-0.09238204,0.00726071,0.03306976,-0.03038517,14.59906292,1012.74609375,-,183.19999695,-,775,-,42.27964783,-71.06666565,-,2.53999996,-,0
Wed May 10 08:30:34 EDT 2017,10-May-2017 08:32:05.541,-71.06666431,42.27964623,0.0,3.0,-7.0,0.0,3.04243183,-0.12270284,8.26777744,-0.01807115,30.19607925,-0.10156351,0.00799288,0.03520526,-0.04039146,14.78299236,1012.77514648,-,183.19999695,-,791,-,42.27964783,-71.06666565,-,2.56999993,-,0
Wed May 10 08:30:35 EDT 2017,10-May-2017 08:32:06.539,-71.06666425,42.27964622,0.0,3.0,-7.0,0.0,3.18847823,-0.09876082,8.79689598,-0.00753133,30.19607925,-0.1046386,0.00372188,0.0353883,-0.04209991,14.67756844,1012.73852539,-,183.19999695,-,777,-,42.27964783,-71.06666565,-,2.56999993,-,0
Wed May 10 08:30:36 EDT 2017,10-May-2017 08:32:07.534,-71.06666419,42.27964621,0.0,3.0,-7.0,0.0,3.10707521,-0.10594343,8.5682497,-0.01910579,30.19607925,-0.09771824,0.00634548,0.03166643,-0.03575442,14.58246326,1012.69946289,-,183.19999695,-,792,-,42.27964783,-71.06666565,-,2.53999996,-,0
Wed May 10 08:30:37 EDT 2017,10-May-2017 08:32:08.535,-71.06666418,42.27964621,0.0,3.0,-7.0,0.0,3.1477766,-0.19931729,8.1211319,-0.04656833,30.58823586,-0.11161114,0.01873139,0.02739542,-0.05534004,15.16206646,1012.70605469,-,183.19999695,-,765,-,42.27964783,-71.06666565,-,3.52999997,-,0
Wed May 10 08:30:38 EDT 2017,10-May-2017 08:32:09.539,-71.06666412,42.27964621,0.0,3.0,-7.0,0.0,3.48176789,-0.1364695,8.77834034,-0.00911085,30.58823586,-0.0982625,0.05198419,0.04252698,-0.05424171,14.5133791,1012.74902344,-,183.19999695,-,800,-,42.27964783,-71.06666565,-,3.71000004,-,0
Wed May 10 08:30:39 EDT 2017,10-May-2017 08:32:10.536,-71.06666276,42.27964692,0.23,3.0,-7.0,69.7,5.39653063,0.10773908,8.05349636,0.0186181,33.33333206,-0.0113855,0.24796216,0.05869577,-0.06223459,15.46084023,1012.7097168,-,183.19999695,-,1386,-,42.27964783,-71.06666565,-,9.85000038,-,2.48548484
Wed May 10 08:30:40 EDT 2017,10-May-2017 08:32:11.538,-71.06664471,42.2796518,1.34,3.0,-8.0,66.0,4.5202527,-0.42616791,7.76080465,-0.01810426,33.33333206,-0.08313736,0.1586372,0.004271,-0.09207064,14.19621277,1012.66210938,-,183.19999695,-,1378,-,42.27965164,-71.06664276,-,10.72999954,-,7.45645428
Wed May 10 08:30:41 EDT 2017,10-May-2017 08:32:12.538,-71.06660311,42.27966216,3.02,4.0,-9.0,73.0,4.54838467,-0.64703304,7.22869349,-0.06155771,33.72549057,-0.04784509,0.22319035,0.07535268,-0.08993513,14.42769432,1012.73803711,-,183.19999695,-,2254,-,42.27966309,-71.06660461,-,20.43000031,-,11.18468189
Wed May 10 08:30:42 EDT 2017,10-May-2017 08:32:13.537,-71.06653794,42.27968097,4.91,4.0,-10.0,72.2,4.98951626,-0.21428105,8.23006821,0.04667103,33.33333206,-0.01833995,0.20647243,0.02587007,-0.04423542,15.38098717,1012.81835938,-,183.19999695,-,1684,-,42.27968216,-71.06653595,-,8.14999962,-,13.67016602
Wed May 10 08:30:43 EDT 2017,10-May-2017 08:32:14.532,-71.06646639,42.27970307,5.88,4.0,-11.0,71.5,5.21337414,-0.32561144,8.41262627,0.0387448,37.25490189,0.00976401,0.22929178,0.0145214,-0.02562604,14.58829689,1012.76171875,-,183.19999695,-,1919,-,42.27970123,-71.06646729,-,23.60000038,-,16.77702141
Wed May 10 08:30:44 EDT 2017,10-May-2017 08:32:15.537,-71.06637073,42.27973409,7.7,4.0,-11.0,70.5,3.96180534,0.57281274,8.32404041,0.01282725,33.72549057,-0.02814123,0.18499541,0.05576708,-0.04264907,14.52593994,1012.75,-,183.19999695,-,2334,-,42.27973557,-71.0663681,-,11.89999962,-,20.50524902
Wed May 10 08:30:45 EDT 2017,10-May-2017 08:32:16.533,-71.06626502,42.27976542,8.63,4.0,-10.0,69.0,3.08672452,0.39025488,7.92001915,-0.06725085,31.37254906,-0.13230078,0.01250793,0.08749452,-0.07584082,13.65025616,1012.89746094,-,183.19999695,-,1958,-,42.27976608,-71.06626129,-,5.67999983,-,21.74799156
Wed May 10 08:30:46 EDT 2017,10-May-2017 08:32:17.538,-71.0661437,42.27980464,10.02,4.0,-10.0,71.0,4.34846878,-0.2681506,9.0931778,0.09317529,34.11764908,0.00899877,0.13789235,0.04167277,0.0244057,13.88532734,1012.88110352,-,183.19999695,-,1696,-,42.27980423,-71.06614685,-,12.78999996,-,22.9907341
Wed May 10 08:30:47 EDT 2017,10-May-2017 08:32:18.534,-71.06602859,42.27983258,10.69,3.0,-10.0,71.1,4.03961658,-0.04189853,7.35678339,-0.01817476,34.11764908,-0.0370719,0.16907065,0.11092402,-0.04618787,13.70363998,1012.9675293,-,181.3999939,-,1875,-,42.27983093,-71.06602478,-,12.97000027,-,24.85484695
Wed May 10 08:30:48 EDT 2017,10-May-2017 08:32:19.543,-71.0658909,42.27986912,11.35,4.0,-11.0,71.6,3.96120667,0.09277532,8.84837055,0.02236875,32.54901886,-0.01138305,0.10164984,0.05717041,0.01879234,14.82919884,1012.95800781,-,181.3999939,-,1941,-,42.27986908,-71.06588745,-,8.68999958,-,26.09758949
Wed May 10 08:30:49 EDT 2017,10-May-2017 08:32:20.534,-71.06575298,42.27991263,11.69,4.0,-11.0,69.4,3.4578259,0.35972881,7.94994688,0.05308925,32.94117737,0.01530535,0.14497001,0.02251428,0.02763944,14.59278202,1012.95092773,-,181.3999939,-,2001,-,42.27991104,-71.06575012,-,8.77000046,-,26.71896172
Wed May 10 08:30:50 EDT 2017,10-May-2017 08:32:21.533,-71.06559926,42.27995013,12.38,4.0,-11.0,69.5,3.84389091,0.2681506,8.03793335,-0.02600986,32.94117737,-0.1494171,0.05076391,0.06443111,-0.1097648,14.75742149,1013.02880859,-,181.3999939,-,2111,-,42.27994919,-71.06559753,-,8.84000015,-,27.96170425
Wed May 10 08:30:51 EDT 2017,10-May-2017 08:32:22.534,-71.06546418,42.27999618,12.9,4.0,-12.0,69.2,3.63439822,-0.28610709,8.46769333,0.00511581,32.94117737,-0.05990938,0.06833603,0.01854835,-0.02001267,14.90725708,1013.04907227,-,181.3999939,-,2184,-,42.27999496,-71.06546783,-,9.46000004,-,29.20444679
Wed May 10 08:30:52 EDT 2017,10-May-2017 08:32:23.532,-71.06530197,42.28003889,13.46,4.0,-13.0,68.9,3.39976645,-0.11073183,8.58979702,-0.00878271,31.37254906,-0.08511087,0.0442964,-0.01195881,-0.03886616,14.37251568,1013.20117188,-,181.3999939,-,2216,-,42.28004074,-71.06529999,-,5.28999996,-,29.20444679
Wed May 10 08:30:53 EDT 2017,10-May-2017 08:32:24.533,-71.06514226,42.28007884,13.82,5.0,-13.0,69.5,3.76009369,-0.38905779,8.16961479,-0.00297031,31.76470566,-0.06126837,0.04978768,0.01574169,-0.01385025,14.08899498,1013.27832031,-,181.3999939,-,1745,-,42.28007889,-71.06513977,-,6.8499999,-,30.44718933
Wed May 10 08:30:54 EDT 2017,10-May-2017 08:32:25.538,-71.06498277,42.28011967,14.15,5.0,-14.0,70.3,3.52426481,-0.10295067,8.25281334,-0.01983154,31.37254906,-0.08486526,0.05710939,0.03721873,-0.04191685,13.89474773,1013.36523438,-,181.3999939,-,1751,-,42.28012085,-71.06497955,-,7.0999999,-,31.06855965
Wed May 10 08:30:55 EDT 2017,10-May-2017 08:32:26.532,-71.0648229,42.28015432,13.94,5.0,-13.0,68.5,3.19685793,-0.19991584,8.72087955,0.01239121,30.98039246,-0.11378088,0.02336849,0.04350321,-0.05924495,29.39955139,1013.34130859,-,181.3999939,-,1757,-,42.28015518,-71.06481934,-,4.19000006,-,31.06855965
Wed May 10 08:30:56 EDT 2017,10-May-2017 08:32:27.533,-71.06465247,42.28019446,14.69,5.0,-14.0,71.1,3.01729274,0.14604631,8.2731638,-0.03685373,30.98039246,-0.10189323,0.00543028,0.06260069,-0.03984239,29.39955139,1013.36791992,-,181.3999939,-,1740,-,42.28019333,-71.06465149,-,4.30999994,-,31.06855965
Wed May 10 08:30:57 EDT 2017,10-May-2017 08:32:28.535,-71.06450203,42.28025085,13.84,5.0,-14.0,65.8,3.23935485,0.01316811,7.79971075,-0.03667623,30.98039246,-0.13878293,0.02806658,0.04905551,-0.08810468,29.39955139,1013.47338867,-,181.3999939,-,1722,-,42.28025055,-71.0644989,-,4.19000006,-,30.44718933
Wed May 10 08:30:58 EDT 2017,10-May-2017 08:32:29.532,-71.06436216,42.28030231,13.98,4.0,-15.0,68.1,3.41353297,-0.32561144,8.2540102,-0.01981394,31.76470566,-0.06139973,0.07254601,0.05595012,-0.02300241,15.8143425,1013.56420898,-,181.3999939,-,1718,-,42.28030396,-71.06436157,-,6.19000006,-,30.44718933
Wed May 10 08:30:59 EDT 2017,10-May-2017 08:32:30.534,-71.06420369,42.28034525,13.96,4.0,-14.0,67.5,3.75470686,-0.21428105,8.52814674,0.01545531,32.15686417,-0.0495664,0.08059991,0.02587007,-0.01385025,13.93108559,1013.59423828,-,181.3999939,-,1735,-,42.28034592,-71.06420135,-,7.17000008,-,30.44718933
Wed May 10 08:31:00 EDT 2017,10-May-2017 08:32:31.534,-71.06404113,42.28038391,13.99,4.0,-15.0,68.8,3.68826771,-0.38546649,8.13968754,-0.02286679,33.33333206,-0.0879015,0.07382732,0.00841997,-0.05344854,13.8081665,1013.55639648,-,181.3999939,-,1756,-,42.28038406,-71.06404114,-,8.22999954,-,31.06855965
Wed May 10 08:31:01 EDT 2017,10-May-2017 08:32:32.533,-71.06387878,42.28042655,14.19,3.0,-15.0,68.3,3.83072281,-0.06105214,7.85717154,-0.00354197,33.72549057,-0.09850366,0.06980038,0.05973301,-0.06241764,13.46991539,1013.62036133,-,181.3999939,-,1801,-,42.28042603,-71.06388092,-,11,-,31.68992996
Wed May 10 08:31:02 EDT 2017,10-May-2017 08:32:33.533,-71.0637097,42.28047425,14.56,4.0,-15.0,68.4,3.68228221,-0.04967969,8.14746857,0.0030511,33.72549057,-0.08826359,0.07321718,0.042649,-0.05265536,13.78439045,1013.62548828,-,181.3999939,-,1852,-,42.28047562,-71.06371307,-,11.44999981,-,32.93267441
Wed May 10 08:31:03 EDT 2017,10-May-2017 08:32:34.537,-71.06355854,42.2805143,15.05,3.0,-14.0,67.4,3.92768788,0.03711013,8.60356426,-0.00939602,34.11764908,-0.14223611,0.08529802,0.04344219,-0.11824574,14.79645061,1013.60864258,-,181.3999939,-,1895,-,42.28051376,-71.06356049,-,12.60999966,-,33.55404282
Wed May 10 08:31:04 EDT 2017,10-May-2017 08:32:35.532,-71.06338375,42.28056658,15.41,4.0,-15.0,68.0,3.13879848,0.58657944,6.27041435,-0.21736175,33.33333206,-0.11947527,0.09652465,0.03788989,-0.09847713,15.13470078,1013.73291016,-,181.3999939,-,1946,-,42.28056717,-71.06338501,-,10.47999954,-,34.79678726
Wed May 10 08:31:05 EDT 2017,10-May-2017 08:32:36.537,-71.0632039,42.28062427,15.76,4.0,-15.0,67.5,3.176507,0.31483752,8.03913116,-0.05293322,32.15686417,-0.11797819,0.02166007,0.07980672,-0.06369893,14.549716,1013.69628906,-,181.3999939,-,1970,-,42.28062439,-71.0632019,-,6.78999996,-,34.79678726
Wed May 10 08:31:06 EDT 2017,10-May-2017 08:32:37.536,-71.06302041,42.2806765,16.02,3.0,-16.0,67.7,3.53743291,0.31842881,9.22725296,0.01749002,31.76470566,-0.1405109,-0.00482014,0.00701665,-0.07809834,14.56227779,1013.67211914,-,181.3999939,-,1983,-,42.2806778,-71.0630188,-,6.51999998,-,35.41815948
Wed May 10 08:31:07 EDT 2017,10-May-2017 08:32:38.533,-71.06284532,42.28072811,16.11,4.0,-16.0,67.2,3.7349546,0.48961425,8.79210758,0.00373338,31.37254906,-0.10844871,-0.0009152,0.0400864,-0.04441847,14.41109657,1013.71801758,-,181.3999939,-,1992,-,42.28072739,-71.06284332,-,6.3499999,-,35.41815948
Wed May 10 08:31:08 EDT 2017,10-May-2017 08:32:39.536,-71.06266151,42.28080164,16.29,3.0,-17.0,66.4,3.74812269,0.66259533,8.73344898,0.03648126,31.76470566,-0.02853316,0.07992874,0.11525603,0.0070776,29.39955139,1013.76293945,-,181.3999939,-,1973,-,42.28079987,-71.06266022,-,4.86000013,-,35.41815948
Wed May 10 08:31:09 EDT 2017,10-May-2017 08:32:40.533,-71.06248321,42.28085814,16.1,3.0,-18.0,67.3,3.61943436,1.30603707,7.78115559,-0.04978353,31.76470566,-0.37658095,-0.02275833,0.05674331,-0.32618254,13.47305584,1013.74462891,-,181.3999939,-,1979,-,42.28085709,-71.06248474,-,6.13000011,-,34.79678726
Wed May 10 08:31:10 EDT 2017,10-May-2017 08:32:41.532,-71.06231538,42.28092228,16.06,3.0,-18.0,67.6,3.16633177,-0.18974048,7.95174217,-0.0093746,30.98039246,-0.08175749,0.03001904,0.03014107,-0.02763954,29.39955139,1013.85839844,-,181.3999939,-,1963,-,42.28092194,-71.06231689,-,4.86000013,-,34.79678726
Wed May 10 08:31:11 EDT 2017,10-May-2017 08:32:42.533,-71.06213626,42.28097531,15.85,3.0,-18.0,68.3,3.07355642,-0.18854338,8.91181755,-0.01859939,30.98039246,-0.03852721,0.01116562,0.02849368,0.02525993,29.39955139,1013.87451172,-,181.3999939,-,1935,-,42.28097534,-71.06213379,-,4.76000023,-,34.17541504
Wed May 10 08:31:12 EDT 2017,10-May-2017 08:32:43.532,-71.06196342,42.2810289,15.62,4.0,-19.0,68.2,3.25671291,-0.38127661,8.89565659,0.02103683,30.98039246,-0.05646209,0.04954362,0.08657931,-0.0088471,29.39955139,1013.88012695,-,181.3999939,-,1916,-,42.28102875,-71.06196594,-,4.71000004,-,34.17541504
Wed May 10 08:31:13 EDT 2017,10-May-2017 08:32:44.534,-71.06178246,42.28108637,15.53,4.0,-19.0,67.5,3.79840088,-0.28610709,8.05170059,-0.02667445,32.94117737,-0.09171053,0.08505394,0.01854835,-0.06241764,14.31778431,1013.95654297,-,181.3999939,-,1873,-,42.28108597,-71.06178284,-,9.14999962,-,33.55404282
Wed May 10 08:31:14 EDT 2017,10-May-2017 08:32:45.532,-71.06159377,42.28113745,16.39,4.0,-20.0,68.8,3.37103605,-0.20709845,9.52652836,0.09567225,32.94117737,0.03067796,0.04148974,0.02660224,0.08792157,13.90327168,1013.94726562,-,181.3999939,-,1898,-,42.28113556,-71.0615921,-,9.31000042,-,33.55404282
Wed May 10 08:31:15 EDT 2017,10-May-2017 08:32:46.533,-71.06140665,42.28119195,16.65,5.0,-20.0,69.4,2.96043038,-0.29209262,8.99800873,0.0019248,30.98039246,-0.09444045,0.01970762,0.05924489,-0.03715772,16.58280945,1013.97387695,-,181.3999939,-,1844,-,42.28119278,-71.061409,-,4.71000004,-,32.93267441
Wed May 10 08:31:16 EDT 2017,10-May-2017 08:32:47.534,-71.06121749,42.28123435,16.22,7.0,-20.0,70.9,3.20583606,-0.36990416,8.92857647,-0.01278335,30.58823586,-0.03189401,0.02464978,0.01000635,0.02696828,29.39955139,1013.90087891,-,181.3999939,-,1734,-,42.28123474,-71.06121826,-,3.95000005,-,31.06855965
Wed May 10 08:31:17 EDT 2017,10-May-2017 08:32:48.534,-71.06107551,42.28127397,14.08,6.0,-20.0,71.2,2.78206229,0.02873042,8.41202736,-0.03147477,30.19607925,-0.09651248,-0.01854836,0.05064188,-0.02568709,21.48744583,1013.83422852,-,179.6000061,-,1189,-,42.28127289,-71.0610733,-,2.97000003,-,28.58307457
Wed May 10 08:31:18 EDT 2017,10-May-2017 08:32:49.532,-71.06096199,42.28134169,12.97,5.0,-20.0,67.8,2.97599268,0.01137246,8.7346468,0.00598991,30.98039246,-0.05730094,0.00421,0.04228292,0.00799288,15.04946518,1013.77416992,-,179.6000061,-,1974,-,42.28134155,-71.06095886,-,5.01000023,-,26.71896172
Wed May 10 08:31:19 EDT 2017,10-May-2017 08:32:50.534,-71.06082992,42.2813856,12.07,5.0,-20.0,67.2,3.12084198,-0.21547815,8.46649551,-0.01457816,30.98039246,-0.07961004,0.01598576,0.02574804,-0.02013478,29.39955139,1013.80957031,-,179.6000061,-,1798,-,42.28138733,-71.06082916,-,4.55999994,-,23.61210442
Wed May 10 08:31:20 EDT 2017,10-May-2017 08:32:51.533,-71.06070185,42.28141855,11.04,4.0,-19.0,66.6,3.04722023,-0.38127661,8.63349152,-0.03310468,30.98039246,-0.08936372,0.00292868,0.01683995,-0.0260531,29.39955139,1013.76635742,-,179.6000061,-,1693,-,42.28141785,-71.06069946,-,4.07000017,-,22.36936378
Wed May 10 08:31:21 EDT 2017,10-May-2017 08:32:52.535,-71.06058435,42.2814557,10.21,4.0,-19.0,66.8,2.5025394,0.03351882,8.96987629,-0.03428267,30.19607925,-0.0848678,-0.07785426,0.02464978,0.0034168,29.39955139,1013.71508789,-,179.6000061,-,916,-,42.28145599,-71.06058502,-,3.26999998,-,19.88387871
Wed May 10 08:31:22 EDT 2017,10-May-2017 08:32:53.536,-71.06048427,42.28148728,9.04,4.0,-19.0,67.3,1.57897604,0.60453594,8.99322033,-0.00185335,30.19607925,-0.0668809,-0.14118712,0.10933765,0.03355786,14.80183315,1013.80273438,-,179.6000061,-,834,-,42.28148651,-71.06048584,-,3.02999997,-,16.15565109
Wed May 10 08:31:23 EDT 2017,10-May-2017 08:32:54.533,-71.06039493,42.28151398,8.44,5.0,-19.0,67.9,2.63601613,-0.29269117,8.60535908,-0.01673311,30.19607925,-0.09906352,-0.05112999,0.04539465,-0.01824327,14.25632668,1013.71484375,-,179.6000061,-,857,-,42.28151321,-71.06039429,-,3.08999991,-,13.04879475
Wed May 10 08:31:24 EDT 2017,10-May-2017 08:32:55.533,-71.06035752,42.28153917,5.91,4.0,-18.0,67.2,3.54162288,-0.20829555,8.48804379,-0.00681371,30.19607925,-0.06988022,0.05893982,0.04569972,-0.02635825,13.85706425,1013.74072266,-,179.6000061,-,860,-,42.28153992,-71.06035614,-,3.08999991,-,11.80605221
Wed May 10 08:31:25 EDT 2017,10-May-2017 08:32:56.540,-71.06029239,42.2815523,5.44,4.0,-17.0,67.9,3.447052,0.11492168,8.61014748,-0.00724068,30.19607925,-0.05418912,0.04923856,0.05942794,-0.00549136,13.77227688,1013.80273438,-,179.6000061,-,892,-,42.28155136,-71.0602951,-,3,-,11.18468189
Wed May 10 08:31:26 EDT 2017,10-May-2017 08:32:57.534,-71.06023086,42.28157128,5.34,4.0,-17.0,67.8,3.64996052,-0.34596214,8.42759037,-0.00967659,30.19607925,-0.07594344,0.05637722,0.02288037,-0.03221562,13.75253868,1013.73095703,-,179.6000061,-,884,-,42.28157043,-71.06023407,-,2.94000006,-,11.18468189
Wed May 10 08:31:27 EDT 2017,10-May-2017 08:32:58.532,-71.06017915,42.28158951,5.22,4.0,-15.0,68.6,2.8886044,-0.37469256,8.19774628,-0.04781842,32.15686417,-0.06208204,0.01299605,0.00774882,-0.00103728,13.71530437,1013.79492188,-,179.6000061,-,1167,-,42.28158951,-71.06018066,-,7.80000019,-,10.56331062
Wed May 10 08:31:28 EDT 2017,10-May-2017 08:32:59.536,-71.06012659,42.28160983,5.03,4.0,-15.0,69.2,4.13059664,-0.17298107,7.93618011,-0.02247775,33.33333206,-0.08751235,0.11891691,0.03008006,-0.07419343,13.52150536,1013.82470703,-,179.6000061,-,1365,-,42.28160858,-71.06012726,-,9.53999996,-,11.80605221
Wed May 10 08:31:28 EDT 2017,10-May-2017 08:33:00.532,-71.06012659,42.28160983,5.03,4.0,-15.0,69.2,3.55119967,0.15023616,8.19116211,-0.01596195,30.58823586,-0.07221819,0.0541807,0.07095964,-0.02721238,13.26535034,1013.77709961,-,179.6000061,-,1560,-,42.28160858,-71.06012726,-,4.03000021,-,12.42742348
Wed May 10 08:31:30 EDT 2017,10-May-2017 08:33:01.534,-71.05998697,42.28165122,5.88,3.0,-16.0,68.6,2.37863946,-0.00059855,8.54969406,-0.0124422,30.19607925,-0.09506178,-0.05967199,0.04765218,-0.01165378,29.11199379,1013.83837891,-,181.3999939,-,889,-,42.28165054,-71.05998993,-,3.75,-,11.18468189
Wed May 10 08:31:31 EDT 2017,10-May-2017 08:33:02.535,-71.05993392,42.28168003,5.19,3.0,-17.0,67.1,1.75075996,-0.13227965,9.05127907,0.00520301,30.19607925,-0.05982217,-0.12367601,0.03422903,0.03947619,14.41558266,1013.82421875,-,181.3999939,-,866,-,42.28168106,-71.05993652,-,3.13000011,-,7.45645428
Wed May 10 08:31:32 EDT 2017,10-May-2017 08:33:03.533,-71.05989065,42.2816877,3.6,3.0,-17.0,66.6,1.72083247,-0.12569559,9.26256752,0.02578467,30.19607925,-0.05508929,-0.13136381,0.03160542,0.04569966,14.19935322,1013.8425293,-,181.3999939,-,833,-,42.28168869,-71.05989075,-,3.08999991,-,4.97096968
Wed May 10 08:31:33 EDT 2017,10-May-2017 08:33:04.534,-71.05988033,42.28168837,1.61,3.0,-17.0,66.6,2.92092609,-0.02753332,8.45632076,-0.02266443,30.19607925,-0.08769911,-0.00439303,0.04490653,-0.02117196,13.94364643,1013.8347168,-,181.3999939,-,804,-,42.28168869,-71.05988312,-,3.13000011,-,0
Wed May 10 08:31:34 EDT 2017,10-May-2017 08:33:05.543,-71.05987849,42.2816863,0.23,3.0,-17.0,66.6,3.64577055,-0.03292027,8.36653805,-0.01198605,30.19607925,-0.06026542,0.06912921,0.04386929,-0.02025678,13.58834839,1013.80517578,-,181.3999939,-,807,-,42.28168488,-71.05987549,-,3,-,0
Wed May 10 08:31:35 EDT 2017,10-May-2017 08:33:06.541,-71.05987713,42.28168478,0.0,4.0,-17.0,0.0,3.53444028,-0.01017536,8.21390724,-0.01728508,30.19607925,-0.06351636,0.06955632,0.04429639,-0.02397864,13.65025616,1013.8425293,-,181.3999939,-,798,-,42.28168488,-71.05987549,-,2.88000011,-,0
Wed May 10 08:31:36 EDT 2017,10-May-2017 08:33:07.539,-71.05987943,42.28168146,0.0,4.0,-17.0,0.0,3.56855774,-0.02932897,8.15465069,-0.02728003,30.19607925,-0.09231633,0.06162447,0.04472349,-0.05192324,13.62513447,1013.87670898,-,181.3999939,-,792,-,42.28168106,-71.05988312,-,2.8499999,-,0
Wed May 10 08:31:37 EDT 2017,10-May-2017 08:33:08.539,-71.05987891,42.28168059,0.0,4.0,-17.0,0.0,3.61763883,-0.01137246,8.16362953,-0.02443016,30.19607925,-0.0634671,0.06870212,0.04972667,-0.02355157,13.53855228,1013.82202148,-,181.3999939,-,788,-,42.28168106,-71.05987549,-,2.6500001,-,0
Wed May 10 08:31:38 EDT 2017,10-May-2017 08:33:09.533,-71.0598818,42.28167752,0.0,4.0,-17.0,0.0,3.50870252,0.02573767,8.09958458,-0.01839767,30.19607925,-0.09990232,0.05552302,0.05033681,-0.0575365,13.5995636,1013.87084961,-,181.3999939,-,790,-,42.28167725,-71.05988312,-,2.53999996,-,0
Wed May 10 08:31:39 EDT 2017,10-May-2017 08:33:10.537,-71.05988316,42.2816773,0.0,4.0,-18.0,0.0,3.61165333,0.01616086,8.21630192,-0.01192889,30.19607925,-0.08501235,0.05527896,0.05253332,-0.04124568,13.74087524,1013.86987305,-,181.3999939,-,784,-,42.28167725,-71.05988312,-,2.49000001,-,0
Wed May 10 08:31:40 EDT 2017,10-May-2017 08:33:11.532,-71.05988574,42.28167522,0.0,4.0,-18.0,0.0,3.51588511,-0.03950433,8.08102894,-0.0117263,30.19607925,-0.1013411,0.05625519,0.04368625,-0.059428,14.10469627,1013.82666016,-,181.3999939,-,770,-,42.28167343,-71.05988312,-,2.56999993,-,0
Wed May 10 08:31:41 EDT 2017,10-May-2017 08:33:12.538,-71.05988717,42.28167553,0.0,4.0,-18.0,0.0,3.55479097,-0.03411737,8.1115551,-0.0318653,29.80392265,-0.09690309,0.06022113,0.04423537,-0.05631626,14.59143639,1013.82373047,-,181.3999939,-,772,-,42.28167725,-71.05989075,-,2.53999996,-,0
Wed May 10 08:31:42 EDT 2017,10-May-2017 08:33:13.533,-71.05988824,42.28167548,0.0,3.0,-18.0,0.0,3.61225176,0.01376666,8.10736561,-0.02989405,30.19607925,-0.08572571,0.05863476,0.04600479,-0.04344225,14.78837585,1013.84326172,-,181.3999939,-,759,-,42.28167725,-71.05989075,-,2.58999991,-,0
Wed May 10 08:31:43 EDT 2017,10-May-2017 08:33:14.532,-71.05988952,42.28167705,0.0,3.0,-19.0,0.0,3.57454324,-0.04189853,8.15824223,-0.01802997,30.19607925,-0.09173087,0.06223461,0.04344219,-0.05155713,14.85521793,1013.80175781,-,181.3999939,-,763,-,42.28167725,-71.05989075,-,2.58999991,-,0
Wed May 10 08:31:44 EDT 2017,10-May-2017 08:33:15.535,-71.05989125,42.28167754,0.0,3.0,-19.0,0.0,3.52486348,0.04668693,8.23306084,-0.01668148,30.19607925,-0.06739168,0.06510227,0.05430273,-0.0262972,14.84669495,1013.78930664,-,181.3999939,-,784,-,42.28167725,-71.05989075,-,2.58999991,-,0
Wed May 10 08:31:45 EDT 2017,10-May-2017 08:33:16.535,-71.05989065,42.2816777,0.0,3.0,-19.0,0.0,3.58830976,0.0059855,8.11394978,-0.03027165,30.19607925,-0.053879,0.07053255,0.04386929,-0.0139113,14.90187359,1013.80126953,-,183.19999695,-,783,-,42.28167725,-71.05989075,-,2.68000007,-,0
Wed May 10 08:31:46 EDT 2017,10-May-2017 08:33:17.540,-71.05989075,42.28167784,0.0,3.0,-19.0,0.0,3.45363593,-0.08020575,8.07683945,-0.03917879,30.19607925,-0.10421911,0.04990971,0.03953727,-0.05985507,14.87585354,1013.77514648,-,183.19999695,-,788,-,42.28167725,-71.05989075,-,2.71000004,-,0
Wed May 10 08:31:47 EDT 2017,10-May-2017 08:33:18.538,-71.05989082,42.28167789,0.0,3.0,-19.0,0.0,3.61584306,0.03950433,8.18876839,-0.02215254,30.19607925,-0.09041375,0.06022113,0.05125202,-0.04923856,14.97544575,1013.82592773,-,183.19999695,-,779,-,42.28167725,-71.05989075,-,2.68000007,-,0
Wed May 10 08:31:48 EDT 2017,10-May-2017 08:33:19.539,-71.05989071,42.28167793,0.0,3.0,-19.0,0.0,3.67031121,0.04189853,8.48265648,-0.00914297,30.19607925,-0.11025625,0.05357056,0.04826232,-0.06796995,14.83278751,1013.88085938,-,183.19999695,-,781,-,42.28167725,-71.05989075,-,2.74000001,-,0
Wed May 10 08:31:49 EDT 2017,10-May-2017 08:33:20.537,-71.05989068,42.28167796,0.0,3.0,-19.0,0.0,3.50870252,-0.00897826,7.99004984,-0.01462567,30.19607925,-0.1101437,0.05552302,0.04679798,-0.06870212,14.90052795,1013.7980957,-,183.19999695,-,780,-,42.28167725,-71.05989075,-,2.6500001,-,0
Wed May 10 08:31:50 EDT 2017,10-May-2017 08:33:21.535,-71.0598907,42.28167795,0.0,3.0,-19.0,0.0,3.67450094,0.04788403,8.35396862,-0.00432736,30.19607925,-0.09401347,0.0558281,0.04746914,-0.05125207,14.93507004,1013.8190918,-,183.19999695,-,780,-,42.28167725,-71.05989075,-,2.71000004,-,0
Wed May 10 08:31:51 EDT 2017,10-May-2017 08:33:22.536,-71.0598907,42.28167795,0.0,3.0,-19.0,0.0,3.7265749,0.0035913,8.61314106,0.02199781,30.19607925,-0.10298913,0.06064824,0.0447845,-0.06314986,14.91039753,1013.81079102,-,183.19999695,-,781,-,42.28167725,-71.05989075,-,2.61999989,-,0
Wed May 10 08:31:52 EDT 2017,10-May-2017 08:33:23.533,-71.05989072,42.28167794,0.0,3.0,-19.0,0.0,3.64158082,0.02633622,8.41921043,-0.01909107,30.19607925,-0.09295972,0.06253967,0.04789623,-0.05302147,14.86194706,1013.79199219,-,183.19999695,-,782,-,42.28167725,-71.05989075,-,2.71000004,-,0
Wed May 10 08:31:53 EDT 2017,10-May-2017 08:33:24.538,-71.05989075,42.28167792,0.0,3.0,-19.0,0.0,3.5541923,-0.03172317,7.8583684,-0.01781733,30.58823586,-0.06577941,0.06668864,0.04722508,-0.02519897,15.00505352,1013.74780273,-,183.19999695,-,795,-,42.28167725,-71.05989075,-,4.23000002,-,0
Wed May 10 08:31:54 EDT 2017,10-May-2017 08:33:25.541,-71.05989075,42.28167791,0.0,3.0,-19.0,0.0,3.56436777,0.02633622,7.95293951,-0.01470727,30.58823586,-0.05007171,0.0750476,0.04332016,-0.01171474,15.07772827,1013.78198242,-,183.19999695,-,786,-,42.28167725,-71.05989075,-,3.67000008,-,0
Wed May 10 08:31:55 EDT 2017,10-May-2017 08:33:26.536,-71.05989076,42.28167792,0.0,3.0,-19.0,0.0,3.4614172,-0.06943185,8.20073891,-0.02350233,30.58823586,-0.05178562,0.07913557,0.05363158,-0.01537564,14.85342407,1013.82348633,-,183.19999695,-,786,-,42.28167725,-71.05989075,-,3.38000011,-,0
Wed May 10 08:31:56 EDT 2017,10-May-2017 08:33:27.543,-71.05989074,42.28167791,0.0,3.0,-19.0,0.0,3.75410819,0.03112462,8.77893925,0.03863752,30.58823586,-0.08816433,0.06851906,0.05533998,-0.0504589,14.58470726,1013.82446289,-,183.19999695,-,791,-,42.28167725,-71.05989075,-,3.45000005,-,0
Wed May 10 08:31:57 EDT 2017,10-May-2017 08:33:28.534,-71.05989071,42.28167791,0.0,3.0,-19.0,0.0,3.80259085,0.07362171,8.84058952,-0.01594821,30.58823586,-0.03605934,0.07889152,0.04984869,0.00189141,14.83592892,1013.75952148,-,183.19999695,-,787,-,42.28167725,-71.05989075,-,3.52999997,-,0
Wed May 10 08:31:58 EDT 2017,10-May-2017 08:33:29.539,-71.05989069,42.28167792,0.0,3.0,-19.0,0.0,3.82354021,0.09337386,8.85196209,-0.0071805,30.58823586,-0.13994583,0.05289942,0.04069655,-0.10018552,14.88303185,1013.8359375,-,183.19999695,-,781,-,42.28167725,-71.05989075,-,3.42000008,-,0
Wed May 10 08:31:59 EDT 2017,10-May-2017 08:33:30.538,-71.05989067,42.2816779,0.0,3.0,-19.0,0.0,3.52606058,-0.01675941,8.23665237,-0.0149151,30.19607925,-0.09022807,0.05631622,0.04515059,-0.04734716,14.77760887,1013.71923828,-,183.19999695,-,807,-,42.28167725,-71.05989075,-,2.53999996,-,0
Wed May 10 08:32:00 EDT 2017,10-May-2017 08:33:31.540,-71.05989063,42.28167791,0.0,4.0,-19.0,0.0,3.53264451,-0.02094926,8.11215401,-0.02180724,29.80392265,-0.07062823,0.06674966,0.05009275,-0.03050718,14.66052151,1013.7800293,-,183.19999695,-,772,-,42.28167725,-71.05989075,-,2.58999991,-,0
Wed May 10 08:32:01 EDT 2017,10-May-2017 08:33:32.538,-71.05989061,42.28167791,0.0,4.0,-19.0,0.0,3.73435616,0.01556231,8.60775375,-0.01251719,30.19607925,-0.04250349,0.07492557,0.05009275,-0.0034168,14.61880207,1013.75292969,-,183.19999695,-,775,-,42.28167725,-71.05989075,-,2.42000008,-,0
Wed May 10 08:32:02 EDT 2017,10-May-2017 08:33:33.539,-71.05989059,42.2816779,0.0,4.0,-19.0,0.0,3.48296499,0.0011971,8.13908863,-0.01355561,30.19607925,-0.07898014,0.06796995,0.05039782,-0.04014745,14.84310532,1013.80249023,-,183.19999695,-,763,-,42.28167725,-71.05989075,-,2.47000003,-,0
Wed May 10 08:32:03 EDT 2017,10-May-2017 08:33:34.547,-71.05989057,42.28167789,0.0,4.0,-19.0,0.0,3.61105466,-0.01675941,8.10437298,-0.01815953,30.19607925,-0.06988408,0.07016646,0.04789623,-0.03117834,14.84490013,1013.77441406,-,183.19999695,-,783,-,42.28167725,-71.05989075,-,2.6500001,-,0
Wed May 10 08:32:04 EDT 2017,10-May-2017 08:33:35.536,-71.05989054,42.28167789,0.0,4.0,-19.0,0.0,3.63200402,0.00059855,8.21211147,-0.01817888,30.19607925,-0.06369613,0.07120369,0.05216723,-0.02489391,14.81888103,1013.85839844,-,183.19999695,-,782,-,42.28167725,-71.05989075,-,2.6500001,-,0
Wed May 10 08:32:05 EDT 2017,10-May-2017 08:33:36.537,-71.05989052,42.2816779,0.0,4.0,-19.0,0.0,3.70203447,0.08379706,8.64606094,0.02412915,30.19607925,-0.04088956,0.07523066,0.0562552,-0.00183045,14.84669495,1013.7722168,-,183.19999695,-,764,-,42.28167725,-71.05989075,-,2.68000007,-,0
Wed May 10 08:32:06 EDT 2017,10-May-2017 08:33:37.538,-71.0598905,42.2816779,0.0,4.0,-19.0,0.0,3.64517212,0.01616086,8.5048027,-0.00951591,30.19607925,-0.05644996,0.06943429,0.04936058,-0.01622986,14.85342407,1013.80224609,-,183.19999695,-,789,-,42.28167725,-71.05989075,-,2.6500001,-,0
Wed May 10 08:32:07 EDT 2017,10-May-2017 08:33:38.536,-71.05989047,42.28167791,0.0,4.0,-19.0,0.0,3.68587351,0.00778116,8.41142941,-0.01654049,30.19607925,-0.07891743,0.06491924,0.04960464,-0.03874416,14.79331017,1013.8046875,-,183.19999695,-,784,-,42.28167725,-71.05989075,-,2.51999998,-,0
Wed May 10 08:32:08 EDT 2017,10-May-2017 08:33:39.536,-71.05989044,42.28167792,0.0,4.0,-19.0,0.0,3.70801997,0.04189853,8.4204073,-0.01976465,30.19607925,-0.07646546,0.06681067,0.04167277,-0.03691371,14.8673315,1013.80932617,-,183.19999695,-,778,-,42.28167725,-71.05989075,-,2.71000004,-,0
Wed May 10 08:32:09 EDT 2017,10-May-2017 08:33:40.539,-71.0598904,42.28167791,0.0,4.0,-19.0,0.0,3.53683448,0.02035072,8.18876839,-0.0193426,29.80392265,-0.09146093,0.05289942,0.04710305,-0.04722515,15.2194891,1013.80078125,-,183.19999695,-,789,-,42.28167725,-71.05989075,-,2.58999991,-,0
Wed May 10 08:32:10 EDT 2017,10-May-2017 08:33:41.544,-71.0598904,42.28167791,0.0,4.0,-19.0,0.0,4.62739325,0.08080431,7.89308453,-0.00194556,31.76470566,-0.06783284,0.16955876,0.05595012,-0.07858645,15.79101562,1013.78564453,-,183.19999695,-,1641,-,42.28167725,-71.05989075,-,8.38000011,-,1.24274242
Wed May 10 08:32:11 EDT 2017,10-May-2017 08:33:42.538,-71.05988518,42.28167928,0.79,3.0,-19.0,66.6,3.53982711,0.12808979,8.23545551,-0.01295863,30.19607925,-0.08011259,0.08731148,0.04569972,-0.05015384,14.11052799,1013.76928711,-,183.19999695,-,1132,-,42.28168106,-71.05988312,-,3,-,3.10685587
Wed May 10 08:32:12 EDT 2017,10-May-2017 08:33:43.543,-71.05985347,42.28167668,1.6,3.0,-18.0,66.6,2.97479558,-0.05805939,8.55448246,-0.01489637,30.19607925,-0.07910328,0.00115928,0.03483917,-0.01409435,14.21639919,1013.79052734,-,183.19999695,-,841,-,42.28167725,-71.0598526,-,2.94000006,-,3.10685587
Wed May 10 08:32:13 EDT 2017,10-May-2017 08:33:44.533,-71.05983895,42.28167765,1.28,3.0,-18.0,66.6,2.97778845,-0.04010288,8.45093346,-0.01154388,30.19607925,-0.04937411,-0.01848733,0.04954362,0.02379558,14.71166325,1013.79223633,-,183.19999695,-,787,-,42.28167725,-71.05983734,-,2.76999998,-,1.24274242
Wed May 10 08:32:14 EDT 2017,10-May-2017 08:33:45.533,-71.05982733,42.28167877,0.64,3.0,-18.0,66.6,3.3249476,-0.09157822,8.33421612,-0.01992893,30.19607925,-0.07305571,0.01293505,0.05167912,-0.01177579,14.43576908,1013.78320312,-,181.3999939,-,804,-,42.28167725,-71.05982971,-,2.88000011,-,0
Wed May 10 08:32:15 EDT 2017,10-May-2017 08:33:46.543,-71.05982263,42.28167765,0.0,3.0,-18.0,0.0,3.50211859,0.02992752,8.1217308,-0.01423868,30.19607925,-0.09234307,0.06735981,0.05064188,-0.05448581,14.59592342,1013.80786133,-,181.3999939,-,807,-,42.28167725,-71.05982208,-,2.76999998,-,0
Wed May 10 08:32:16 EDT 2017,10-May-2017 08:33:47.533,-71.05981901,42.28167639,0.0,3.0,-18.0,0.0,3.49912572,0.01376666,8.05289745,-0.0144962,30.19607925,-0.06355335,0.07364429,0.05308245,-0.02580909,14.66590595,1013.79394531,-,181.3999939,-,796,-,42.28167725,-71.05982208,-,2.61999989,-,0
Wed May 10 08:32:17 EDT 2017,10-May-2017 08:33:48.534,-71.05981849,42.28167822,0.0,3.0,-19.0,0.0,3.65415025,0.02154781,8.37731171,-0.01225128,30.19607925,-0.06402601,0.07041052,0.05765852,-0.02495487,14.78658104,1013.78637695,-,181.3999939,-,792,-,42.28167725,-71.05982208,-,2.71000004,-,0
Wed May 10 08:32:18 EDT 2017,10-May-2017 08:33:49.537,-71.05981622,42.2816815,0.0,3.0,-20.0,0.0,3.69126058,0.01975216,8.54131413,-0.00838527,30.19607925,-0.08688385,0.06693269,0.04533363,-0.04832339,14.6784668,1013.72949219,-,181.3999939,-,787,-,42.28168106,-71.05981445,-,2.53999996,-,0
Wed May 10 08:32:19 EDT 2017,10-May-2017 08:33:50.536,-71.05981163,42.2816826,0.0,3.0,-20.0,0.0,3.69964027,0.06943185,8.46051025,0.00666171,30.19607925,-0.04924669,0.0732782,0.05436375,-0.01006744,14.7385807,1013.80224609,-,181.3999939,-,779,-,42.28168106,-71.05981445,-,2.61999989,-,0
Wed May 10 08:32:20 EDT 2017,10-May-2017 08:33:51.534,-71.05980964,42.28168311,0.0,3.0,-20.0,0.0,3.54461551,0.08379706,8.21689987,-0.01415801,30.19607925,-0.07106099,0.06339387,0.0486284,-0.02953095,14.75069237,1013.83007812,-,181.3999939,-,784,-,42.28168488,-71.05980682,-,2.71000004,-,0
Wed May 10 08:32:21 EDT 2017,10-May-2017 08:33:52.541,-71.05980734,42.28168493,0.0,3.0,-21.0,0.0,4.56274986,-0.22266077,9.65521717,-0.00138175,32.15686417,-0.18753165,0.10701912,0.06351589,-0.18176167,15.31638813,1013.76318359,-,181.3999939,-,789,-,42.28168488,-71.05980682,-,8.77000046,-,0
Wed May 10 08:32:22 EDT 2017,10-May-2017 08:33:53.540,-71.05980634,42.28168523,0.0,3.0,-21.0,0.0,5.59285498,0.15143326,7.54831934,0.02521969,33.72549057,-0.08226372,0.25436866,0.0605262,-0.15393911,15.15443993,1013.72485352,-,181.3999939,-,1477,-,42.28168488,-71.05980682,-,17.78000069,-,3.10685587
Wed May 10 08:32:23 EDT 2017,10-May-2017 08:33:54.539,-71.05980254,42.2816887,0.51,4.0,-21.0,66.6,4.35505295,-0.065242,8.10377407,-0.01263905,33.33333206,-0.06185058,0.14179727,0.04106263,-0.05710944,13.90641212,1013.78857422,-,181.3999939,-,1475,-,42.28168869,-71.05979919,-,10.23999977,-,7.45645428
Wed May 10 08:32:24 EDT 2017,10-May-2017 08:33:55.532,-71.05974118,42.28170022,3.54,3.0,-20.0,67.8,3.67450094,0.24061728,7.77277565,-0.01540236,31.37254906,-0.06718599,0.06138041,0.0729121,-0.02483286,14.51786423,1013.75268555,-,181.3999939,-,1997,-,42.28170013,-71.05973816,-,4.90999985,-,9.94193935
Wed May 10 08:32:25 EDT 2017,10-May-2017 08:33:56.536,-71.05968916,42.28171048,4.5,4.0,-21.0,68.9,4.22935724,0.12928689,7.90385818,-0.01104305,32.54901886,-0.10237352,0.12898426,0.04618783,-0.09621961,13.68704319,1013.69360352,-,181.3999939,-,1393,-,42.28171158,-71.05969238,-,7.51999998,-,10.56331062
Wed May 10 08:32:26 EDT 2017,10-May-2017 08:33:57.532,-71.05964132,42.28173066,4.81,3.0,-21.0,67.6,4.11862564,-0.17956513,8.30309105,0.00408823,32.94117737,-0.07798561,0.14435984,0.01897545,-0.07736617,14.01497459,1013.78979492,-,181.3999939,-,1239,-,42.28173065,-71.05963898,-,8.01000023,-,11.18468189
Wed May 10 08:32:27 EDT 2017,10-May-2017 08:33:58.532,-71.05958974,42.28174937,5.27,3.0,-21.0,67.2,3.93786335,0.08200141,8.33780766,-0.00291756,32.94117737,-0.07444157,0.11928298,0.04948261,-0.05948896,14.92609787,1013.69287109,-,181.3999939,-,1485,-,42.28174973,-71.0595932,-,11.09000015,-,13.04879475
Wed May 10 08:32:28 EDT 2017,10-May-2017 08:33:59.535,-71.05952267,42.28176864,5.97,4.0,-22.0,67.3,3.97916317,-0.25917232,8.25520706,-0.00011319,33.72549057,-0.01745237,0.13282816,0.08712844,-0.0034168,14.51562214,1013.73193359,-,181.3999939,-,1637,-,42.2817688,-71.05952454,-,10.17000008,-,14.29153728
Wed May 10 08:32:29 EDT 2017,10-May-2017 08:34:00.535,-71.05945115,42.28178963,6.34,4.0,-23.0,69.0,4.74650478,0.24061728,8.21570301,0.00105478,35.68627548,-0.05710568,0.16559285,0.04429639,-0.06485821,15.01043606,1013.67773438,-,181.3999939,-,1829,-,42.28178787,-71.05944824,-,18.67000008,-,14.91290855
Wed May 10 08:32:30 EDT 2017,10-May-2017 08:34:01.534,-71.05936914,42.28181734,7.04,4.0,-23.0,68.3,4.28322697,-0.4429273,8.85615253,0.03140498,30.98039246,0.0041676,0.13447556,0.0025626,0.01958561,14.54119205,1013.75708008,-,181.3999939,-,2024,-,42.28181839,-71.05937195,-,18.89999962,-,17.39839363
Wed May 10 08:32:31 EDT 2017,10-May-2017 08:34:02.535,-71.05928122,42.28184941,8.04,4.0,-22.0,65.4,3.3033998,-0.70569098,8.50360584,0.0219716,32.54901886,-0.11657864,0.06192953,0.0345341,-0.07870851,14.49677944,1013.70385742,-,181.3999939,-,1375,-,42.28184891,-71.0592804,-,6.96000004,-,17.39839363
Wed May 10 08:32:32 EDT 2017,10-May-2017 08:34:03.531,-71.05918918,42.28188982,8.29,4.0,-22.0,66.2,4.60105705,-0.11911154,7.83263063,0.00677691,35.29411697,-0.07360582,0.16687414,0.03557134,-0.08474893,15.07234478,1013.66235352,-,181.3999939,-,1418,-,42.28189087,-71.05918884,-,16.67000008,-,18.64113617
Wed May 10 08:32:33 EDT 2017,10-May-2017 08:34:04.536,-71.05908138,42.28192208,8.86,4.0,-20.0,69.0,3.68228221,-0.30466217,7.97807884,-0.01066524,32.54901886,-0.0605177,0.09560942,0.01415532,-0.03306975,14.74037457,1013.62280273,-,181.3999939,-,1539,-,42.28192139,-71.05908203,-,10.01000023,-,20.50524902
Wed May 10 08:32:34 EDT 2017,10-May-2017 08:34:05.535,-71.05896818,42.28195099,9.51,4.0,-19.0,70.0,3.73854589,-0.70688808,8.30847836,-0.02121069,31.76470566,-0.08595923,0.07809832,0.00701665,-0.05332653,14.63674641,1013.6418457,-,181.3999939,-,1607,-,42.2819519,-71.05896759,-,7.03000021,-,21.12662125
Wed May 10 08:32:35 EDT 2017,10-May-2017 08:34:06.532,-71.05884929,42.28198125,9.82,4.0,-19.0,70.7,3.01549697,-0.67755908,8.12472343,-0.0371795,30.58823586,-0.11358891,0.00524723,-0.02135501,-0.05497393,14.27920532,1013.67749023,-,181.3999939,-,1626,-,42.28198242,-71.05884552,-,4.86000013,-,21.74799156
Wed May 10 08:32:36 EDT 2017,10-May-2017 08:34:07.534,-71.05873086,42.2820124,9.93,3.0,-18.0,70.9,3.05021286,-0.9451111,8.88607979,-0.01434269,30.58823586,-0.04964539,0.04923856,0.03526627,-0.00061022,29.39955139,1013.73071289,-,181.3999939,-,1594,-,42.28201294,-71.05873108,-,3.95000005,-,21.12662125
