Wed May 10 08:32:37 EDT 2017,10-May-2017 08:34:08.533,-71.05862427,42.2820465,9.7,3.0,-18.0,71.0,2.81318688,-0.31244332,8.32104778,-0.00077455,30.58823586,-0.05075705,0.06650561,0.02288037,-0.00915216,29.39955139,1013.65283203,-,181.3999939,-,1542,-,42.28204727,-71.05862427,-,3.67000008,-,20.50524902
Wed May 10 08:32:38 EDT 2017,10-May-2017 08:34:09.535,-71.05851679,42.2820789,9.42,3.0,-17.0,70.5,2.21343946,0.04369418,9.06863785,-0.00880359,30.58823586,-0.05787543,-0.08487091,0.04106263,0.03319175,29.39955139,1013.8034668,-,181.3999939,-,1428,-,42.28207779,-71.05851746,-,3.71000004,-,19.26250648
Wed May 10 08:32:39 EDT 2017,10-May-2017 08:34:10.535,-71.05842132,42.28210411,8.81,4.0,-17.0,70.2,2.75991607,-0.03591302,8.11454773,-0.0003234,30.19607925,-0.07108608,0.01708402,-0.02275834,-0.0140333,29.39955139,1013.82055664,-,181.3999939,-,1263,-,42.28210449,-71.05841827,-,3.20000005,-,16.77702141
Wed May 10 08:32:40 EDT 2017,10-May-2017 08:34:11.534,-71.05833117,42.28212717,7.62,4.0,-16.0,70.1,2.93050289,-0.32202014,8.82981586,-0.02818201,30.58823586,-0.05355123,0.00677259,0.01342315,0.01043345,29.39955139,1013.78344727,-,181.3999939,-,868,-,42.28212738,-71.05833435,-,3.26999998,-,14.91290855
Wed May 10 08:32:41 EDT 2017,10-May-2017 08:34:12.533,-71.05823509,42.28213574,6.98,4.0,-18.0,70.2,3.1585505,0.0676362,8.12352657,-0.01511306,30.19607925,-0.05578465,0.06595647,0.0294089,-0.01421636,15.7210331,1013.8137207,-,181.3999939,-,804,-,42.28213501,-71.05823517,-,3.20000005,-,14.29153728
Wed May 10 08:32:42 EDT 2017,10-May-2017 08:34:13.532,-71.05816238,42.28216439,6.59,4.0,-20.0,69.7,2.45525384,-0.33219549,8.39048004,-0.04284495,30.19607925,-0.10788657,-0.05186216,0.01385025,-0.02788355,14.30253315,1013.82519531,-,181.3999939,-,840,-,42.28216553,-71.05815887,-,3.05999994,-,13.04879475
Wed May 10 08:32:43 EDT 2017,10-May-2017 08:34:14.536,-71.05808803,42.28217969,6.2,4.0,-20.0,69.2,2.83114362,-0.56443304,8.71190166,-0.01506554,30.19607925,-0.06448971,-0.02916484,-0.00225753,0.00988428,14.03830242,1013.87036133,-,181.3999939,-,879,-,42.28218079,-71.05809021,-,2.94000006,-,11.80605221
Wed May 10 08:32:44 EDT 2017,10-May-2017 08:34:15.533,-71.05802811,42.28219457,5.34,4.0,-19.0,71.4,2.53845239,-0.25019407,8.93695641,0.00992153,30.19607925,-0.06049567,-0.05021477,0.02489384,0.02129396,13.71665001,1013.89233398,-,181.3999939,-,875,-,42.28219604,-71.05802917,-,3.02999997,-,9.94193935
Wed May 10 08:32:45 EDT 2017,10-May-2017 08:34:16.532,-71.05797836,42.28220619,4.36,3.0,-19.0,70.5,1.97461784,-0.29987377,8.88248825,-0.00854335,30.19607925,-0.05004753,-0.09152148,0.02306341,0.04246592,13.65967655,1013.9309082,-,181.3999939,-,847,-,42.28220749,-71.05797577,-,2.91000009,-,6.83508301
Wed May 10 08:32:46 EDT 2017,10-May-2017 08:34:17.539,-71.0579433,42.2822102,3.06,3.0,-19.0,72.8,2.92032743,-0.1328782,8.54131413,-0.01313345,30.19607925,-0.09674719,0.00268463,0.01702299,-0.03380197,13.51971054,1013.85913086,-,183.19999695,-,804,-,42.2822113,-71.05794525,-,2.8499999,-,4.97096968
Wed May 10 08:32:47 EDT 2017,10-May-2017 08:34:18.532,-71.05791629,42.28221749,2.24,3.0,-20.0,71.2,2.64140296,-0.11971009,8.64426517,-0.01318425,30.19607925,-0.07111738,-0.02733441,0.03276468,0.00366081,13.65788174,1013.84130859,-,183.19999695,-,808,-,42.28221893,-71.05791473,-,3,-,3.10685587
Wed May 10 08:32:48 EDT 2017,10-May-2017 08:34:19.537,-71.05789748,42.28222136,1.66,3.0,-19.0,71.2,2.90476513,-0.24181437,8.43357563,-0.01339273,30.19607925,-0.06560598,-0.00982331,0.02416167,0.00366081,13.56367493,1013.93676758,-,183.19999695,-,806,-,42.28222275,-71.05789948,-,2.97000003,-,1.86411357
Wed May 10 08:32:49 EDT 2017,10-May-2017 08:34:20.539,-71.05788622,42.28222378,0.9,3.0,-19.0,71.2,3.03285503,-0.16160862,8.61553478,-0.01406057,30.19607925,-0.06073203,0.02037879,0.03447309,-0.00146434,13.63096619,1013.85839844,-,183.19999695,-,816,-,42.28222275,-71.05788422,-,2.79999995,-,0.62137121
Wed May 10 08:32:50 EDT 2017,10-May-2017 08:34:21.541,-71.05788173,42.28222754,0.47,3.0,-19.0,71.2,3.4518404,-0.11611878,8.46290493,-0.01321007,30.19607925,-0.07657544,0.03069021,0.03416801,-0.02227029,13.70498657,1013.87060547,-,183.19999695,-,802,-,42.28222656,-71.05788422,-,2.88000011,-,0
Wed May 10 08:32:51 EDT 2017,10-May-2017 08:34:22.537,-71.05788235,42.2822286,0.15,3.0,-20.0,71.2,3.38839388,-0.19153613,8.25520706,-0.01230191,30.19607925,-0.09209052,0.02733441,0.03191048,-0.03764583,13.53137589,1013.84082031,-,183.19999695,-,801,-,42.28223038,-71.05788422,-,2.74000001,-,0
Wed May 10 08:32:52 EDT 2017,10-May-2017 08:34:23.533,-71.05788192,42.28222645,0.0,3.0,-20.0,0.0,3.45004463,-0.17298107,8.46709442,-0.01447509,30.19607925,-0.05474269,0.05729244,0.03776786,-0.00933522,13.57533836,1013.91308594,-,183.19999695,-,805,-,42.28222656,-71.05788422,-,2.51999998,-,0
Wed May 10 08:32:53 EDT 2017,10-May-2017 08:34:24.532,-71.05788467,42.28222397,0.0,3.0,-20.0,0.0,3.4542346,-0.14664486,8.29890156,-0.01844084,29.80392265,-0.08372647,0.04441842,0.03654758,-0.03538831,13.53361797,1013.84301758,-,183.19999695,-,789,-,42.28222275,-71.05788422,-,2.61999989,-,0
Wed May 10 08:32:54 EDT 2017,10-May-2017 08:34:25.531,-71.0578835,42.28222469,0.0,3.0,-20.0,0.0,3.51468801,-0.19812019,8.22468185,-0.01622657,30.19607925,-0.08772335,0.05613316,0.02751745,-0.04478449,13.52868271,1013.84350586,-,183.19999695,-,797,-,42.28222656,-71.05788422,-,2.51999998,-,0
Wed May 10 08:32:55 EDT 2017,10-May-2017 08:34:26.538,-71.05788424,42.28222248,0.0,3.0,-20.0,0.0,3.47937369,-0.19033903,8.37072754,-0.01424799,29.80392265,-0.07123019,0.06162447,0.0319715,-0.02910388,13.83149338,1013.88647461,-,183.19999695,-,791,-,42.28222275,-71.05788422,-,2.51999998,-,0
Wed May 10 08:32:56 EDT 2017,10-May-2017 08:34:27.536,-71.05788403,42.28222302,0.0,3.0,-20.0,0.0,3.4434607,-0.130484,8.36893177,-0.01206398,29.80392265,-0.08318894,0.05265536,0.01934154,-0.03862206,13.68883705,1013.85546875,-,183.19999695,-,770,-,42.28222275,-71.05788422,-,2.31999993,-,0
Wed May 10 08:32:57 EDT 2017,10-May-2017 08:34:28.535,-71.05788625,42.28222048,0.0,3.0,-20.0,0.0,3.43268681,-0.17298107,8.12831497,-0.01568254,33.33333206,-0.10008811,0.04777422,0.03008006,-0.05460782,13.5363102,1013.88793945,-,183.19999695,-,788,-,42.28221893,-71.05788422,-,8.31000042,-,0
Wed May 10 08:32:58 EDT 2017,10-May-2017 08:34:29.533,-71.05788498,42.28222074,0.17,3.0,-20.0,71.2,4.68964243,0.14724341,8.15943909,0.0031893,32.15686417,-0.09460685,0.15601358,0.04637088,-0.10262609,14.38866615,1013.86206055,-,183.19999695,-,1364,-,42.28221893,-71.05788422,-,6.8499999,-,1.86411357
Wed May 10 08:32:59 EDT 2017,10-May-2017 08:34:30.533,-71.05787543,42.2822242,0.99,3.0,-20.0,71.2,4.45860195,0.00179565,6.81629229,-0.01231327,31.76470566,-0.00031798,0.16168794,0.02074486,0.00158635,14.04054546,1013.84155273,-,183.19999695,-,901,-,42.28222275,-71.05787659,-,6.23999977,-,4.34959841
Wed May 10 08:33:00 EDT 2017,10-May-2017 08:34:31.531,-71.05784623,42.28223455,2.24,3.0,-20.0,70.3,4.46758032,-0.9223662,8.41382313,-0.03649965,31.76470566,-0.15749487,0.11006981,-0.04594378,-0.15473233,14.6327076,1013.8449707,-,183.19999695,-,1348,-,42.28223419,-71.05784607,-,6.40999985,-,6.83508301
Wed May 10 08:33:01 EDT 2017,10-May-2017 08:34:32.532,-71.05781312,42.28224727,3.09,3.0,-19.0,69.5,3.65714312,-0.84455466,8.16781902,-0.01834893,32.15686417,0.00482009,0.0584517,-0.11409676,0.04026946,14.72018719,1013.84765625,-,183.19999695,-,1621,-,42.28224564,-71.05781555,-,7.03000021,-,7.45645428
Wed May 10 08:33:02 EDT 2017,10-May-2017 08:34:33.536,-71.05777552,42.2822647,3.66,3.0,-20.0,69.2,3.42011714,-0.2693477,8.44554615,-0.01539263,30.98039246,-0.070879,0.05875679,0.01964661,-0.0278226,14.52593994,1013.85791016,-,183.19999695,-,1747,-,42.28226471,-71.0577774,-,4.03000021,-,8.07782555
Wed May 10 08:33:03 EDT 2017,10-May-2017 08:34:34.533,-71.05773875,42.28228157,3.95,3.0,-20.0,67.3,3.43807364,-0.10833763,8.38389587,-0.01273982,30.19607925,-0.08894595,0.05686533,0.05021478,-0.04618787,29.39955139,1013.87084961,-,183.19999695,-,840,-,42.28227997,-71.05773926,-,3.5999999,-,8.69919682
Wed May 10 08:33:04 EDT 2017,10-May-2017 08:34:35.534,-71.05769804,42.28229635,4.07,3.0,-20.0,69.6,3.83970094,-0.16280572,8.08641624,-0.01506839,31.76470566,-0.10460278,0.10439549,0.03459511,-0.08584716,14.70986843,1013.92382812,-,181.3999939,-,1055,-,42.28229523,-71.05770111,-,5.11999989,-,9.32056808
Wed May 10 08:33:05 EDT 2017,10-May-2017 08:34:36.532,-71.05765319,42.28231632,4.04,3.0,-21.0,65.7,3.8678329,-0.18555063,7.64468622,-0.0611096,32.15686417,-0.12615745,0.09213162,0.02879876,-0.10390738,15.42360592,1013.90942383,-,181.3999939,-,1142,-,42.28231812,-71.05765533,-,6.73999977,-,9.94193935
Wed May 10 08:33:06 EDT 2017,10-May-2017 08:34:37.533,-71.0575968,42.28232766,4.65,3.0,-21.0,70.8,4.24791241,-0.00718261,7.55849457,-0.00925941,32.94117737,-0.06122822,0.11275443,0.04911652,-0.04142874,15.15623474,1013.91137695,-,181.3999939,-,1302,-,42.28232956,-71.0575943,-,9.06999969,-,11.18468189
Wed May 10 08:33:07 EDT 2017,10-May-2017 08:34:38.533,-71.05753665,42.28234185,5.28,3.0,-21.0,70.8,4.29759216,-0.35733461,8.63827991,0.01881142,34.11764908,-0.06534,0.19066972,0.03020209,-0.08956902,15.14412212,1013.86987305,-,181.3999939,-,1495,-,42.282341,-71.05753326,-,12.97000027,-,13.04879475
Wed May 10 08:33:08 EDT 2017,10-May-2017 08:34:39.536,-71.05746526,42.28236047,6.05,3.0,-21.0,70.3,4.68545294,0.32261869,8.1067667,-0.00047396,36.07843018,-0.04163654,0.15619664,0.04216089,-0.04191685,15.12258816,1013.80541992,-,181.3999939,-,1671,-,42.28236008,-71.0574646,-,20.43000031,-,14.91290855
Wed May 10 08:33:09 EDT 2017,10-May-2017 08:34:40.532,-71.05738761,42.28237899,6.89,3.0,-21.0,70.2,4.59387445,-0.73501992,7.89906979,-0.03142079,35.68627548,-0.07670499,0.1603456,0.05131304,-0.08444382,14.52279949,1013.86328125,-,181.3999939,-,2020,-,42.28237915,-71.05738831,-,19.53000069,-,17.39839363
Wed May 10 08:33:10 EDT 2017,10-May-2017 08:34:41.535,-71.05729293,42.28240393,8.09,3.0,-20.0,70.1,3.33272886,-0.45968673,8.34918022,-0.01706856,31.37254906,0.01762787,0.07358326,-0.10366331,0.04997069,14.05579853,1013.81298828,-,181.3999939,-,1935,-,42.28240204,-71.05728912,-,5.23000002,-,19.26250648
Wed May 10 08:33:11 EDT 2017,10-May-2017 08:34:42.560,-71.05719909,42.28242733,8.62,3.0,-19.0,70.8,4.19284582,0.49200845,8.1797905,-0.01523597,33.72549057,0.03015447,0.09402305,0.09481624,0.06620045,15.48192406,1013.8269043,-,181.3999939,-,1517,-,42.28242874,-71.05719757,-,11.18000031,-,18.64113617
Wed May 10 08:33:12 EDT 2017,10-May-2017 08:34:43.533,-71.05708972,42.28244884,8.92,3.0,-19.0,72.7,3.76727629,-0.70090252,9.5007906,-0.05083467,32.94117737,-0.28081539,0.03404598,-0.04905551,-0.25510088,13.77631474,1013.85620117,-,181.3999939,-,1511,-,42.28244781,-71.05709076,-,9.46000004,-,19.88387871
Wed May 10 08:33:13 EDT 2017,10-May-2017 08:34:44.532,-71.05697756,42.28247132,9.37,4.0,-20.0,74.8,2.99275208,-0.9259575,9.38946056,-0.01298957,30.58823586,-0.06139062,0.02696832,-0.04252698,-0.00915216,13.76644516,1014.01220703,-,179.6000061,-,1559,-,42.2824707,-71.05697632,-,3.6400001,-,20.50524902
Wed May 10 08:33:14 EDT 2017,10-May-2017 08:34:45.532,-71.05686362,42.282496,9.43,3.0,-21.0,78.2,2.78445649,-0.99538934,9.0883894,-0.0146196,30.19607925,-0.1101599,-0.02904281,0.04978768,-0.03660865,29.39955139,1014.01074219,-,179.6000061,-,1363,-,42.28249741,-71.05686188,-,2.94000006,-,20.50524902
Wed May 10 08:33:15 EDT 2017,10-May-2017 08:34:46.534,-71.05676633,42.28251694,9.5,4.0,-21.0,79.9,2.56418991,-0.73621702,8.3719244,-0.00437018,30.19607925,-0.09403879,-0.03429003,-0.01659589,-0.02043984,15.22532082,1014.09716797,-,179.6000061,-,866,-,42.28251648,-71.0567627,-,3.02999997,-,18.64113617
Wed May 10 08:33:16 EDT 2017,10-May-2017 08:34:47.537,-71.05665793,42.28251675,8.58,3.0,-21.0,80.6,2.65397263,-0.01256956,8.47727013,-0.01253376,30.19607925,-0.14360446,-0.07706106,0.03166643,-0.05735344,14.33887005,1014.06176758,-,179.6000061,-,848,-,42.28251648,-71.05665588,-,3.13000011,-,16.77702141
Wed May 10 08:33:17 EDT 2017,10-May-2017 08:34:48.535,-71.05656407,42.28252799,7.74,3.0,-21.0,79.8,2.36786556,-0.30825347,9.0740242,-0.02153045,30.19607925,-0.08781994,-0.06394298,-0.0111046,-0.00494219,13.96473026,1014.09082031,-,179.6000061,-,877,-,42.28252792,-71.05656433,-,2.94000006,-,14.29153728
Wed May 10 08:33:18 EDT 2017,10-May-2017 08:34:49.534,-71.05648969,42.28254034,6.71,3.0,-20.0,80.0,2.29065251,-0.43873745,8.85555363,0.00919421,30.19607925,-0.03163406,-0.04563871,0.03947626,0.05021479,13.65160275,1014.20263672,-,181.3999939,-,867,-,42.28253937,-71.05648804,-,2.94000006,-,12.42742348
Wed May 10 08:33:19 EDT 2017,10-May-2017 08:34:50.537,-71.05642223,42.28255521,5.63,3.0,-19.0,80.9,2.7485435,-0.08379706,8.23066711,-0.05005968,30.19607925,-0.10409713,-0.00872505,0.00189144,-0.03825605,13.59687233,1014.15722656,-,181.3999939,-,868,-,42.28255463,-71.05641937,-,2.94000006,-,10.56331062
Wed May 10 08:33:20 EDT 2017,10-May-2017 08:34:51.535,-71.05636122,42.28255887,4.98,3.0,-19.0,80.9,3.20942736,-0.2136825,8.2689743,-0.00502201,30.19607925,-0.12649536,0.02501587,0.02593108,-0.04026946,13.61705971,1014.13549805,-,181.3999939,-,858,-,42.28255844,-71.05635834,-,3.02999997,-,9.94193935
Wed May 10 08:33:21 EDT 2017,10-May-2017 08:34:52.534,-71.05629717,42.28256764,4.75,3.0,-19.0,82.9,3.19685793,-0.31184477,8.04571438,-0.00320538,30.19607925,-0.05826468,0.05405867,0.00610143,-0.01275202,13.68749142,1014.14257812,-,181.3999939,-,859,-,42.28256607,-71.0562973,-,2.88000011,-,9.94193935
Wed May 10 08:33:22 EDT 2017,10-May-2017 08:34:53.533,-71.05623679,42.28257357,4.58,3.0,-18.0,83.6,3.16872597,-0.40641573,8.88188934,-0.03966093,30.19607925,-0.03749403,0.0208669,0.00628447,0.02220914,13.7260704,1014.1953125,-,181.3999939,-,853,-,42.2825737,-71.05623627,-,2.8499999,-,9.32056808
Wed May 10 08:33:23 EDT 2017,10-May-2017 08:34:54.532,-71.0561884,42.28257276,4.3,3.0,-19.0,83.8,2.1865046,-0.38845924,8.12232971,-0.03515919,30.19607925,-0.08601493,-0.05942793,0.06119736,-0.00244057,13.76016521,1014.17333984,-,181.3999939,-,815,-,42.2825737,-71.05619049,-,2.91000009,-,7.45645428
Wed May 10 08:33:24 EDT 2017,10-May-2017 08:34:55.534,-71.05614641,42.2825732,3.44,3.0,-19.0,84.7,2.71442628,-0.4297592,8.54191303,-0.00843418,30.19607925,-0.08499528,-0.02544296,0.00390492,-0.01244696,13.64397621,1014.16992188,-,181.3999939,-,807,-,42.2825737,-71.05614471,-,2.88000011,-,4.34959841
Wed May 10 08:33:25 EDT 2017,10-May-2017 08:34:56.534,-71.05612171,42.28257381,2.06,3.0,-18.0,85.4,3.24893165,-0.27353755,8.53951931,-0.01301438,30.19607925,-0.0889833,0.02288038,0.01220286,-0.03319185,13.73773575,1014.07568359,-,181.3999939,-,812,-,42.2825737,-71.05612183,-,2.94000006,-,3.10685587
Wed May 10 08:33:26 EDT 2017,10-May-2017 08:34:57.537,-71.05610541,42.28257599,1.3,3.0,-19.0,85.4,3.31357527,-0.30466217,8.38928318,-0.01064246,30.19607925,-0.07003246,0.03612049,0.02434471,-0.0175721,13.73773575,1014.10180664,-,181.3999939,-,816,-,42.28257751,-71.05610657,-,2.88000011,-,1.86411357
Wed May 10 08:33:27 EDT 2017,10-May-2017 08:34:58.533,-71.05609394,42.28257511,0.93,3.0,-18.0,85.4,2.72639728,-0.37588966,8.66222191,-0.01181625,30.19607925,-0.05727253,-0.01317908,0.01879241,0.01336213,13.69242573,1014.16870117,-,181.3999939,-,816,-,42.2825737,-71.05609131,-,2.91000009,-,0.62137121
Wed May 10 08:33:28 EDT 2017,10-May-2017 08:34:59.534,-71.05608985,42.28257417,0.27,3.0,-19.0,85.4,3.5541923,-0.29508537,8.14806652,-0.02798718,30.19607925,-0.05891893,0.06735981,0.01763313,-0.01854833,13.58565712,1014.10498047,-,181.3999939,-,804,-,42.2825737,-71.05609131,-,2.76999998,-,0
Wed May 10 08:33:29 EDT 2017,10-May-2017 08:35:00.538,-71.05609058,42.28257202,0.0,3.0,-18.0,0.0,3.62901115,-0.33578679,8.28274059,-0.01334333,30.19607925,-0.07724828,0.06778689,0.01348416,-0.03886616,13.54887009,1014.13793945,-,181.3999939,-,801,-,42.2825737,-71.05609131,-,2.61999989,-,0
Wed May 10 08:33:30 EDT 2017,10-May-2017 08:35:01.539,-71.05608971,42.28256882,0.0,3.0,-18.0,0.0,3.50870252,-0.31962591,8.18757153,-0.01028815,30.19607925,-0.05593167,0.07401037,0.01537561,-0.01824327,13.58475876,1014.12792969,-,181.3999939,-,791,-,42.28256989,-71.05609131,-,2.6500001,-,0
Wed May 10 08:33:31 EDT 2017,10-May-2017 08:35:02.540,-71.05608923,42.28256674,0.0,3.0,-17.0,0.0,3.59609103,-0.31244332,8.13549709,-0.0166003,29.80392265,-0.07751108,0.06473618,0.01647386,-0.03770688,13.60135746,1014.15625,-,181.3999939,-,774,-,42.28256607,-71.05609131,-,2.31999993,-,0
Wed May 10 08:33:32 EDT 2017,10-May-2017 08:35:03.533,-71.05608813,42.28256531,0.0,3.0,-17.0,0.0,3.66612124,-0.23702596,8.44913769,-0.01499358,30.19607925,-0.06050676,0.07156978,0.02355152,-0.02190418,13.52419758,1014.09521484,-,181.3999939,-,785,-,42.28256607,-71.05609131,-,2.56999993,-,0
Wed May 10 08:33:33 EDT 2017,10-May-2017 08:35:04.535,-71.0560864,42.28256286,0.0,3.0,-17.0,0.0,3.55838227,-0.32142156,8.06786156,-0.03520501,30.19607925,-0.09693793,0.06064824,0.01092156,-0.05735344,14.05086327,1014.18505859,-,181.3999939,-,764,-,42.28256226,-71.05608368,-,2.44000006,-,0
Wed May 10 08:33:34 EDT 2017,10-May-2017 08:35:05.532,-71.05608479,42.28256022,0.0,3.0,-17.0,0.0,3.59609103,-0.31962591,8.14028549,-0.02012733,30.19607925,-0.07847442,0.06327184,0.01616879,-0.03813395,14.57169724,1014.11474609,-,181.3999939,-,764,-,42.28255844,-71.05608368,-,2.49000001,-,0
Wed May 10 08:33:35 EDT 2017,10-May-2017 08:35:06.541,-71.05608253,42.282558,0.0,3.0,-17.0,0.0,3.54341841,-0.31364042,8.13070869,-0.01451162,30.19607925,-0.09501918,0.05906184,0.01574169,-0.05436381,14.84490013,1014.11401367,-,181.3999939,-,772,-,42.28255844,-71.05608368,-,2.51999998,-,0
Wed May 10 08:33:36 EDT 2017,10-May-2017 08:35:07.535,-71.05608123,42.28255577,0.0,3.0,-17.0,0.0,3.64457345,-0.25258827,8.29112053,-0.01107377,30.19607925,-0.08218381,0.06583444,0.02269732,-0.04307614,14.78658104,1014.09887695,-,181.3999939,-,780,-,42.28255463,-71.05608368,-,2.61999989,-,0
Wed May 10 08:33:37 EDT 2017,10-May-2017 08:35:08.536,-71.05607935,42.28255345,0.0,3.0,-17.0,0.0,3.53863001,-0.36631286,8.06905842,-0.035725,30.19607925,-0.06874881,0.07260703,0.01751111,-0.03154445,14.62822247,1014.11645508,-,181.3999939,-,774,-,42.28255463,-71.05607605,-,2.74000001,-,0
Wed May 10 08:33:38 EDT 2017,10-May-2017 08:35:09.545,-71.05607885,42.2825526,0.0,3.0,-17.0,0.0,3.68826771,-0.2741361,8.56046772,-0.01149875,30.19607925,-0.04909032,0.07382732,0.01976864,-0.01055555,14.76415062,1014.14160156,-,181.3999939,-,775,-,42.28255081,-71.05607605,-,2.74000001,-,0
Wed May 10 08:33:39 EDT 2017,10-May-2017 08:35:10.538,-71.05607891,42.28255216,0.0,3.0,-17.0,0.0,3.62901115,-0.24420857,8.31985092,-0.01412119,30.19607925,-0.09778778,0.05784156,0.01702299,-0.05680438,14.71166325,1014.11938477,-,181.3999939,-,772,-,42.28255081,-71.05607605,-,2.74000001,-,0
Wed May 10 08:33:40 EDT 2017,10-May-2017 08:35:11.533,-71.05607888,42.2825521,0.0,3.0,-17.0,0.0,3.7205894,-0.26874915,8.49343014,0.01096243,30.19607925,-0.10078521,0.05967199,0.01665691,-0.06089235,14.69327068,1014.14160156,-,181.3999939,-,775,-,42.28255081,-71.05607605,-,2.76999998,-,0
Wed May 10 08:33:41 EDT 2017,10-May-2017 08:35:12.535,-71.0560788,42.28255202,0.0,3.0,-17.0,0.0,3.53444028,-0.33997664,8.09659195,-0.03343415,30.19607925,-0.09847251,0.05814664,0.01305706,-0.05784156,14.76056194,1014.15649414,-,181.3999939,-,778,-,42.28255081,-71.05607605,-,2.79999995,-,0
Wed May 10 08:33:42 EDT 2017,10-May-2017 08:35:13.538,-71.0560788,42.28255199,0.0,3.0,-17.0,0.0,3.7014358,-0.27234045,8.61792946,0.02183449,30.19607925,-0.08359707,0.06510227,0.01403329,-0.04460153,14.8673315,1014.17114258,-,181.3999939,-,772,-,42.28255081,-71.05607605,-,2.71000004,-,0
Wed May 10 08:33:43 EDT 2017,10-May-2017 08:35:14.536,-71.0560788,42.28255194,0.0,3.0,-17.0,0.0,3.64337635,-0.30346507,8.13848972,-0.01906499,30.19607925,-0.08333186,0.07034949,0.01934154,-0.04643188,14.66590595,1014.07666016,-,181.3999939,-,780,-,42.28255081,-71.05607605,-,2.76999998,-,0
Wed May 10 08:33:44 EDT 2017,10-May-2017 08:35:15.537,-71.05607879,42.28255193,0.0,3.0,-17.0,0.0,3.64397502,-0.28191724,8.16841793,-0.02464782,30.19607925,-0.08747604,0.06931227,0.01897545,-0.05051985,14.75876713,1014.15087891,-,181.3999939,-,775,-,42.28255081,-71.05607605,-,2.61999989,-,0
Wed May 10 08:33:45 EDT 2017,10-May-2017 08:35:16.538,-71.05607879,42.28255192,0.0,3.0,-17.0,0.0,3.60327363,-0.26515785,8.18158531,-0.02294761,30.19607925,-0.07806742,0.06925124,0.01232489,-0.04045251,14.80497456,1014.13208008,-,181.3999939,-,782,-,42.28255081,-71.05607605,-,2.79999995,-,0
Wed May 10 08:33:46 EDT 2017,10-May-2017 08:35:17.536,-71.05607877,42.2825519,0.0,3.0,-17.0,0.0,3.59968233,-0.30107087,8.18218422,-0.02292335,30.19607925,-0.08795808,0.06479721,0.01702299,-0.04911656,14.76415062,1014.13818359,-,181.3999939,-,786,-,42.28255081,-71.05607605,-,2.74000001,-,0
Wed May 10 08:33:47 EDT 2017,10-May-2017 08:35:18.535,-71.05607876,42.28255188,0.0,3.0,-17.0,0.0,3.75889659,-0.29269117,8.67898083,-0.00732734,30.19607925,-0.0350894,0.081027,0.01787719,0.0015253,14.84310532,1014.140625,-,181.3999939,-,769,-,42.28255081,-71.05607605,-,2.76999998,-,0
Wed May 10 08:33:48 EDT 2017,10-May-2017 08:35:19.538,-71.05607874,42.28255187,0.0,3.0,-17.0,0.0,3.62960982,-0.28072014,7.98346567,-0.0255932,30.58823586,-0.06259187,0.06632255,0.01982965,-0.02202618,15.69277096,1014.1875,-,181.3999939,-,763,-,42.28255081,-71.05607605,-,3.49000001,-,0
Wed May 10 08:33:49 EDT 2017,10-May-2017 08:35:20.535,-71.05607873,42.28255185,0.0,3.0,-17.0,0.0,3.49314022,-0.28909984,8.13669491,-0.00558414,30.58823586,-0.09657856,0.05393665,0.01824328,-0.05375359,14.89469528,1014.15039062,-,181.3999939,-,787,-,42.28255081,-71.05607605,-,3.49000001,-,0
Wed May 10 08:33:50 EDT 2017,10-May-2017 08:35:21.533,-71.05607872,42.28255184,0.0,3.0,-17.0,0.0,3.48535919,-0.33877954,8.05589008,-0.03923392,30.58823586,-0.10427427,0.05314348,0.01317909,-0.06199058,14.65379333,1014.14794922,-,181.3999939,-,771,-,42.28255081,-71.05607605,-,3.26999998,-,0
Wed May 10 08:33:51 EDT 2017,10-May-2017 08:35:22.543,-71.05607872,42.28255184,0.0,3.0,-17.0,0.0,3.83311701,-0.20829555,8.80946541,0.04490978,30.58823586,-0.12230344,0.05771953,0.01494851,-0.08365065,14.64885807,1014.16162109,-,181.3999939,-,784,-,42.28255081,-71.05607605,-,3.55999994,-,0
Wed May 10 08:33:52 EDT 2017,10-May-2017 08:35:23.538,-71.05607872,42.28255182,0.0,3.0,-17.0,0.0,3.61943436,-0.27952304,7.93139172,-0.02878765,30.58823586,-0.11053263,0.06681067,0.01921951,-0.07468154,14.86194706,1014.11254883,-,181.3999939,-,776,-,42.28255081,-71.05607605,-,3.55999994,-,0
Wed May 10 08:33:53 EDT 2017,10-May-2017 08:35:24.538,-71.05607875,42.28255176,0.0,3.0,-17.0,0.0,3.69485188,-0.25198972,8.49402905,-0.01069599,30.58823586,-0.05415547,0.08133208,0.02477181,-0.0192195,14.84669495,1014.16113281,-,181.3999939,-,791,-,42.28255081,-71.05607605,-,3.6400001,-,0
Wed May 10 08:33:54 EDT 2017,10-May-2017 08:35:25.532,-71.05607875,42.28255173,0.0,3.0,-17.0,0.0,3.72717357,-0.28610709,8.35875702,-0.00126392,30.19607925,-0.09880372,0.05527896,0.01690096,-0.05680438,14.83951664,1014.10791016,-,181.3999939,-,810,-,42.28255081,-71.05607605,-,2.58999991,-,0
Wed May 10 08:33:55 EDT 2017,10-May-2017 08:35:26.536,-71.05607876,42.2825517,0.0,3.0,-17.0,0.0,3.55778384,-0.35075054,8.11095715,-0.03109759,30.19607925,-0.09613515,0.06052621,0.01195881,-0.05637722,14.5663147,1014.13598633,-,181.3999939,-,763,-,42.28255081,-71.05607605,-,2.51999998,-,0
Wed May 10 08:33:56 EDT 2017,10-May-2017 08:35:27.537,-71.05607877,42.2825517,0.0,3.0,-17.0,0.0,3.61823726,-0.29568392,8.14926434,-0.02524513,30.19607925,-0.06791651,0.06961732,0.02251428,-0.02916484,14.56317329,1014.15307617,-,181.3999939,-,765,-,42.28255081,-71.05607605,-,2.6500001,-,0
Wed May 10 08:33:57 EDT 2017,10-May-2017 08:35:28.536,-71.05607876,42.28255167,0.0,3.0,-17.0,0.0,3.65534735,-0.28431144,8.37431908,-0.01917701,30.19607925,-0.0888565,0.06809198,0.01873139,-0.05149608,14.85342407,1014.20043945,-,181.3999939,-,765,-,42.28255081,-71.05607605,-,2.68000007,-,0
Wed May 10 08:33:58 EDT 2017,10-May-2017 08:35:29.533,-71.05607877,42.28255164,0.0,3.0,-17.0,0.0,3.67869091,-0.20231004,8.49881744,-0.00933881,30.19607925,-0.05543454,0.07285109,0.02709035,-0.01683998,14.83951664,1014.15380859,-,181.3999939,-,773,-,42.28255081,-71.05607605,-,2.6500001,-,0
Wed May 10 08:33:59 EDT 2017,10-May-2017 08:35:30.537,-71.05607878,42.2825516,0.0,3.0,-17.0,0.0,3.52965188,-0.30166942,8.05828476,-0.03734708,30.19607925,-0.05277802,0.07651194,0.01970762,-0.01574175,14.9296875,1014.14941406,-,181.3999939,-,776,-,42.28255081,-71.05607605,-,2.68000007,-,0
Wed May 10 08:34:00 EDT 2017,10-May-2017 08:35:31.537,-71.05607877,42.28255157,0.0,3.0,-17.0,0.0,4.21858358,-0.16519992,8.10975933,-0.00265968,36.07843018,-0.04421903,0.06925124,0.02440572,-0.00317279,15.1705904,1014.11938477,-,181.3999939,-,788,-,42.28255081,-71.05607605,-,2.68000007,-,0
Wed May 10 08:34:01 EDT 2017,10-May-2017 08:35:32.535,-71.05607877,42.28255156,0.0,3.0,-17.0,0.0,6.28298378,0.08858547,7.05930376,0.02777402,36.47058868,-0.03628726,0.33832437,0.05674331,-0.16357939,15.03510952,1014.12744141,-,181.3999939,-,1815,-,42.28255081,-71.05607605,-,21.32999992,-,1.86411357
Wed May 10 08:34:02 EDT 2017,10-May-2017 08:35:33.536,-71.05606615,42.28255239,1.71,3.0,-17.0,85.4,6.03937387,-0.30466217,7.58782387,0.03310505,35.68627548,-0.0050751,0.32685369,0.04972667,-0.11275449,14.26529884,1014.09399414,-,181.3999939,-,1966,-,42.28255081,-71.05606842,-,16.78000069,-,9.94193935
Wed May 10 08:34:03 EDT 2017,10-May-2017 08:35:34.536,-71.05603871,42.28255743,2.27,4.0,-17.0,80.0,3.31836367,-0.24480712,9.50019264,-0.00966994,31.37254906,0.02645026,0.03612049,0.02275834,0.085237,13.95889854,1014.10302734,-,181.3999939,-,2490,-,42.28255844,-71.0560379,-,5.51000023,-,11.18468189
Wed May 10 08:34:04 EDT 2017,10-May-2017 08:35:35.533,-71.05598862,42.28256588,3.4,4.0,-17.0,76.8,5.2462945,-0.1364695,7.77337456,0.02142197,36.07843018,-0.04359765,0.23264758,0.03380192,-0.0907893,15.7519865,1014.01782227,-,181.3999939,-,1632,-,42.28256607,-71.05599213,-,19.28000069,-,13.67016602
Wed May 10 08:34:05 EDT 2017,10-May-2017 08:35:36.537,-71.05587713,42.28256304,6.22,4.0,-18.0,86.1,5.2271409,-0.35853171,7.3232646,-0.01675975,38.03921509,-0.03495564,0.23777278,0.03721873,-0.0837727,14.59457588,1014.11181641,-,181.3999939,-,1991,-,42.28256226,-71.05587769,-,24.64999962,-,17.39839363
Wed May 10 08:34:06 EDT 2017,10-May-2017 08:35:37.533,-71.05576513,42.28256599,8.07,3.0,-18.0,86.2,4.8195281,0.00778116,8.72147846,0.01447307,38.4313736,0.01610047,0.18914437,0.04850638,0.00585737,14.88617229,1014.05541992,-,181.3999939,-,2422,-,42.28256607,-71.05576324,-,29.85000038,-,21.12662125
Wed May 10 08:34:07 EDT 2017,10-May-2017 08:35:38.531,-71.05564435,42.28257127,9.72,3.0,-18.0,86.0,3.59489393,-0.56503159,8.23365974,0.02194636,31.76470566,-0.08205335,0.0643091,-0.00988432,-0.04386931,13.70902443,1014.02563477,-,181.3999939,-,2371,-,42.28256989,-71.05564117,-,6.19000006,-,22.36936378
Wed May 10 08:34:08 EDT 2017,10-May-2017 08:35:39.537,-71.05552049,42.28258879,10.3,4.0,-19.0,85.4,4.22816038,-0.60812724,8.74781418,0.05770713,38.4313736,-0.04693124,0.07187486,0.03123933,-0.0070777,14.40616131,1014.01977539,-,181.3999939,-,1751,-,42.28258896,-71.0555191,-,26.20999908,-,24.23347664
Wed May 10 08:34:09 EDT 2017,10-May-2017 08:35:40.538,-71.05537939,42.28259572,10.89,4.0,-19.0,85.2,4.73453379,0.12330139,7.22989035,-0.05360883,39.2156868,-0.11865408,0.18048033,0.06028214,-0.14619035,14.71839333,1013.93603516,-,181.3999939,-,1992,-,42.28259659,-71.05538177,-,29.02000046,-,26.71896172
Wed May 10 08:34:10 EDT 2017,10-May-2017 08:35:41.534,-71.05523254,42.28260344,12.07,4.0,-20.0,85.2,4.60644388,0.86670101,8.63708305,0.06707788,38.4313736,0.01281762,0.21086545,0.08920293,-0.01128767,14.70672894,1013.97387695,-,181.3999939,-,2236,-,42.28260422,-71.05522919,-,26.20999908,-,29.20444679
Wed May 10 08:34:11 EDT 2017,10-May-2017 08:35:42.533,-71.05508081,42.28262997,13.5,3.0,-19.0,82.9,3.52665901,-0.27473465,8.20911884,-0.02697023,31.37254906,-0.11537047,0.04240494,0.05430273,-0.06876317,13.94140339,1013.99829102,-,181.3999939,-,2263,-,42.28263092,-71.05508423,-,6.03000021,-,29.82581711
Wed May 10 08:34:12 EDT 2017,10-May-2017 08:35:43.534,-71.05491723,42.28265103,13.74,3.0,-19.0,81.4,4.00011253,0.34895489,7.91882229,-0.03955591,35.29411697,-0.09462975,0.10561578,0.08328453,-0.07596283,15.62547874,1013.87402344,-,179.6000061,-,1720,-,42.28264999,-71.05491638,-,17.12000084,-,30.44718933
Wed May 10 08:34:13 EDT 2017,10-May-2017 08:35:44.536,-71.05475207,42.28266713,14.12,3.0,-19.0,79.8,3.8654387,-0.0724246,8.23784924,-0.00703442,33.33333206,-0.07358462,0.07230195,0.0413677,-0.03618149,14.50216389,1014.00585938,-,179.6000061,-,1781,-,42.28266525,-71.05474854,-,10.39999962,-,31.68992996
Wed May 10 08:34:14 EDT 2017,10-May-2017 08:35:45.540,-71.05457575,42.28269373,14.47,3.0,-18.0,79.0,3.7062242,0.41898531,7.79671764,-0.05361992,33.33333206,-0.10848162,0.05424173,0.08877582,-0.06735983,14.59457588,1013.85644531,-,181.3999939,-,1795,-,42.28269196,-71.05457306,-,9.38000011,-,32.31130219
Wed May 10 08:34:15 EDT 2017,10-May-2017 08:35:46.532,-71.0544124,42.28271592,14.56,4.0,-19.0,79.5,3.46321273,0.1448492,8.08940887,0.01694492,32.15686417,-0.10257234,0.05088593,0.06247865,-0.05857378,14.49677944,1013.90356445,-,181.3999939,-,1805,-,42.28271484,-71.05441284,-,7.51999998,-,32.31130219
Wed May 10 08:34:16 EDT 2017,10-May-2017 08:35:47.536,-71.05423513,42.282744,14.63,3.0,-18.0,78.4,2.3373394,0.15263036,7.27777481,0.10051183,30.98039246,-0.22504772,-0.0541197,0.14332262,-0.15552551,19.41083717,1013.95019531,-,181.3999939,-,1779,-,42.28274536,-71.05423737,-,4.30999994,-,31.68992996
Wed May 10 08:34:17 EDT 2017,10-May-2017 08:35:48.533,-71.05405775,42.2827685,14.43,3.0,-18.0,76.6,3.41712427,0.22864626,8.09778881,0.06401424,32.54901886,0.01467832,0.06577343,0.11061895,0.05997707,14.36668396,1013.91845703,-,181.3999939,-,1758,-,42.28276825,-71.05405426,-,6.73999977,-,31.68992996
Wed May 10 08:34:18 EDT 2017,10-May-2017 08:35:49.533,-71.05389384,42.28280001,14.24,3.0,-18.0,75.8,3.62960982,0.58717799,8.66222191,0.02459764,33.33333206,-0.04042089,0.06784792,0.10756823,-0.00018305,13.90955257,1013.85961914,-,181.3999939,-,1762,-,42.28279877,-71.05389404,-,10.31999969,-,31.06855965
Wed May 10 08:34:19 EDT 2017,10-May-2017 08:35:50.533,-71.05373049,42.28283312,14.32,4.0,-18.0,74.8,3.74094009,0.03830723,7.63451052,-0.06800002,33.33333206,-0.03689646,0.05692636,0.04838435,0.01012839,13.59014225,1013.79443359,-,181.3999939,-,1761,-,42.2828331,-71.05373383,-,10.01000023,-,31.06855965
Wed May 10 08:34:20 EDT 2017,10-May-2017 08:35:51.533,-71.0535555,42.28286612,14.4,4.0,-18.0,74.4,3.13580561,0.46148238,7.92420912,-0.12046926,33.72549057,-0.1297134,0.0175111,0.09475522,-0.07541371,13.51073837,1013.87719727,-,181.3999939,-,1752,-,42.28286743,-71.05355835,-,11.27000046,-,31.06855965
Wed May 10 08:34:21 EDT 2017,10-May-2017 08:35:52.536,-71.05338381,42.28290107,14.28,4.0,-17.0,75.1,7.2939353,-0.15502456,5.20260048,0.1128639,32.94117737,-0.08627182,0.44137752,0.03191048,-0.35284579,13.64038658,1013.90112305,-,181.3999939,-,1763,-,42.28290176,-71.05338287,-,9.53999996,-,31.68992996
Wed May 10 08:34:22 EDT 2017,10-May-2017 08:35:53.536,-71.05321107,42.28292811,14.37,3.0,-17.0,75.0,3.23696065,0.14664486,8.87171459,0.02813232,32.15686417,-0.10866864,0.08969105,0.01690096,-0.08352865,14.50261211,1013.83422852,-,181.3999939,-,1763,-,42.28292847,-71.0532074,-,6.96000004,-,31.06855965
Wed May 10 08:34:23 EDT 2017,10-May-2017 08:35:54.533,-71.05304696,42.28295853,14.29,3.0,-17.0,75.9,3.64696765,-0.44592008,7.7189064,-0.0632239,32.54901886,-0.12827247,0.06961732,0.00225753,-0.09634162,14.80497456,1013.86108398,-,181.3999939,-,1744,-,42.28295898,-71.05304718,-,7.80000019,-,31.06855965
Wed May 10 08:34:24 EDT 2017,10-May-2017 08:35:55.532,-71.05288052,42.28298926,14.2,3.0,-16.0,74.8,3.81336474,-0.04668693,9.15243435,0.0859842,32.15686417,0.01106796,0.08657931,0.04295408,0.04978763,15.06516743,1013.78808594,-,179.6000061,-,1748,-,42.2829895,-71.05287933,-,7.86999989,-,31.06855965
Wed May 10 08:34:25 EDT 2017,10-May-2017 08:35:56.532,-71.05270496,42.28302426,14.17,3.0,-16.0,75.9,3.69245768,-0.07302316,8.13729286,-0.02303737,31.76470566,-0.022182,0.0617465,0.05058086,0.02403959,14.79645061,1013.88769531,-,179.6000061,-,1748,-,42.28302383,-71.05270386,-,6.07999992,-,31.06855965
Wed May 10 08:34:26 EDT 2017,10-May-2017 08:35:57.533,-71.05253092,42.28305311,14.21,3.0,-16.0,77.0,3.48476052,-0.07661445,8.02356815,-0.01807453,30.58823586,-0.10795482,0.05308245,0.03990336,-0.06528537,14.75742149,1013.87084961,-,179.6000061,-,1747,-,42.28305435,-71.05252838,-,4.61000013,-,31.06855965
Wed May 10 08:34:27 EDT 2017,10-May-2017 08:35:58.532,-71.05237166,42.28308622,14.42,3.0,-15.0,75.2,3.42909527,-0.83797061,8.49881744,0.0034461,30.98039246,-0.05424416,0.03014106,0.03416801,0.00183035,29.39955139,1013.84716797,-,179.6000061,-,1729,-,42.28308487,-71.05236816,-,4.19000006,-,30.44718933
Wed May 10 08:34:28 EDT 2017,10-May-2017 08:35:59.533,-71.05219862,42.28311341,14.11,4.0,-16.0,77.4,2.8874073,-0.29328972,8.8088665,0.01077509,30.98039246,0.06437772,0.09200959,0.05930591,0.10506661,29.39955139,1013.92895508,-,179.6000061,-,1697,-,42.28311157,-71.05220032,-,4.26999998,-,30.44718933
Wed May 10 08:34:29 EDT 2017,10-May-2017 08:36:00.533,-71.05203847,42.28313771,13.8,3.0,-16.0,80.3,3.28424621,-0.59675479,7.4776907,-0.03270139,31.76470566,-0.1649636,0.03264266,-0.01311808,-0.12093037,15.8278017,1013.94921875,-,179.6000061,-,1682,-,42.28313828,-71.0520401,-,5.96999979,-,29.82581711
Wed May 10 08:34:30 EDT 2017,10-May-2017 08:36:01.533,-71.05186989,42.2831451,13.68,3.0,-16.0,80.9,3.56077647,-0.40462008,8.50121212,-0.00766361,31.37254906,-0.13516551,0.03721874,0.02532094,-0.08834873,13.69870663,1014.00732422,-,179.6000061,-,1699,-,42.2831459,-71.05187225,-,5.23000002,-,29.82581711
Wed May 10 08:34:31 EDT 2017,10-May-2017 08:36:02.532,-71.05171606,42.28315597,13.81,3.0,-15.0,82.4,3.39378095,-0.36092591,8.37850857,-0.01243603,30.98039246,-0.0234526,0.0225753,-0.00597941,0.03587643,25.38271141,1013.93139648,-,179.6000061,-,1692,-,42.28315735,-71.05171967,-,4.23000002,-,29.82581711
Wed May 10 08:34:32 EDT 2017,10-May-2017 08:36:03.535,-71.05155622,42.2831721,13.75,3.0,-15.0,82.9,3.06338096,-0.33099839,8.09060574,-0.05213916,30.98039246,-0.11718392,0.01012837,0.01397228,-0.05845178,29.39955139,1013.97631836,-,179.6000061,-,1659,-,42.28317261,-71.05155945,-,4.03000021,-,29.20444679
Wed May 10 08:34:33 EDT 2017,10-May-2017 08:36:04.536,-71.05138701,42.28318514,13.48,3.0,-16.0,84.0,3.24713612,0.00299275,8.8088665,0.02235866,30.58823586,-0.15100729,0.01549764,0.0613804,-0.09628061,29.39955139,1014.01245117,-,179.6000061,-,1633,-,42.28318405,-71.05138397,-,3.95000005,-,29.20444679
Wed May 10 08:34:34 EDT 2017,10-May-2017 08:36:05.534,-71.05122619,42.28320399,13.27,3.0,-16.0,83.8,2.95803618,-0.24001873,8.19774628,0.03946446,30.58823586,0.00847486,0.07272906,0.09310784,-0.04753021,29.39955139,1014.07421875,-,179.6000061,-,1611,-,42.28320312,-71.05122375,-,3.86999989,-,28.58307457
Wed May 10 08:34:35 EDT 2017,10-May-2017 08:36:06.533,-71.05106997,42.28321293,13.01,3.0,-16.0,84.2,3.05919123,-1.14143562,9.12011242,0.10593128,30.58823586,-0.0122009,0.00970128,-0.0686411,0.04649284,29.39955139,1014.05249023,-,177.80000305,-,1566,-,42.28321457,-71.05107117,-,3.86999989,-,27.96170425
Wed May 10 08:34:36 EDT 2017,10-May-2017 08:36:07.534,-71.05091321,42.28323265,12.7,3.0,-17.0,84.3,3.35667086,-0.73023152,8.88129139,0.03603834,30.58823586,-0.08636687,0.03178846,0.03142237,-0.03325281,29.39955139,1014.08081055,-,177.80000305,-,1538,-,42.28323364,-71.05091095,-,3.75,-,27.34033203
Wed May 10 08:34:37 EDT 2017,10-May-2017 08:36:08.536,-71.05076573,42.283242,12.48,4.0,-17.0,84.9,3.00352597,-0.00179565,8.11035824,-0.05303848,30.58823586,-0.11808353,0.00402694,0.04753015,-0.05643827,29.39955139,1014.17797852,-,177.80000305,-,1510,-,42.28324127,-71.05076599,-,3.67000008,-,26.71896172
Wed May 10 08:34:38 EDT 2017,10-May-2017 08:36:09.533,-71.05061922,42.28324864,12.18,4.0,-17.0,86.3,3.69784451,-0.23762453,8.09300041,-0.00163016,30.58823586,-0.09235421,0.07480355,0.02349051,-0.05820767,29.39955139,1014.140625,-,177.80000305,-,1472,-,42.2832489,-71.05062103,-,3.6400001,-,26.09758949
Wed May 10 08:34:39 EDT 2017,10-May-2017 08:36:10.533,-71.05047693,42.28325763,11.94,4.0,-17.0,86.7,3.57633877,-0.19452889,7.93797588,-0.01393385,32.94117737,-0.03649144,0.08395568,0.06345488,-0.00091527,14.90725708,1014.12329102,-,177.80000305,-,1469,-,42.28325653,-71.05047607,-,9.38000011,-,26.09758949
Wed May 10 08:34:40 EDT 2017,10-May-2017 08:36:11.532,-71.05032635,42.28325783,12.02,3.0,-18.0,85.4,3.68048668,0.03770868,8.55148983,0.00160673,33.33333206,-0.05064815,0.07303414,0.05155709,-0.01147073,14.0033102,1014.12548828,-,177.80000305,-,1497,-,42.28325653,-71.05032349,-,9,-,26.71896172
Wed May 10 08:34:41 EDT 2017,10-May-2017 08:36:12.533,-71.05017142,42.28326269,12.25,3.0,-19.0,84.9,3.61763883,-0.03770868,7.99483824,0.00573808,31.37254906,-0.05928688,0.06662764,0.04386929,-0.01812127,13.54707623,1014.11181641,-,177.80000305,-,1531,-,42.28326416,-71.0501709,-,5.63000011,-,27.34033203
Wed May 10 08:34:42 EDT 2017,10-May-2017 08:36:13.532,-71.05002377,42.28326953,12.45,3.0,-18.0,85.5,3.33751726,0.35673606,7.69735861,-0.07865405,30.58823586,-0.11698176,-0.03392395,0.03605946,-0.04228296,13.26221085,1014.14428711,-,177.80000305,-,1540,-,42.28326797,-71.05002594,-,3.82999992,-,27.34033203
Wed May 10 08:34:43 EDT 2017,10-May-2017 08:36:14.532,-71.04987825,42.28328189,12.39,3.0,-18.0,85.3,3.30280113,-0.10414778,8.99800873,-0.00216136,30.58823586,-0.02254205,0.03453409,0.0370967,0.03404598,29.39955139,1014.17919922,-,177.80000305,-,1491,-,42.28328323,-71.04988098,-,3.71000004,-,26.71896172
Wed May 10 08:34:44 EDT 2017,10-May-2017 08:36:15.538,-71.04972871,42.28327741,12.11,3.0,-19.0,84.7,3.80558372,-0.29089549,8.23006821,-0.02431997,31.76470566,-0.11064861,0.03483918,0.03843902,-0.06052624,25.98070526,1014.17041016,-,177.80000305,-,1437,-,42.2832756,-71.04972839,-,5.17000008,-,26.09758949
Wed May 10 08:34:45 EDT 2017,10-May-2017 08:36:16.532,-71.04958531,42.28328747,11.9,4.0,-19.0,84.5,3.93068075,0.16519992,8.44734192,0.015248,32.54901886,-0.03826842,0.07889152,0.06748183,-0.00073222,14.44608688,1014.12329102,-,177.80000305,-,1467,-,42.28328705,-71.04958344,-,8.60999966,-,26.09758949
Wed May 10 08:34:46 EDT 2017,10-May-2017 08:36:17.535,-71.0494392,42.28330392,12.01,3.0,-19.0,83.4,3.4482491,0.18076223,8.19295788,-0.02834648,30.58823586,-0.09338312,0.04936059,0.06613951,-0.04801833,13.8238678,1014.14672852,-,177.80000305,-,1456,-,42.28330231,-71.04943848,-,3.52999997,-,26.71896172
Wed May 10 08:34:47 EDT 2017,10-May-2017 08:36:18.539,-71.0493092,42.28332316,12.03,3.0,-20.0,82.9,3.01011014,0.30466217,8.1558485,-0.04791236,30.58823586,-0.07613814,0.03490018,0.06961733,-0.02361253,29.39955139,1014.22583008,-,177.80000305,-,1448,-,42.28332138,-71.04930878,-,3.55999994,-,25.47621918
Wed May 10 08:34:48 EDT 2017,10-May-2017 08:36:19.532,-71.04917021,42.28334043,11.79,3.0,-19.0,81.6,3.39557648,0.36272156,8.94533634,-0.01242787,30.58823586,-0.04126764,0.03544932,0.04399132,0.0137892,29.39955139,1014.19726562,-,177.80000305,-,1424,-,42.28334045,-71.04917145,-,3.52999997,-,25.47621918
Wed May 10 08:34:49 EDT 2017,10-May-2017 08:36:20.533,-71.04902523,42.28336055,11.5,3.0,-19.0,80.7,3.10707521,-0.61949968,9.05008221,-0.00566328,30.58823586,-0.0222326,0.01458242,-0.01543662,0.03935418,29.39955139,1014.18652344,-,177.80000305,-,1376,-,42.28335953,-71.04902649,-,3.26999998,-,24.23347664
Wed May 10 08:34:50 EDT 2017,10-May-2017 08:36:21.532,-71.04889227,42.28338535,11.09,3.0,-19.0,80.4,2.20625687,0.0748188,8.73225212,-0.01651275,30.19607925,-0.04811206,-0.04795725,-0.02080588,0.0312393,29.39955139,1014.30615234,-,177.80000305,-,1256,-,42.28338623,-71.04888916,-,3.16000009,-,22.36936378
Wed May 10 08:34:51 EDT 2017,10-May-2017 08:36:22.532,-71.04878102,42.28340242,10.13,3.0,-19.0,80.1,2.29005384,0.24779987,8.79210758,-0.00816715,30.19607925,-0.08385441,-0.05137405,0.01580271,-0.00292868,29.39955139,1014.25195312,-,177.80000305,-,879,-,42.28340149,-71.04878235,-,3.02999997,-,19.26250648
Wed May 10 08:34:52 EDT 2017,10-May-2017 08:36:23.535,-71.04867524,42.28342285,8.8,3.0,-19.0,79.0,2.99275208,-0.04249708,8.22647667,-0.01270067,30.19607925,-0.10733595,0.00292868,0.04338118,-0.04460153,15.68828487,1014.27807617,-,177.80000305,-,773,-,42.28342438,-71.04867554,-,3.08999991,-,16.77702141
Wed May 10 08:34:53 EDT 2017,10-May-2017 08:36:24.532,-71.04858524,42.28343817,7.73,3.0,-19.0,78.1,3.53444028,-0.30645782,8.4012537,0.0028888,30.19607925,-0.11987191,0.03270366,0.07901353,-0.07016646,14.30657005,1014.32592773,-,177.80000305,-,828,-,42.28343964,-71.04858398,-,3.05999994,-,16.15565109
Wed May 10 08:34:54 EDT 2017,10-May-2017 08:36:25.533,-71.04849686,42.28345176,7.31,3.0,-19.0,77.6,1.9153614,0.0664391,8.82083797,0.0026945,30.19607925,-0.07953901,-0.10689707,0.05448578,0.01598576,14.20114708,1014.29736328,-,177.80000305,-,856,-,42.28345108,-71.04850006,-,3.08999991,-,14.91290855
Wed May 10 08:34:55 EDT 2017,10-May-2017 08:36:26.533,-71.04842332,42.28346515,6.37,3.0,-19.0,77.6,2.22361493,-0.01975216,8.93755531,0.0041877,30.19607925,-0.06083777,-0.07547469,0.04569972,0.02788355,13.68435001,1014.37792969,-,177.80000305,-,866,-,42.28346634,-71.04842377,-,3.08999991,-,10.56331062
Wed May 10 08:34:56 EDT 2017,10-May-2017 08:36:27.533,-71.04836897,42.28347551,4.89,3.0,-19.0,77.3,3.4626143,0,8.5095911,0.00184995,30.19607925,-0.10664416,0.02794455,0.06272271,-0.05350959,13.56995583,1014.26782227,-,177.80000305,-,840,-,42.28347397,-71.04837036,-,3,-,8.69919682
Wed May 10 08:34:57 EDT 2017,10-May-2017 08:36:28.534,-71.04831806,42.28348263,4.13,3.0,-19.0,76.7,3.53563738,0.10175357,8.2977047,-0.01224145,30.19607925,-0.08020137,0.05826867,0.05808562,-0.03734077,13.76016521,1014.32641602,-,177.80000305,-,804,-,42.2834816,-71.04831696,-,2.91000009,-,8.07782555
Wed May 10 08:34:58 EDT 2017,10-May-2017 08:36:29.533,-71.04826836,42.28349133,3.93,3.0,-20.0,76.3,5.35582924,0.0700304,7.81527281,0.01881965,36.86274719,-0.03385831,0.2438132,0.05485187,-0.08651833,14.00734901,1014.33398438,-,177.80000305,-,1605,-,42.28349304,-71.04827118,-,18.89999962,-,9.32056808
Wed May 10 08:34:59 EDT 2017,10-May-2017 08:36:30.533,-71.04822259,42.2834956,4.35,3.0,-20.0,78.2,4.90811348,-0.31902736,8.33182144,0.05161095,36.47058868,-0.08061325,0.21660082,0.11867283,-0.12782502,13.8911581,1014.31616211,-,177.80000305,-,1596,-,42.28349686,-71.0482254,-,19.40999985,-,13.67016602
Wed May 10 08:35:00 EDT 2017,10-May-2017 08:36:31.533,-71.04814506,42.28350957,6.34,3.0,-19.0,75.1,5.15770912,0.47285482,7.84220743,0.02336651,38.4313736,-0.04165243,0.22361746,0.0959145,-0.0837727,14.89334965,1014.24194336,-,179.6000061,-,2034,-,42.2835083,-71.04814148,-,26.87000084,-,16.77702141
Wed May 10 08:35:01 EDT 2017,10-May-2017 08:36:32.533,-71.04804561,42.28352546,8.07,3.0,-20.0,75.6,3.54042578,0.29209262,8.00202084,-0.04218405,31.37254906,0.00566546,0.05912287,-0.02336848,0.05228925,15.55325317,1014.27368164,-,179.6000061,-,2316,-,42.28352356,-71.0480423,-,26.37000084,-,19.88387871
Wed May 10 08:35:02 EDT 2017,10-May-2017 08:36:33.532,-71.04793522,42.28354687,9.35,3.0,-20.0,74.9,3.47159243,0.28490999,8.75020885,-0.01158838,32.94117737,-0.05158287,0.05717042,0.08999611,-0.0068336,19.53465271,1014.27539062,-,179.6000061,-,1656,-,42.28354645,-71.04793549,-,4.55999994,-,20.50524902
Wed May 10 08:35:03 EDT 2017,10-May-2017 08:36:34.532,-71.04783475,42.28356864,9.27,3.0,-19.0,74.6,4.38198757,0.04967969,7.65486145,-0.00194329,34.50980377,-0.10055953,0.1445429,0.05277738,-0.10287015,14.59278202,1014.29541016,-,179.6000061,-,1557,-,42.28356934,-71.0478363,-,13.89999962,-,20.50524902
Wed May 10 08:35:04 EDT 2017,10-May-2017 08:36:35.532,-71.04772306,42.28359394,9.49,3.0,-19.0,74.0,3.56975484,0.37648821,8.60895061,0.0161435,31.37254906,-0.1350349,0.0775492,0.10116173,-0.10817841,14.97679138,1014.26391602,-,179.6000061,-,1610,-,42.28359222,-71.04772186,-,5.67999983,-,21.74799156
Wed May 10 08:35:05 EDT 2017,10-May-2017 08:36:36.535,-71.04760022,42.28362196,9.84,4.0,-20.0,73.1,3.20523763,0.26755205,8.42399883,-0.01547498,30.58823586,-0.04789735,0.02940889,0.04325915,0.00896911,14.3783474,1014.35668945,-,179.6000061,-,1558,-,42.28362274,-71.04759979,-,3.91000009,-,21.12662125
Wed May 10 08:35:06 EDT 2017,10-May-2017 08:36:37.535,-71.04748441,42.2836469,9.67,4.0,-19.0,72.8,3.29202724,0.17836803,8.4156189,-0.02103557,30.58823586,-0.07834407,0.03343584,0.06589545,-0.02532098,29.39955139,1014.25610352,-,179.6000061,-,1498,-,42.28364563,-71.04748535,-,3.78999996,-,19.88387871
Wed May 10 08:35:07 EDT 2017,10-May-2017 08:36:38.538,-71.04738381,42.28366753,9.15,4.0,-20.0,71.4,3.77206469,-0.05087679,9.27274323,0.01840357,32.15686417,0.00941991,0.09280276,0.0093962,0.04460143,26.35350037,1014.24462891,-,179.6000061,-,1454,-,42.28366852,-71.04738617,-,5.11999989,-,19.26250648
Wed May 10 08:35:08 EDT 2017,10-May-2017 08:36:39.535,-71.0472797,42.28369713,8.78,4.0,-20.0,70.5,3.26628971,-0.13826515,8.12532234,-0.02018149,30.58823586,-0.06167787,0.07913557,0.05131304,-0.0261752,14.15942669,1014.20849609,-,179.6000061,-,1431,-,42.28369904,-71.04727936,-,6.23999977,-,19.26250648
Wed May 10 08:35:09 EDT 2017,10-May-2017 08:36:40.532,-71.04717905,42.2837237,8.76,4.0,-20.0,70.4,4.30297899,-0.07422026,8.9315691,0.07598186,33.33333206,0.0109809,0.13648902,0.04014742,0.02727333,14.3792448,1014.23291016,-,179.6000061,-,1440,-,42.28372192,-71.04718018,-,10.47999954,-,19.26250648
Wed May 10 08:35:10 EDT 2017,10-May-2017 08:36:41.532,-71.04708631,42.28376149,8.8,4.0,-21.0,69.6,3.99053574,0.80086046,7.74703836,-0.04259115,31.76470566,-0.03703278,0.11629329,0.02770049,-0.01647387,13.60404968,1014.18994141,-,179.6000061,-,1496,-,42.28376007,-71.04708862,-,10.47999954,-,19.88387871
Wed May 10 08:35:11 EDT 2017,10-May-2017 08:36:42.535,-71.0470038,42.28380064,9.14,3.0,-21.0,68.6,3.35487509,0.41359833,9.02793598,0.01142944,30.58823586,-0.01699211,0.03984234,0.08987408,0.03709666,13.5829649,1014.21386719,-,179.6000061,-,1449,-,42.28380203,-71.0470047,-,3.75,-,19.88387871
Wed May 10 08:35:12 EDT 2017,10-May-2017 08:36:43.533,-71.04690238,42.28384373,9.02,3.0,-21.0,67.5,3.09091449,-0.83677351,9.03571701,0.0895579,30.58823586,-0.02246425,0.01293505,-0.03758482,0.03788984,29.39955139,1014.15039062,-,179.6000061,-,1402,-,42.28384399,-71.04690552,-,3.49000001,-,18.64113617
Wed May 10 08:35:13 EDT 2017,10-May-2017 08:36:44.534,-71.04680318,42.28387566,8.55,3.0,-21.0,66.5,3.37103605,-0.57221419,8.41023159,-0.00919729,32.54901886,-0.09873349,0.05558404,0.01842632,-0.05680438,29.39955139,1014.16064453,-,179.6000061,-,1362,-,42.28387451,-71.04680634,-,6.96000004,-,18.01976395
Wed May 10 08:35:14 EDT 2017,10-May-2017 08:36:45.538,-71.04670955,42.28390417,8.33,4.0,-21.0,66.6,3.80678082,-0.22744916,8.15824223,-0.01665515,32.94117737,-0.08168779,0.08590817,0.02452775,-0.05155713,17.02737999,1014.19238281,-,179.6000061,-,1380,-,42.28390503,-71.04670715,-,8.60999966,-,18.64113617
Wed May 10 08:35:15 EDT 2017,10-May-2017 08:36:46.538,-71.0466141,42.28393475,8.58,4.0,-21.0,66.5,2.97300005,0.03052607,8.12771606,-0.05244732,30.58823586,-0.08587965,0.01763313,0.04789623,-0.02715143,13.91762638,1014.14941406,-,179.6000061,-,1418,-,42.28393555,-71.0466156,-,3.45000005,-,18.64113617
Wed May 10 08:35:16 EDT 2017,10-May-2017 08:36:47.532,-71.04650972,42.28396511,8.67,4.0,-22.0,66.1,3.48895049,-0.45489833,8.84477997,-0.0197542,30.58823586,-0.17471835,0.00707765,0.10854446,-0.12074737,29.39955139,1014.19873047,-,181.3999939,-,1370,-,42.28396606,-71.04650879,-,3.38000011,-,18.01976395
Wed May 10 08:35:17 EDT 2017,10-May-2017 08:36:48.532,-71.04641952,42.28399528,8.45,4.0,-21.0,64.6,3.07295799,0.05865794,8.57184029,-0.00489368,30.19607925,-0.07142562,0.01110462,0.05369259,-0.00939627,29.39955139,1014.18823242,-,181.3999939,-,1310,-,42.28399658,-71.04641724,-,3.16000009,-,17.39839363
Wed May 10 08:35:18 EDT 2017,10-May-2017 08:36:49.533,-71.0463255,42.2840339,8.43,5.0,-21.0,63.6,3.02327824,0.21667525,8.09898567,-0.05314666,30.19607925,-0.10138352,0.0392322,0.02660224,-0.05253336,29.39955139,1014.19946289,-,181.3999939,-,1246,-,42.28403473,-71.04632568,-,3.02999997,-,16.77702141
Wed May 10 08:35:19 EDT 2017,10-May-2017 08:36:50.533,-71.0462357,42.28405471,8.14,6.0,-21.0,65.9,3.88040233,0.08379706,8.11454773,-0.01773,32.15686417,-0.05420906,0.07480355,0.04942159,-0.01610776,16.67073631,1014.15820312,-,181.3999939,-,1215,-,42.2840538,-71.04623413,-,6.73999977,-,16.15565109
Wed May 10 08:35:20 EDT 2017,10-May-2017 08:36:51.533,-71.04615015,42.28407131,7.59,4.0,-21.0,63.1,3.07595062,0.19153613,8.28513527,-0.01811337,30.19607925,-0.09859384,0.01140968,0.06723776,-0.03862206,14.09303188,1014.19433594,-,181.3999939,-,1220,-,42.28407288,-71.04615021,-,2.91000009,-,16.77702141
Wed May 10 08:35:21 EDT 2017,10-May-2017 08:36:52.532,-71.04605118,42.28409595,7.65,5.0,-20.0,61.8,3.36445189,-0.36930561,8.65982723,-0.01644803,30.19607925,-0.13521637,0.01397228,0.00762679,-0.07956268,29.39955139,1014.19140625,-,181.3999939,-,1207,-,42.28409576,-71.04605103,-,3.05999994,-,16.15565109
Wed May 10 08:35:22 EDT 2017,10-May-2017 08:36:53.535,-71.04596811,42.28412742,7.36,4.0,-20.0,62.4,4.11383724,-0.35553896,8.17799473,-0.00077885,32.94117737,-0.06809619,0.0600991,0.05656027,-0.02495487,29.39955139,1014.23413086,-,181.3999939,-,1195,-,42.28412628,-71.0459671,-,8.60999966,-,15.53427982
Wed May 10 08:35:23 EDT 2017,10-May-2017 08:36:54.532,-71.04590711,42.28416755,7.12,4.0,-22.0,62.1,4.73154116,-0.73801267,8.56405926,0.06554961,34.50980377,0.00054509,0.18017527,-0.02751745,-0.01018944,14.88303185,1014.09790039,-,181.3999939,-,1241,-,42.28416824,-71.04590607,-,13.06000042,-,16.15565109
Wed May 10 08:35:24 EDT 2017,10-May-2017 08:36:55.533,-71.0458146,42.28420546,7.63,4.0,-22.0,61.3,4.90033245,0.01436521,8.18218422,0.03755611,36.47058868,-0.00614119,0.20104218,0.03520526,-0.02660226,13.24291992,1014.20336914,-,181.3999939,-,1414,-,42.28420639,-71.04581451,-,20.17000008,-,19.26250648
Wed May 10 08:35:25 EDT 2017,10-May-2017 08:36:56.533,-71.04572981,42.28424376,8.74,3.0,-23.0,61.4,4.39755011,-0.31244332,8.00202084,-0.00216767,37.25490189,-0.04225729,0.200249,0.03911017,-0.06821401,14.29849529,1014.17529297,-,181.3999939,-,1656,-,42.28424454,-71.04573059,-,21.32999992,-,21.74799156
Wed May 10 08:35:26 EDT 2017,10-May-2017 08:36:57.545,-71.04561651,42.28428487,9.94,3.0,-24.0,61.6,2.52348852,-0.14425065,8.81604958,-0.01072106,30.58823586,-0.06479439,-0.04490654,0.03300874,0.01549764,14.27427006,1014.21362305,-,181.3999939,-,1645,-,42.2842865,-71.04561615,-,4.19000006,-,21.74799156
Wed May 10 08:35:27 EDT 2017,10-May-2017 08:36:58.535,-71.04552218,42.28432936,9.89,3.0,-24.0,60.1,3.38899255,0.17896658,8.765172,0.02347368,30.58823586,-0.06940602,-0.004271,0.09060625,-0.00292868,29.39955139,1014.16625977,-,181.3999939,-,1511,-,42.28432846,-71.0455246,-,3.6400001,-,19.88387871
Wed May 10 08:35:28 EDT 2017,10-May-2017 08:36:59.532,-71.04542278,42.28436839,9.05,3.0,-25.0,60.8,3.54521418,-1.04327345,8.2785511,-0.01050031,30.58823586,-0.07553085,0.0592449,-0.05863476,-0.03929323,29.39955139,1014.22265625,-,181.3999939,-,1405,-,42.28436661,-71.04542542,-,3.49000001,-,18.64113617
Wed May 10 08:35:29 EDT 2017,10-May-2017 08:37:00.532,-71.04533538,42.28440492,8.55,3.0,-24.0,60.6,4.47416449,0.04967969,8.06007957,0.00811868,34.50980377,-0.05994833,0.15393911,0.05277738,-0.06156351,14.23748493,1014.22485352,-,181.3999939,-,1494,-,42.28440475,-71.04533386,-,13.06000042,-,19.26250648
Wed May 10 08:35:30 EDT 2017,10-May-2017 08:37:01.533,-71.04523765,42.28444381,9.01,4.0,-24.0,62.5,4.98053789,-0.27353755,8.36653805,0.009647,36.47058868,-0.11468058,0.16028459,0.05472984,-0.1286182,13.78573513,1014.19848633,-,181.3999939,-,1667,-,42.2844429,-71.04523468,-,20.29999924,-,21.12662125
Wed May 10 08:35:31 EDT 2017,10-May-2017 08:37:02.532,-71.04514019,42.28448117,10.06,3.0,-24.0,62.3,4.18326902,0.69371992,8.15943909,0.00227024,31.76470566,-0.06231882,0.12428617,0.11842877,-0.05143512,14.51248074,1014.22265625,-,181.3999939,-,1772,-,42.28448105,-71.04514313,-,13.89999962,-,23.61210442
Wed May 10 08:35:32 EDT 2017,10-May-2017 08:37:03.532,-71.04502124,42.28453472,10.91,3.0,-25.0,61.4,3.22977805,0.28850129,8.49821854,-0.00745237,30.98039246,-0.07248185,0.02709035,0.07712208,-0.01690103,14.17961502,1014.22045898,-,181.3999939,-,1817,-,42.28453445,-71.04502106,-,4.61000013,-,23.61210442
Wed May 10 08:35:33 EDT 2017,10-May-2017 08:37:04.535,-71.0449115,42.28458145,10.91,3.0,-24.0,59.5,3.42550397,-0.22864626,8.77834034,0.02618158,30.98039246,-0.10945216,0.02904281,0.08175918,-0.0575365,29.39955139,1014.25537109,-,181.3999939,-,1735,-,42.28458023,-71.04491425,-,4.26999998,-,22.9907341
Wed May 10 08:35:34 EDT 2017,10-May-2017 08:37:05.532,-71.04480267,42.28463378,10.58,3.0,-24.0,58.9,3.81396341,-0.55485624,8.10257721,-0.03745471,32.15686417,-0.08505861,0.08664034,-0.00884708,-0.05723144,29.39955139,1014.20263672,-,181.3999939,-,1714,-,42.28463364,-71.0447998,-,7.86999989,-,22.9907341
Wed May 10 08:35:35 EDT 2017,10-May-2017 08:37:06.534,-71.04469163,42.28467903,10.51,3.0,-23.0,58.6,3.84927773,-0.142455,8.23545551,-0.01462243,31.76470566,-0.11377265,0.05387565,0.0306902,-0.07211897,13.89699173,1014.23242188,-,181.3999939,-,1738,-,42.28467941,-71.04469299,-,5.67999983,-,22.9907341
Wed May 10 08:35:36 EDT 2017,10-May-2017 08:37:07.532,-71.04458813,42.28472566,10.57,3.0,-22.0,58.8,3.82713151,0.02274492,7.84759474,-0.04463291,33.33333206,0.01693668,0.08603019,-0.00475911,0.05491288,13.50042152,1014.2277832,-,181.3999939,-,1697,-,42.28472519,-71.04458618,-,10.01000023,-,22.9907341
Wed May 10 08:35:37 EDT 2017,10-May-2017 08:37:08.532,-71.04447516,42.28477995,10.55,3.0,-22.0,58.8,3.69485188,0.37888241,7.72249746,-0.06112945,33.33333206,-0.1261773,0.07449849,0.08633525,-0.09597556,13.50400925,1014.26879883,-,181.3999939,-,1775,-,42.28477859,-71.04447174,-,10.56000042,-,23.61210442
Wed May 10 08:35:38 EDT 2017,10-May-2017 08:37:09.533,-71.0443646,42.28483224,10.75,3.0,-22.0,58.4,3.8546648,0.37888241,7.42142677,-0.08130479,34.50980377,-0.11328899,0.08596916,0.04258799,-0.08627427,13.8611021,1014.24926758,-,181.3999939,-,1811,-,42.284832,-71.04436493,-,13.80000019,-,24.23347664
Wed May 10 08:35:39 EDT 2017,10-May-2017 08:37:10.533,-71.04425919,42.28488173,11.0,3.0,-22.0,59.1,3.49194312,0.50397944,8.24622917,-0.03020262,32.15686417,-0.07592489,0.04325914,0.07815933,-0.02696837,13.66685486,1014.15380859,-,181.3999939,-,1842,-,42.28488159,-71.04425812,-,6.67999983,-,24.23347664
Wed May 10 08:35:40 EDT 2017,10-May-2017 08:37:11.533,-71.04413755,42.28494057,11.2,3.0,-22.0,58.5,3.19386506,-0.15382746,8.96209526,0.02099179,32.54901886,-0.0296952,0.0234295,0.03203251,0.03038507,15.39937973,1014.18725586,-,181.3999939,-,1798,-,42.28493881,-71.04413605,-,6.57000017,-,24.23347664
Wed May 10 08:35:41 EDT 2017,10-May-2017 08:37:12.532,-71.04402789,42.28499583,11.04,3.0,-22.0,58.8,3.78882408,-0.26874915,9.08419991,0.069049,33.33333206,-0.07718045,0.06546836,0.0729121,-0.03746277,14.83278751,1014.25634766,-,181.3999939,-,1814,-,42.28499603,-71.04402924,-,10.31999969,-,24.23347664
Wed May 10 08:35:42 EDT 2017,10-May-2017 08:37:13.532,-71.04391961,42.28503949,11.05,3.0,-22.0,58.0,3.45004463,-0.74399817,8.35037708,-0.01053536,31.76470566,-0.1183164,0.02702935,0.07638992,-0.06607854,15.01716614,1014.2121582,-,181.3999939,-,1821,-,42.28503799,-71.04392242,-,6.03000021,-,24.23347664
Wed May 10 08:35:43 EDT 2017,10-May-2017 08:37:14.533,-71.04380654,42.28509794,11.18,3.0,-23.0,57.4,3.50151992,0.54228669,9.00818348,0.00403843,31.76470566,-0.01291639,0.05479085,0.10299215,0.03508316,14.65827847,1014.23291016,-,181.3999939,-,1818,-,42.28509903,-71.04380798,-,6.51999998,-,24.23347664
Wed May 10 08:35:44 EDT 2017,10-May-2017 08:37:15.538,-71.0436956,42.28514686,11.12,3.0,-23.0,57.4,4.01088619,-0.63446343,8.3024931,-0.03551958,32.94117737,-0.07471682,0.09292479,0.01348416,-0.04753021,15.61561012,1014.19604492,-,181.3999939,-,1828,-,42.28514862,-71.04369354,-,9.38000011,-,24.23347664
Wed May 10 08:35:45 EDT 2017,10-May-2017 08:37:16.535,-71.04357359,42.28520664,11.27,3.0,-23.0,57.9,3.55538964,0.05985504,8.64306831,0.03295824,32.15686417,-0.04697713,0.06028216,0.05381462,-0.00213551,15.25223732,1014.27954102,-,181.3999939,-,1886,-,42.28520584,-71.04357147,-,6.63000011,-,25.47621918
Wed May 10 08:35:46 EDT 2017,10-May-2017 08:37:17.532,-71.0434564,42.28526035,11.49,4.0,-23.0,58.0,3.84808064,-0.46806642,8.36773491,0.00541019,33.33333206,-0.05961487,0.09011813,0,-0.03020211,15.39040852,1014.33178711,-,181.3999939,-,1926,-,42.28525925,-71.04345703,-,10.56000042,-,25.47621918
Wed May 10 08:35:47 EDT 2017,10-May-2017 08:37:18.532,-71.04333328,42.28531508,11.82,4.0,-23.0,58.1,4.2742486,0.30226797,8.3964653,0.02626586,32.94117737,0.00213757,0.12593356,0.06070924,0.02245324,15.5703001,1014.29101562,-,181.3999939,-,1992,-,42.28531647,-71.04333496,-,15.35000038,-,26.71896172
Wed May 10 08:35:48 EDT 2017,10-May-2017 08:37:19.535,-71.04322084,42.28537083,11.05,4.0,-22.0,57.5,3.54641128,0.22744916,8.13549709,-0.02251258,32.54901886,-0.09471779,0.05936693,0.07089863,-0.0538757,14.94718361,1014.28979492,-,181.3999939,-,2018,-,42.28536987,-71.04322052,-,8.92000008,-,26.71896172
Wed May 10 08:35:49 EDT 2017,10-May-2017 08:37:20.535,-71.04309787,42.28543415,11.94,5.0,-22.0,56.1,3.58531713,-0.29209262,7.70693541,-0.01211705,32.15686417,-0.03875577,0.05338753,-0.04746914,0.00445398,14.79331017,1014.34033203,-,181.3999939,-,2038,-,42.28543472,-71.04309845,-,6.8499999,-,27.34033203
Wed May 10 08:35:50 EDT 2017,10-May-2017 08:37:21.533,-71.04298692,42.28549053,11.86,7.0,-22.0,57.1,3.58890843,-1.83276141,8.23425865,-0.00015241,32.94117737,-0.1096306,0.05717042,-0.13996683,-0.0907893,14.90546322,1014.28149414,-,181.3999939,-,2041,-,42.28549194,-71.04298401,-,7.73000002,-,27.34033203
Wed May 10 08:35:51 EDT 2017,10-May-2017 08:37:22.533,-71.04287987,42.28551462,11.22,8.0,-21.0,60.9,4.18147326,-2.09193373,9.59895325,0.15373719,34.11764908,0.08876282,0.12410311,-0.16553183,0.09530433,14.71166325,1014.28295898,-,181.3999939,-,2069,-,42.28551483,-71.0428772,-,12.43000031,-,27.96170425
Wed May 10 08:35:52 EDT 2017,10-May-2017 08:37:23.532,-71.04271988,42.28552475,11.99,5.0,-22.0,67.2,4.12640667,-2.13981771,8.32463932,0.03725719,35.68627548,-0.13198154,0.09658565,-0.18279888,-0.14777669,15.39040852,1014.26171875,-,183.19999695,-,2133,-,42.28552628,-71.04271698,-,19.28000069,-,28.58307457
Wed May 10 08:35:53 EDT 2017,10-May-2017 08:37:24.533,-71.04252061,42.28556944,12.81,4.0,-21.0,77.5,4.77583361,-2.51391172,8.31865406,0.02654818,36.07843018,0.03700827,0.13368234,-0.2127569,0.02062279,14.57932377,1014.24682617,-,183.19999695,-,2237,-,42.28556824,-71.04251862,-,22.37000084,-,29.82581711
Wed May 10 08:35:54 EDT 2017,10-May-2017 08:37:25.533,-71.04234319,42.28557192,13.68,4.0,-22.0,86.7,4.89374828,-2.63302326,8.79988861,0.04790598,36.07843018,0.06128708,0.19671014,-0.22068876,0.01385025,14.47165775,1014.23144531,-,183.19999695,-,2336,-,42.28557205,-71.04234314,-,20.17000008,-,31.68992996
Wed May 10 08:35:55 EDT 2017,10-May-2017 08:37:26.533,-71.04217083,42.28556463,14.28,4.0,-22.0,95.6,4.85603952,-1.88244104,8.2737627,0.06193078,38.4313736,-0.04703828,0.17846687,-0.21672285,-0.1043345,14.61162376,1014.15356445,-,183.19999695,-,2532,-,42.28556442,-71.04216766,-,30.85000038,-,34.17541504
Wed May 10 08:35:56 EDT 2017,10-May-2017 08:37:27.533,-71.04197798,42.28553405,15.22,4.0,-21.0,104.8,4.8386817,-2.61327124,8.84956837,0.12743223,42.35294342,0.06842006,0.23984729,-0.23582032,-0.00762677,14.90187359,1014.19238281,-,181.3999939,-,2640,-,42.28553391,-71.04197693,-,45.72999954,-,35.41815948
