Wed May 10 08:35:57 EDT 2017,10-May-2017 08:37:28.532,-71.04179926,42.28547214,16.04,4.0,-21.0,113.4,5.21636677,-2.26611185,8.09180355,0.01207987,42.35294342,0.00855569,0.22959684,-0.18328698,-0.05832968,14.61880207,1013.97460938,-,183.19999695,-,2820,-,42.28547287,-71.04180145,-,45.06000137,-,37.90364456
Wed May 10 08:35:58 EDT 2017,10-May-2017 08:37:29.533,-71.04160382,42.28538506,17.28,4.0,-19.0,120.4,3.79959798,-1.08098209,7.95293951,0.01692382,31.76470566,-0.03671133,0.09902624,-0.04386929,-0.01256896,14.23254967,1013.828125,-,183.19999695,-,2884,-,42.28538513,-71.04160309,-,24.64999962,-,38.52501297
Wed May 10 08:35:59 EDT 2017,10-May-2017 08:37:30.532,-71.04141901,42.28530102,17.57,3.0,-18.0,123.7,3.38360548,0.23104046,7.34361506,-0.0800481,35.29411697,-0.09084402,0.09524333,-0.01482648,-0.06821401,16.47290039,1013.81665039,-,183.19999695,-,2119,-,42.28530121,-71.04141998,-,16.55999947,-,37.28227234
Wed May 10 08:36:00 EDT 2017,10-May-2017 08:37:31.536,-71.04126178,42.28521152,17.13,3.0,-19.0,124.9,3.62182856,-0.38367084,7.72668743,-0.063905,33.72549057,-0.12895377,0.06705473,0.00860302,-0.09554844,14.34290791,1013.72802734,-,183.19999695,-,2100,-,42.28520966,-71.04125977,-,11.27000046,-,37.28227234
Wed May 10 08:36:01 EDT 2017,10-May-2017 08:37:32.533,-71.04108298,42.28512959,17.01,3.0,-19.0,125.3,4.63397741,-0.80983871,8.62810421,0.06709898,32.54901886,0.19521475,0.12629962,0.03551033,0.23209846,14.36219788,1013.60400391,-,183.19999695,-,2061,-,42.28512955,-71.04108429,-,8.84000015,-,36.66090012
Wed May 10 08:36:02 EDT 2017,10-May-2017 08:37:33.534,-71.04090841,42.28503616,16.71,3.0,-19.0,126.0,4.47596025,-0.26036942,8.5437088,0.01573567,36.47058868,-0.01610875,0.15412217,0.02117197,-0.0122639,14.57079983,1013.51074219,-,183.19999695,-,2071,-,42.28503799,-71.04090881,-,23.29999924,-,37.28227234
Wed May 10 08:36:03 EDT 2017,10-May-2017 08:37:34.533,-71.04075191,42.28494753,16.85,3.0,-18.0,127.0,3.40635037,0.22685061,8.08581734,-0.03383778,31.76470566,-0.10499862,0.04508957,0.07083762,-0.05893989,14.59143639,1013.38793945,-,183.19999695,-,2043,-,42.28494644,-71.0407486,-,7.44999981,-,36.03952789
Wed May 10 08:36:04 EDT 2017,10-May-2017 08:37:35.532,-71.04058883,42.28485447,16.6,3.0,-17.0,127.8,2.56059861,0.29867667,7.61715269,-0.11492163,30.98039246,-0.10569952,-0.0050642,0.05533998,-0.04002545,29.39955139,1013.33349609,-,183.19999695,-,1952,-,42.28485489,-71.04058838,-,5.05999994,-,34.79678726
Wed May 10 08:36:05 EDT 2017,10-May-2017 08:37:36.533,-71.04043211,42.2847677,15.92,3.0,-17.0,127.2,4.00789356,-1.29107332,7.95832634,-0.01685435,34.11764908,-0.08188703,0.10640895,-0.08389468,-0.07193591,14.09886456,1013.26196289,-,183.19999695,-,1900,-,42.28476715,-71.04043579,-,10.81999969,-,33.55404282
Wed May 10 08:36:06 EDT 2017,10-May-2017 08:37:37.532,-71.04027461,42.28468985,15.31,3.0,-17.0,125.9,2.98676658,-0.34656069,6.18601847,-0.11229707,33.33333206,-0.2986331,0.00231854,0.01238591,-0.2525993,13.53989792,1013.1809082,-,183.19999695,-,1884,-,42.28469086,-71.04027557,-,12.78999996,-,33.55404282
Wed May 10 08:36:07 EDT 2017,10-May-2017 08:37:38.533,-71.04013567,42.28461009,15.32,3.0,-16.0,125.9,4.53880787,-0.31064767,8.30548573,0.00849481,35.29411697,-0.06864736,0.08365063,0.02159907,-0.03624254,13.80233383,1013.1472168,-,183.19999695,-,1900,-,42.28461075,-71.04013824,-,17.55999947,-,33.55404282
Wed May 10 08:36:08 EDT 2017,10-May-2017 08:37:39.535,-71.03999131,42.28453108,15.45,3.0,-16.0,126.6,3.99951386,0.077213,7.57944393,0.00727825,34.90196228,-0.12607262,0.10555475,0.05558404,-0.11055797,14.45012474,1013.18359375,-,183.19999695,-,1950,-,42.28453064,-71.03999329,-,16.67000008,-,34.17541504
Wed May 10 08:36:09 EDT 2017,10-May-2017 08:37:40.533,-71.03983819,42.28444077,15.77,3.0,-16.0,127.2,4.61901379,-2.55700731,11.32636929,0.33919001,35.68627548,0.6865859,0.29628551,-0.19292726,0.67457414,14.90187359,1013.0859375,-,183.19999695,-,1985,-,42.28443909,-71.0398407,-,18.78000069,-,35.41815948
Wed May 10 08:36:10 EDT 2017,10-May-2017 08:37:41.532,-71.03968353,42.2843449,16.18,3.0,-17.0,128.4,3.63080692,-0.85473001,8.09778881,-0.02582848,32.15686417,-0.14539455,0.09792799,0.00518621,-0.12953341,14.8498354,1013.03125,-,183.19999695,-,2036,-,42.28434372,-71.03968048,-,12.88000011,-,36.03952789
Wed May 10 08:36:11 EDT 2017,10-May-2017 08:37:42.532,-71.03953654,42.28425645,16.57,3.0,-15.0,129.9,2.31998134,-0.4333505,5.46117401,-0.11763564,31.37254906,-0.39333719,-0.06565141,0.00353883,-0.32648763,18.99004173,1013.00561523,-,183.19999695,-,2016,-,42.28425598,-71.03953552,-,4.96000004,-,36.03952789
Wed May 10 08:36:12 EDT 2017,10-May-2017 08:37:43.540,-71.03938503,42.28415622,16.49,3.0,-15.0,131.7,3.28723884,-0.47105917,9.24221706,-0.0222299,30.98039246,-0.07289248,0.01043345,0.00305072,-0.01183684,29.39955139,1013.09326172,-,183.19999695,-,1996,-,42.2841568,-71.03938293,-,4.90999985,-,35.41815948
Wed May 10 08:36:13 EDT 2017,10-May-2017 08:37:44.536,-71.03924368,42.28405295,16.29,3.0,-16.0,133.1,3.57155037,-0.39324763,8.58979702,0.01233315,32.15686417,-0.07586423,0.06613952,-0.04527262,-0.04106263,13.97370338,1013.0559082,-,183.19999695,-,2011,-,42.2840538,-71.03924561,-,7.03000021,-,35.41815948
Wed May 10 08:36:14 EDT 2017,10-May-2017 08:37:45.535,-71.03910626,42.2839484,16.32,3.0,-16.0,133.9,3.71759677,-0.35434186,9.24401283,0.08164048,32.15686417,0.01664148,0.07681703,0.01159272,0.05912285,13.74895096,1013.21118164,-,183.19999695,-,2007,-,42.28394699,-71.03910828,-,7.17000008,-,36.03952789
Wed May 10 08:36:15 EDT 2017,10-May-2017 08:37:46.539,-71.03897048,42.28385133,16.33,4.0,-16.0,133.9,3.34948826,0.5231331,8.84896946,0.03131235,31.37254906,-0.1849861,-0.00799288,0.09237567,-0.12471328,29.39955139,1013.16796875,-,183.19999695,-,2004,-,42.28385162,-71.03897095,-,5.17000008,-,35.41815948
Wed May 10 08:36:16 EDT 2017,10-May-2017 08:37:47.533,-71.03882498,42.28375122,16.33,4.0,-16.0,133.6,2.97060585,-0.29328972,9.58518696,-0.00796099,30.98039246,0.02371751,0.00067117,0.01781618,0.09390105,29.39955139,1013.20703125,-,183.19999695,-,1984,-,42.28375244,-71.03882599,-,4.86000013,-,34.79678726
Wed May 10 08:36:17 EDT 2017,10-May-2017 08:37:48.537,-71.03868486,42.28364815,16.06,3.0,-17.0,133.6,3.19506216,-0.88765025,8.66760826,0.03450853,30.98039246,-0.05367383,0.02355153,-0.04277103,0.00036601,29.39955139,1013.26806641,-,183.19999695,-,1952,-,42.28364944,-71.03868866,-,4.96000004,-,34.79678726
Wed May 10 08:36:18 EDT 2017,10-May-2017 08:37:49.533,-71.03854441,42.28355597,15.91,3.0,-16.0,134.8,4.04799652,-0.47524905,6.03219128,-0.19254643,30.98039246,0.15725613,-0.02550398,0.03386294,0.24003029,29.39955139,1013.35498047,-,183.19999695,-,1934,-,42.28355408,-71.0385437,-,4.80999994,-,34.79678726
Wed May 10 08:36:19 EDT 2017,10-May-2017 08:37:50.533,-71.0384181,42.28346694,15.74,3.0,-17.0,136.9,3.44046783,-0.25258827,7.61236429,-0.08271146,30.98039246,-0.14776668,0.04856739,0.02196515,-0.10720217,29.39955139,1013.34130859,-,183.19999695,-,1905,-,42.28346634,-71.03842163,-,4.76000023,-,34.17541504
Wed May 10 08:36:20 EDT 2017,10-May-2017 08:37:51.535,-71.03828563,42.28335541,15.56,3.0,-18.0,137.7,2.82096815,0.533907,5.83646536,-0.05359207,30.98039246,-0.33673561,-0.01458242,0.10213795,-0.28823161,29.39955139,1013.48242188,-,183.19999695,-,1886,-,42.28335571,-71.0382843,-,4.76000023,-,33.55404282
Wed May 10 08:36:21 EDT 2017,10-May-2017 08:37:52.533,-71.03815806,42.28325586,15.32,3.0,-18.0,137.5,3.33871436,0.63745618,9.04110432,-0.01119286,30.98039246,-0.11478586,0.02605312,0.11019185,-0.06375998,29.39955139,1013.5324707,-,183.19999695,-,1846,-,42.28325653,-71.0381546,-,4.71000004,-,32.93267441
Wed May 10 08:36:22 EDT 2017,10-May-2017 08:37:53.536,-71.03804214,42.28315385,15.03,3.0,-18.0,136.4,3.3069911,-0.0688333,9.2601738,0.06259429,30.98039246,0.00270692,0.0349612,0.04069655,0.06077024,29.39955139,1013.48608398,-,183.19999695,-,1811,-,42.28315353,-71.03804016,-,4.61000013,-,32.31130219
Wed May 10 08:36:23 EDT 2017,10-May-2017 08:37:54.537,-71.03791425,42.28306366,14.72,3.0,-18.0,134.7,3.01011014,-0.69671267,9.70549488,0.1036154,30.98039246,-0.14188461,0.03880511,0.05826867,-0.09609756,29.39955139,1013.58837891,-,183.19999695,-,1773,-,42.28306198,-71.03791046,-,4.40999985,-,31.68992996
Wed May 10 08:36:24 EDT 2017,10-May-2017 08:37:55.532,-71.03779526,42.28297242,14.44,4.0,-18.0,134.5,3.19206953,0.37110126,8.85615253,0.02571023,30.98039246,-0.04501706,0.01116562,-0.08078294,0.00939617,29.39955139,1013.59057617,-,183.19999695,-,1753,-,42.28297424,-71.03779602,-,4.36000013,-,31.06855965
Wed May 10 08:36:25 EDT 2017,10-May-2017 08:37:56.535,-71.03765973,42.28287987,14.23,3.0,-18.0,133.8,3.97437477,-0.01256956,6.84203005,0.03053105,32.94117737,-0.1931397,0.10299215,0.04643189,-0.18572758,14.96467876,1013.54638672,-,183.19999695,-,1769,-,42.28287888,-71.03765869,-,7.0999999,-,31.06855965
Wed May 10 08:36:26 EDT 2017,10-May-2017 08:37:57.537,-71.03753662,42.28278895,14.42,3.0,-19.0,134.1,3.46201563,-0.43993455,7.49205589,-0.01046555,32.94117737,-0.05294375,0.04649291,0.06613951,-0.00317279,14.26215839,1013.71923828,-,183.19999695,-,1835,-,42.28278732,-71.03753662,-,9.46000004,-,32.31130219
Wed May 10 08:36:27 EDT 2017,10-May-2017 08:37:58.533,-71.03740309,42.28269596,15.03,3.0,-21.0,134.1,3.8762126,0.92296475,3.55898094,-0.39004761,30.98039246,0.02467146,-0.01757213,-0.20348273,0.06821396,13.21375942,1013.79467773,-,183.19999695,-,1899,-,42.28269577,-71.03739929,-,4.80999994,-,34.17541504
Wed May 10 08:36:28 EDT 2017,10-May-2017 08:37:59.534,-71.03726257,42.28260234,15.46,3.0,-23.0,134.1,3.53384161,-0.26994625,9.43614769,0.0928458,30.98039246,0.02785059,0.05808562,0.02019574,0.07870845,29.39955139,1013.9765625,-,181.3999939,-,1928,-,42.28260422,-71.03726196,-,4.86000013,-,34.17541504
Wed May 10 08:36:29 EDT 2017,10-May-2017 08:38:00.534,-71.03712008,42.28250765,15.58,3.0,-23.0,133.7,2.97659135,-0.46387658,8.71249962,0.00506264,30.98039246,-0.09717045,0.04624885,-0.00408796,-0.0522283,29.39955139,1014.04516602,-,181.3999939,-,1928,-,42.28250885,-71.037117,-,4.76000023,-,34.17541504
Wed May 10 08:36:30 EDT 2017,10-May-2017 08:38:01.537,-71.03697053,42.28240585,15.67,3.0,-25.0,135.0,3.90673852,-0.62309098,9.18655205,0.01000785,32.54901886,-0.10940041,0.05015377,0.00134231,-0.06687172,29.39955139,1014.12280273,-,181.3999939,-,1912,-,42.28240585,-71.03697205,-,7.86999989,-,34.17541504
Wed May 10 08:36:31 EDT 2017,10-May-2017 08:38:02.536,-71.03684242,42.28231341,15.57,4.0,-25.0,135.2,3.58232427,-0.29807812,7.38491535,-0.07539102,34.50980377,-0.16247295,0.06302778,0.01732806,-0.13038759,13.97415161,1014.09057617,-,181.3999939,-,1917,-,42.2823143,-71.03684235,-,14.01000023,-,34.17541504
Wed May 10 08:36:32 EDT 2017,10-May-2017 08:38:03.535,-71.03671269,42.28220832,15.61,4.0,-24.0,135.6,4.00071096,-0.87029231,8.6813755,0.04377687,33.72549057,-0.11032206,0.0686411,0.00762679,-0.07577983,13.46677494,1014.01464844,-,181.3999939,-,1929,-,42.28220749,-71.03671265,-,15.46000004,-,34.17541504
Wed May 10 08:36:33 EDT 2017,10-May-2017 08:38:04.533,-71.03657528,42.28210844,15.71,4.0,-23.0,135.5,3.44525623,-0.32680854,7.97628307,-0.04834461,32.54901886,-0.0557133,0.11299849,-0.00677259,-0.03715772,13.61346912,1013.953125,-,181.3999939,-,1934,-,42.28210831,-71.03657532,-,7.44999981,-,34.17541504
Wed May 10 08:36:34 EDT 2017,10-May-2017 08:38:05.535,-71.03644499,42.28200838,15.73,4.0,-24.0,135.2,3.63619375,-0.1400608,8.77115822,0.01364668,31.76470566,-0.03167364,0.06851906,0.03343584,0.01092156,13.3523798,1013.97021484,-,181.3999939,-,1918,-,42.28200912,-71.03644562,-,6.46000004,-,33.55404282
Wed May 10 08:36:35 EDT 2017,10-May-2017 08:38:06.533,-71.03631763,42.28191473,15.54,3.0,-24.0,134.6,3.28364754,-0.62069678,8.136096,-0.0264784,32.15686417,-0.04855341,0.04222191,0.02721238,0.00317269,14.71659851,1013.91552734,-,181.3999939,-,1865,-,42.28191376,-71.03631592,-,6.9000001,-,32.93267441
Wed May 10 08:36:36 EDT 2017,10-May-2017 08:38:07.536,-71.03618867,42.28181668,15.15,3.0,-24.0,133.9,2.96162748,-0.42676646,8.22827244,-0.05593893,31.76470566,-0.10719297,-0.00024406,0.00420999,-0.04441847,14.79331017,1013.96386719,-,181.3999939,-,1847,-,42.28181839,-71.03618622,-,6.57000017,-,32.93267441
Wed May 10 08:36:37 EDT 2017,10-May-2017 08:38:08.538,-71.03605714,42.28172668,14.81,4.0,-23.0,133.6,3.21361732,-0.60992289,7.10060358,0.00713354,32.94117737,-0.05789091,0.08328454,-0.06314981,-0.03105634,14.96961403,1013.86376953,-,181.3999939,-,1849,-,42.28172684,-71.03605652,-,9.14999962,-,32.93267441
Wed May 10 08:36:38 EDT 2017,10-May-2017 08:38:09.536,-71.03593277,42.28163297,14.99,3.0,-24.0,134.8,3.02567244,-0.56383449,7.21911669,-0.13467234,31.37254906,-0.07384175,0.08755554,-0.01824328,-0.04594377,14.74710369,1013.92114258,-,181.3999939,-,1863,-,42.28163147,-71.03593445,-,5.17000008,-,32.93267441
Wed May 10 08:36:39 EDT 2017,10-May-2017 08:38:10.534,-71.03581502,42.28153375,15.04,4.0,-25.0,135.3,3.64816475,-0.31244332,8.79689598,-0.02225861,30.98039246,-0.02836451,0.06973935,0.01586372,0.01354519,29.39955139,1013.91894531,-,181.3999939,-,1845,-,42.28153229,-71.03581238,-,4.65999985,-,32.93267441
Wed May 10 08:36:40 EDT 2017,10-May-2017 08:38:11.533,-71.03567787,42.28143168,15.03,3.0,-25.0,135.7,3.13041878,-0.32441434,8.74123001,-0.01115943,30.98039246,-0.05263006,0.01696199,0.01464343,0.00787078,29.39955139,1013.97265625,-,181.3999939,-,1823,-,42.28143311,-71.03567505,-,4.55999994,-,32.31130219
Wed May 10 08:36:41 EDT 2017,10-May-2017 08:38:12.534,-71.03554647,42.28133101,14.82,3.0,-25.0,136.3,3.39737225,-0.32381579,9.85273838,0.12824667,30.98039246,0.03052098,0.04630985,0.06253967,0.08615217,29.39955139,1013.97338867,-,181.3999939,-,1798,-,42.28133011,-71.03554535,-,4.36000013,-,31.68992996
Wed May 10 08:36:42 EDT 2017,10-May-2017 08:38:13.533,-71.03542625,42.28123606,14.57,3.0,-25.0,136.9,2.8933928,-0.07900865,7.92121649,-0.07497156,30.98039246,-0.1400241,-0.00719968,0.0396593,-0.07571878,29.39955139,1014.0703125,-,181.3999939,-,1743,-,42.28123474,-71.03542328,-,4.30999994,-,31.06855965
Wed May 10 08:36:43 EDT 2017,10-May-2017 08:38:14.537,-71.03531758,42.2811482,14.2,3.0,-24.0,135.9,3.1729157,-0.08140286,9.29728413,0.06678653,30.98039246,-0.10713147,0.00359985,0.02568702,-0.04490659,29.39955139,1014.06201172,-,181.3999939,-,1707,-,42.281147,-71.03531647,-,4.26999998,-,30.44718933
Wed May 10 08:36:44 EDT 2017,10-May-2017 08:38:15.531,-71.03519112,42.2810566,13.88,3.0,-24.0,134.8,3.12263751,0.55605334,8.64127254,-0.03960612,30.58823586,-0.09202839,0.00195246,-0.00579636,-0.02965295,29.39955139,1014.14404297,-,181.3999939,-,1646,-,42.28105545,-71.0351944,-,4.11000013,-,29.20444679
Wed May 10 08:36:45 EDT 2017,10-May-2017 08:38:16.532,-71.03510322,42.28096856,12.95,4.0,-24.0,142.2,2.55221891,-1.63883102,8.86453152,0.08386894,30.58823586,-0.04462054,-0.04197785,-0.11934399,0.02043974,29.39955139,1014.17675781,-,181.3999939,-,1558,-,42.28096771,-71.03510284,-,3.91000009,-,27.96170425
Wed May 10 08:36:46 EDT 2017,10-May-2017 08:38:17.532,-71.03497618,42.28088933,12.5,4.0,-26.0,137.3,3.06218386,-0.9792285,8.46051025,-0.0120492,30.58823586,-0.09692249,0.01208085,-0.04844536,-0.04234391,29.39955139,1014.20507812,-,181.3999939,-,1439,-,42.2808876,-71.03497314,-,3.42000008,-,25.47621918
Wed May 10 08:36:47 EDT 2017,10-May-2017 08:38:18.531,-71.03488474,42.28081667,11.48,4.0,-25.0,138.9,3.89357042,1.75016141,7.4363904,-0.06059194,37.64706039,-0.06061981,0.11726952,0.12166254,-0.04624892,16.99418259,1014.26123047,-,181.3999939,-,1402,-,42.28081512,-71.03488159,-,12.52000046,-,25.47621918
Wed May 10 08:36:48 EDT 2017,10-May-2017 08:38:19.531,-71.0347865,42.28074345,11.46,4.0,-25.0,137.0,3.65235472,0.85772276,6.75105047,0.02522275,37.64706039,-0.21242477,0.07016646,0.13514671,-0.19500175,13.53675842,1014.18212891,-,181.3999939,-,1523,-,42.28074265,-71.03479004,-,21.71999931,-,27.34033203
Wed May 10 08:36:49 EDT 2017,10-May-2017 08:38:20.532,-71.03468226,42.28065883,12.16,5.0,-25.0,135.7,4.95240641,0.06464344,7.96251631,0.01475234,39.2156868,-0.06785203,0.12434717,0.0388051,-0.05472982,14.13609791,1014.23242188,-,181.3999939,-,1702,-,42.28065872,-71.03468323,-,26.04000092,-,29.20444679
Wed May 10 08:36:50 EDT 2017,10-May-2017 08:38:21.532,-71.03456801,42.28056831,13.35,5.0,-25.0,135.0,3.83551121,0.55126494,8.02057552,-0.01201642,34.50980377,-0.09168141,0.08883685,0.10390737,-0.06559043,15.54158974,1014.24658203,-,181.3999939,-,1812,-,42.28056717,-71.03456879,-,14.72000027,-,32.31130219
Wed May 10 08:36:51 EDT 2017,10-May-2017 08:38:22.532,-71.03444827,42.28047509,14.51,4.0,-24.0,133.5,4.22097778,-0.58717799,8.46170712,0.03112364,33.72549057,-0.03389264,0.12813008,-0.01214185,-0.02062289,14.6784668,1014.20117188,-,181.3999939,-,1836,-,42.28047562,-71.03444672,-,11,-,32.31130219
Wed May 10 08:36:52 EDT 2017,10-May-2017 08:38:23.535,-71.03432472,42.28037506,15.01,4.0,-24.0,133.2,3.61823726,-0.50338089,8.07444477,-0.03125167,34.11764908,-0.06668979,0.05106899,-0.0017084,-0.02104995,14.5299778,1014.2121582,-,181.3999939,-,1832,-,42.28037643,-71.03432465,-,10.39999962,-,32.31130219
Wed May 10 08:36:53 EDT 2017,10-May-2017 08:38:24.532,-71.03418881,42.28027746,14.94,4.0,-23.0,134.2,4.18925428,-0.2633622,10.43153667,0.02697918,34.50980377,0.14660805,0.12489629,0.02086689,0.18017522,15.0741396,1014.06713867,-,181.3999939,-,1835,-,42.28027725,-71.03418732,-,14.10999966,-,32.93267441
Wed May 10 08:36:54 EDT 2017,10-May-2017 08:38:25.531,-71.03405684,42.28018324,15.17,4.0,-23.0,134.3,3.52905321,-0.2693477,7.48846436,-0.02470499,33.72549057,-0.14040107,0.05680433,-0.00115927,-0.10396843,15.1207943,1014.14282227,-,181.3999939,-,1851,-,42.28018188,-71.03405762,-,12.25,-,32.93267441
Wed May 10 08:36:55 EDT 2017,10-May-2017 08:38:26.532,-71.03392804,42.28011056,14.89,4.0,-22.0,131.8,4.37241077,-0.59256494,8.74542046,-0.01133957,34.90196228,-0.00113874,0.14356667,-0.01269098,0.00829794,14.68295288,1014.1027832,-,181.3999939,-,1860,-,42.28010941,-71.03392792,-,16.12000084,-,32.93267441
Wed May 10 08:36:56 EDT 2017,10-May-2017 08:38:27.531,-71.0337909,42.28003172,15.32,4.0,-24.0,131.0,3.81396341,-0.74100542,7.92839909,-0.00147456,34.11764908,-0.08965311,0.08157614,0.01238591,-0.05875684,14.50485516,1013.99902344,-,181.3999939,-,1889,-,42.28003311,-71.03379059,-,19.65999985,-,33.55404282
Wed May 10 08:36:57 EDT 2017,10-May-2017 08:38:28.533,-71.03364383,42.27993672,15.43,4.0,-23.0,132.3,3.81396341,-0.23942018,8.16003799,-0.01614803,32.54901886,-0.06532724,0.07596283,-0.01500952,-0.03105634,14.38283443,1013.93603516,-,181.3999939,-,1896,-,42.27993774,-71.03364563,-,8.77000046,-,33.55404282
Wed May 10 08:36:58 EDT 2017,10-May-2017 08:38:29.532,-71.03350041,42.27984313,15.56,4.0,-23.0,134.6,3.48595762,-0.61530983,8.30129623,-0.01848683,31.76470566,-0.1091654,0.04222191,0.04655392,-0.06192953,14.03830242,1013.94140625,-,181.3999939,-,1857,-,42.27984238,-71.03350067,-,6.03000021,-,32.93267441
Wed May 10 08:36:59 EDT 2017,10-May-2017 08:38:30.532,-71.03336783,42.27974862,15.09,4.0,-22.0,134.0,3.58412004,-0.83677351,9.55047035,0.02190904,34.50980377,-0.03446084,0.11781863,-0.00219652,-0.0155587,14.5299778,1013.80200195,-,181.3999939,-,1827,-,42.27974701,-71.03337097,-,14.42000008,-,32.31130219
Wed May 10 08:37:00 EDT 2017,10-May-2017 08:38:31.533,-71.03323145,42.27965297,14.78,4.0,-22.0,134.0,5.53539419,0.9475053,7.93618011,0.04062131,34.90196228,-0.22839692,0.06833603,0.03130034,-0.20683853,14.58739948,1013.77368164,-,181.3999939,-,1819,-,42.27965164,-71.03323364,-,15.35000038,-,32.31130219
Wed May 10 08:37:01 EDT 2017,10-May-2017 08:38:32.531,-71.03310672,42.27956286,14.63,4.0,-20.0,133.6,3.77086759,0.12090719,7.93917274,-0.03862685,34.11764908,-0.10366699,0.08224729,0.06003809,-0.07388837,14.18634319,1013.63427734,-,181.3999939,-,1836,-,42.2795639,-71.03310394,-,12.43000031,-,32.93267441
Wed May 10 08:37:02 EDT 2017,10-May-2017 08:38:33.536,-71.03297872,42.27946145,14.87,4.0,-21.0,134.2,3.96958637,0.03890578,8.25820065,-0.00689549,34.90196228,-0.06463101,0.09133842,0.06833603,-0.03520526,14.8498354,1013.67895508,-,181.3999939,-,1841,-,42.27946091,-71.03298187,-,16.12000084,-,32.93267441
Wed May 10 08:37:03 EDT 2017,10-May-2017 08:38:34.532,-71.03284619,42.27936993,14.98,4.0,-20.0,133.4,3.48715472,-0.08319851,7.4459672,-0.03225152,33.72549057,-0.16153778,0.05332651,0.0392322,-0.12416416,14.41109657,1013.5222168,-,181.3999939,-,1841,-,42.27936935,-71.03284454,-,11.63000011,-,32.93267441
Wed May 10 08:37:04 EDT 2017,10-May-2017 08:38:35.532,-71.03271182,42.2792836,14.94,4.0,-20.0,132.9,3.21242023,-0.57999533,8.17440319,-0.04920488,32.54901886,-0.09192146,0.06229561,0.04191683,-0.05180114,14.55106163,1013.48461914,-,181.3999939,-,1827,-,42.27928543,-71.03271484,-,8.46000004,-,32.31130219
Wed May 10 08:37:05 EDT 2017,10-May-2017 08:38:36.532,-71.03256883,42.27917535,14.84,4.0,-20.0,133.9,3.18129539,-0.08858547,8.4012537,-0.04999524,32.54901886,-0.08281831,0.0750476,0.02178211,-0.04789623,14.42859268,1013.49584961,-,181.3999939,-,1810,-,42.2791748,-71.03256989,-,8.46000004,-,32.31130219
Wed May 10 08:37:06 EDT 2017,10-May-2017 08:38:37.532,-71.03244648,42.27908468,14.74,4.0,-22.0,134.2,3.02507377,0.16519992,8.40544319,-0.02387351,30.98039246,-0.08890863,0.00622345,0.06455314,-0.02635825,14.47390079,1013.52905273,-,181.3999939,-,1789,-,42.27908325,-71.03244781,-,4.55999994,-,32.31130219
Wed May 10 08:37:07 EDT 2017,10-May-2017 08:38:38.533,-71.03232092,42.27899843,14.57,3.0,-21.0,134.4,3.37462735,-0.39803603,8.47307968,-0.02444746,30.98039246,-0.06785519,0.02733441,-0.00250159,-0.01299612,29.39955139,1013.52172852,-,183.19999695,-,1759,-,42.27899933,-71.03231812,-,4.36000013,-,31.06855965
Wed May 10 08:37:08 EDT 2017,10-May-2017 08:38:39.533,-71.03219738,42.27890849,14.28,3.0,-21.0,134.4,3.84927773,0.59795189,9.68574333,-0.06884451,30.98039246,0.06455692,0.09024017,0.10866649,0.10415144,29.39955139,1013.57763672,-,183.19999695,-,1727,-,42.27890778,-71.03219604,-,4.26999998,-,30.44718933
Wed May 10 08:37:09 EDT 2017,10-May-2017 08:38:40.535,-71.03207397,42.27881705,14.16,4.0,-20.0,134.4,3.05859256,-0.06404489,7.73806,-0.04995619,30.98039246,-0.10617203,0.00518622,0.02098892,-0.04460153,29.39955139,1013.59838867,-,183.19999695,-,1717,-,42.27881622,-71.03207397,-,4.30999994,-,30.44718933
Wed May 10 08:37:10 EDT 2017,10-May-2017 08:38:41.533,-71.03196271,42.27872854,13.96,3.0,-20.0,133.3,1.90398896,-0.41838676,8.49462795,-0.05436717,30.98039246,-0.1100849,-0.12099139,0.00536926,-0.01324013,29.39955139,1013.68652344,-,183.19999695,-,1657,-,42.27872849,-71.03195953,-,4.1500001,-,30.44718933
Wed May 10 08:37:11 EDT 2017,10-May-2017 08:38:42.535,-71.03184959,42.2786483,13.53,3.0,-20.0,133.3,1.36828625,-0.00658405,9.19552994,-0.01089771,30.19607925,-0.01552233,-0.17724657,0.03544931,0.09292482,29.39955139,1013.76806641,-,183.19999695,-,890,-,42.27864838,-71.03185272,-,3.67000008,-,27.34033203
Wed May 10 08:37:12 EDT 2017,10-May-2017 08:38:43.532,-71.03174588,42.27855788,12.29,3.0,-20.0,134.2,0.51954174,1.10851538,9.20271301,0.03148776,30.19607925,-0.09290093,-0.22874266,0.05167912,0.02062279,14.62732506,1013.94848633,-,183.19999695,-,851,-,42.27855682,-71.03174591,-,3.13000011,-,21.74799156
Wed May 10 08:37:13 EDT 2017,10-May-2017 08:38:44.532,-71.03165722,42.27848464,10.15,3.0,-19.0,132.9,1.0534488,2.65157843,9.39245319,0.05352711,30.19607925,0.01114146,-0.20030999,0.2809099,0.09506023,14.1675024,1013.98754883,-,183.19999695,-,875,-,42.27848434,-71.03165436,-,3.05999994,-,17.39839363
Wed May 10 08:37:14 EDT 2017,10-May-2017 08:38:45.532,-71.03157153,42.278449,8.31,3.0,-20.0,120.1,1.71364987,2.01172805,8.89805031,0.02387736,30.19607925,-0.08180701,-0.1342925,0.30067852,-0.01696199,13.97145939,1014.04150391,-,183.19999695,-,878,-,42.27845001,-71.03157043,-,3.08999991,-,16.77702141
Wed May 10 08:37:15 EDT 2017,10-May-2017 08:38:46.536,-71.03148848,42.27844193,6.76,3.0,-20.0,99.8,2.43011475,3.34290409,7.73626423,-0.04056722,30.19607925,-0.07522456,-0.06705473,0.39842346,-0.06077024,13.93108559,1014.08666992,-,183.19999695,-,909,-,42.27844238,-71.03148651,-,3.30999994,-,13.67016602
Wed May 10 08:37:16 EDT 2017,10-May-2017 08:38:47.532,-71.03141692,42.27846444,6.16,3.0,-19.0,79.8,3.04602313,1.23840082,8.48265648,-0.00442755,30.19607925,-0.08260464,0.00561331,0.22343442,-0.03734077,13.52958107,1014.10473633,-,183.19999695,-,915,-,42.27846527,-71.03141785,-,3.16000009,-,13.04879475
Wed May 10 08:37:17 EDT 2017,10-May-2017 08:38:48.535,-71.03136085,42.27849555,6.13,3.0,-20.0,55.3,3.51349092,0.31783026,8.76876354,-0.0101795,30.19607925,-0.0734947,0.04630985,0.06418706,-0.02519897,13.35282898,1014.10644531,-,183.19999695,-,912,-,42.27849579,-71.03136444,-,3.02999997,-,13.67016602
Wed May 10 08:37:18 EDT 2017,10-May-2017 08:38:49.532,-71.03130289,42.27853996,6.83,3.0,-20.0,46.7,3.37522578,0.55665189,9.21827507,0.02007174,30.19607925,-0.03156805,0.04643188,0.05576708,0.01995162,13.25592899,1014.10229492,-,183.19999695,-,909,-,42.27854156,-71.03130341,-,2.97000003,-,13.67016602
Wed May 10 08:37:19 EDT 2017,10-May-2017 08:38:50.531,-71.03125183,42.27857879,6.33,4.0,-20.0,40.6,3.33153176,-0.31364042,8.84956837,-0.00630674,30.19607925,-0.07443914,0.05601113,0.04319813,-0.03008011,13.65967655,1014.20068359,-,183.19999695,-,916,-,42.27857971,-71.03125,-,3.02999997,-,13.67016602
Wed May 10 08:37:20 EDT 2017,10-May-2017 08:38:51.532,-71.03120784,42.27862244,6.27,4.0,-20.0,37.3,3.02507377,-1.67234993,7.76439619,-0.06828892,30.19607925,-0.07582473,0.02672427,-0.09213161,-0.03123939,13.7314539,1014.14550781,-,183.19999695,-,873,-,42.27862167,-71.03120422,-,2.97000003,-,13.67016602
Wed May 10 08:37:21 EDT 2017,10-May-2017 08:38:52.531,-71.03115707,42.27866567,6.19,4.0,-21.0,39.1,3.3117795,-1.62326872,8.4449482,-0.00877897,30.19607925,-0.06031047,0.03544932,-0.11775762,-0.02233124,13.73324966,1014.12402344,-,183.19999695,-,887,-,42.27866745,-71.03115845,-,2.97000003,-,12.42742348
Wed May 10 08:37:22 EDT 2017,10-May-2017 08:38:53.531,-71.03110322,42.27870076,5.77,4.0,-20.0,45.5,2.95564198,-2.77966809,8.43836403,0.01685345,30.19607925,-0.02511958,0.02196516,-0.18298192,0.00646749,13.53675842,1014.15063477,-,183.19999695,-,902,-,42.27870178,-71.03110504,-,2.94000006,-,11.80605221
Wed May 10 08:37:23 EDT 2017,10-May-2017 08:38:54.532,-71.03105273,42.27872441,4.96,4.0,-19.0,61.6,2.15358448,-2.38402629,9.10993767,0.02059979,30.19607925,-0.01739211,-0.0575365,-0.18408018,0.03947619,13.59283447,1014.23046875,-,183.19999695,-,925,-,42.27872467,-71.03105164,-,2.8499999,-,10.56331062
Wed May 10 08:37:24 EDT 2017,10-May-2017 08:38:55.531,-71.03099189,42.27873395,4.65,4.0,-19.0,80.9,2.82276392,-2.54683208,8.63887787,0.01965994,30.19607925,-0.03754479,-0.01439936,-0.21190271,-0.00256267,13.62064838,1014.19213867,-,183.19999695,-,875,-,42.2787323,-71.0309906,-,2.91000009,-,8.69919682
Wed May 10 08:37:25 EDT 2017,10-May-2017 08:38:56.532,-71.03095145,42.27872,3.54,4.0,-18.0,109.3,2.22840333,-0.42916065,8.4210062,-0.0173168,30.19607925,-0.10797008,-0.0575365,0.0102504,-0.02648026,13.91493416,1014.18725586,-,183.19999695,-,856,-,42.27872086,-71.03095245,-,2.79999995,-,8.07782555
Wed May 10 08:37:26 EDT 2017,10-May-2017 08:38:57.532,-71.03092568,42.2786923,3.56,3.0,-18.0,133.2,1.61728323,-0.38307226,9.05187798,0.00256453,30.19607925,-0.03704159,-0.11403575,-0.00140333,0.05961096,13.76644516,1014.27587891,-,183.19999695,-,817,-,42.27869415,-71.03092194,-,2.94000006,-,4.97096968
Wed May 10 08:37:27 EDT 2017,10-May-2017 08:38:58.536,-71.0309162,42.27868671,2.16,3.0,-19.0,136.0,2.06080914,-0.45489833,8.61134529,-0.00136371,30.19607925,-0.10036597,-0.13716017,0.00433201,-0.00018305,13.51253319,1014.22583008,-,183.19999695,-,821,-,42.27868652,-71.03091431,-,2.81999993,-,1.24274242
Wed May 10 08:37:28 EDT 2017,10-May-2017 08:38:59.537,-71.03090803,42.27868396,0.85,4.0,-19.0,136.0,3.40455484,-0.58298814,8.5532856,-0.01683279,30.19607925,-0.07706047,0.04661494,0.00628447,-0.03001906,13.50400925,1014.22436523,-,183.19999695,-,824,-,42.27868271,-71.03090668,-,2.61999989,-,0
Wed May 10 08:37:29 EDT 2017,10-May-2017 08:39:00.537,-71.03091125,42.27869027,0.0,3.0,-20.0,0.0,3.47578239,-0.55306059,8.20373249,0.0164246,30.19607925,-0.05021781,0.04710305,-0.00543028,-0.0018915,13.79470825,1014.17944336,-,183.19999695,-,796,-,42.27869034,-71.03091431,-,2.71000004,-,0
Wed May 10 08:37:30 EDT 2017,10-May-2017 08:39:01.535,-71.03091006,42.27868982,0.0,3.0,-19.0,0.0,3.32674336,-0.44951138,8.36174965,-0.01397104,32.94117737,-0.07864564,0.038378,-0.01086055,-0.02940894,14.10065937,1014.14770508,-,183.19999695,-,427,-,42.27869034,-71.03090668,-,0,-,0
Wed May 10 08:37:31 EDT 2017,10-May-2017 08:39:02.539,-71.03090834,42.27869103,0.0,3.0,-19.0,0.0,3.33093309,-0.46208093,8.35037708,-0.01050196,33.33333206,-0.07408421,0.0400254,-0.00201347,-0.02458876,14.10065937,1014.15625,-,183.19999695,-,213,-,42.27869034,-71.03090668,-,0,-,0
Wed May 10 08:37:32 EDT 2017,10-May-2017 08:39:03.540,-71.03090809,42.27868805,0.0,3.0,-20.0,0.0,3.27586651,-0.48243165,8.32583618,-0.01633834,33.33333206,-0.08496339,0.0374628,-0.00048811,-0.03520526,14.10065937,1014.12133789,-,183.19999695,-,213,-,42.27868652,-71.03090668,-,0,-,0
Wed May 10 08:37:33 EDT 2017,10-May-2017 08:39:04.538,-71.03091567,42.27869005,0.0,3.0,-20.0,0.0,3.34410119,-0.45370123,8.34678555,-0.0162128,33.33333206,-0.07829072,0.03563237,-0.0012813,-0.02733448,14.10065937,1014.11425781,-,183.19999695,-,213,-,42.27869034,-71.03091431,-,0,-,0
Wed May 10 08:37:34 EDT 2017,10-May-2017 08:39:05.536,-71.03091464,42.27869023,0.0,3.0,-20.0,0.0,3.36445189,-0.51176059,8.37132645,-0.01348943,33.33333206,-0.08254156,0.04216088,-0.00134232,-0.03453409,14.10065937,1014.03466797,-,183.19999695,-,213,-,42.27869034,-71.03091431,-,0,-,0
Wed May 10 08:37:35 EDT 2017,10-May-2017 08:39:06.539,-71.03091589,42.27868761,0.0,3.0,-20.0,0.0,3.37462735,-0.47465047,8.37791061,-0.01402729,33.33333206,-0.07952072,0.04301509,0.00103724,-0.0314834,14.10065937,1014.09375,-,183.19999695,-,213,-,42.27868652,-71.03091431,-,0,-,0
Wed May 10 08:37:36 EDT 2017,10-May-2017 08:39:07.539,-71.03091528,42.27869042,0.0,3.0,-20.0,0.0,3.40156198,-0.47225627,8.33421612,-0.01462192,33.33333206,-0.07745577,0.04271002,0.00152536,-0.02910388,14.10065937,1014.10693359,-,183.19999695,-,213,-,42.27869034,-71.03091431,-,0,-,0
Wed May 10 08:37:37 EDT 2017,10-May-2017 08:39:08.533,-71.03091661,42.27869099,0.0,3.0,-20.0,0.0,3.37881708,-0.49081135,8.35576439,-0.01458876,33.33333206,-0.08043879,0.04417437,-0.00115927,-0.03306975,14.10065937,1014.04052734,-,183.19999695,-,213,-,42.27869034,-71.03091431,-,0,-,0
Wed May 10 08:37:38 EDT 2017,10-May-2017 08:39:09.539,-71.03091396,42.27869149,0.0,3.0,-20.0,0.0,3.37103605,-0.49200845,8.34139919,-0.01440865,33.33333206,-0.07836552,0.04142871,-0.0021355,-0.02977505,14.10065937,1014.10400391,-,183.19999695,-,213,-,42.27869034,-71.03091431,-,0,-,0
Wed May 10 08:37:39 EDT 2017,10-May-2017 08:39:10.540,-71.03091317,42.27869137,0.0,3.0,-20.0,0.0,3.4410665,-0.62728083,7.77995825,-0.01951123,33.33333206,-0.08247251,0.04124568,0.00048811,-0.03398502,14.10065937,1014.14550781,-,183.19999695,-,213,-,42.27869034,-71.03091431,-,0,-,0
Wed May 10 08:37:40 EDT 2017,10-May-2017 08:39:11.534,-71.030913,42.27869143,0.0,3.0,-20.0,0.0,0.48961425,3.16633177,1.63104987,0.03195036,33.33333206,-0.63098967,-0.21287893,0.37938699,-0.7486456,14.10065937,1014.12548828,-,183.19999695,-,213,-,42.27869034,-71.03091431,-,0,-,0
Wed May 10 08:37:41 EDT 2017,10-May-2017 08:39:12.531,-71.03091355,42.27869144,0.0,3.0,-20.0,0.0,0.08918402,6.27041435,6.82227755,0.00206843,33.33333206,-0.04147659,-0.25906676,0.66432381,-0.15101044,14.10065937,1014.03222656,-,183.19999695,-,213,-,42.27869034,-71.03091431,-,0,-,0
Wed May 10 08:37:42 EDT 2017,10-May-2017 08:39:13.531,-71.03091367,42.27869154,0.0,3.0,-20.0,0.0,0.39624038,6.32248831,6.53736782,-0.00670391,33.33333206,-0.04492841,0.06632255,0.35302883,-0.18896137,14.10065937,1014.01757812,-,183.19999695,-,213,-,42.27869034,-71.03091431,-,0,-,0
Wed May 10 08:37:43 EDT 2017,10-May-2017 08:39:14.533,-71.03091369,42.27869161,0.0,3.0,-20.0,0.0,0.72843587,6.13873339,6.64750099,0.00295022,33.33333206,-0.06877331,0.10884953,0.32776889,-0.20049305,14.10065937,1013.98730469,-,183.19999695,-,213,-,42.27869034,-71.03091431,-,0,-,0
Wed May 10 08:37:44 EDT 2017,10-May-2017 08:39:15.532,-71.03091371,42.27869164,0.0,3.0,-20.0,0.0,-0.08559271,6.44818354,6.39371586,0.00039492,33.33333206,-0.05940468,0.02062284,0.36877048,-0.22495981,14.10065937,1014.07446289,-,183.19999695,-,213,-,42.27869034,-71.03091431,-,0,-,0
Wed May 10 08:37:45 EDT 2017,10-May-2017 08:39:16.533,-71.03091372,42.27869166,0.0,3.0,-20.0,0.0,0.57400984,6.19739103,6.70915174,0.0004235,33.33333206,-0.06680723,0.10622591,0.32959932,-0.19927277,14.10065937,1014.12866211,-,183.19999695,-,213,-,42.27869034,-71.03091431,-,0,-,0
Wed May 10 08:37:46 EDT 2017,10-May-2017 08:39:17.531,-71.03091374,42.27869168,0.0,3.0,-20.0,0.0,0.24899697,6.37097073,6.29196215,0.01680989,33.33333206,-0.04690076,0.01378923,0.39531174,-0.23496614,14.10065937,1014.07299805,-,183.19999695,-,213,-,42.27869034,-71.03091431,-,0,-,0
Wed May 10 08:37:47 EDT 2017,10-May-2017 08:39:18.537,-71.03091375,42.27869171,0.0,3.0,-20.0,0.0,-0.90440971,6.41945314,6.34224033,-0.01016319,33.33333206,-0.05994038,-0.12898426,0.39793536,-0.28170308,14.10065937,1014.03222656,-,183.19999695,-,213,-,42.27869034,-71.03091431,-,0,-,0
GPS Time, Device Time, Longitude, Latitude,GPS Speed (Meters/second), Horizontal Dilution of Precision, Altitude, Bearing, G(x), G(y), G(z), G(calibrated), Absolute Throttle Position B(%),Acceleration Sensor(Total)(g),Acceleration Sensor(X axis)(g),Acceleration Sensor(Y axis)(g),Acceleration Sensor(Z axis)(g),Air Fuel Ratio(Measured)(:1),Barometer (on Android device)(mb),CO₂ in g/km (Instantaneous)(g/km),Engine Coolant Temperature(°F),Engine Oil Temperature(°F),Engine RPM(rpm),Fuel pressure(psi),GPS Latitude(°),GPS Longitude(°),Kilometers Per Litre(Instant)(kpl),Mass Air Flow Rate(g/s),NOx Post SCR(ppm),Speed (OBD)(mph)
Wed May 10 08:37:49 EDT 2017,10-May-2017 08:39:20.463,-71.03091376,42.27869174,0.0,3.0,-20.0,0.0,0.66079968,6.08546209,6.73967791,0.01198981,33.33333206,-0.0498688,0.08572511,0.30995271,-0.15790509,14.10065937,1014.06982422,-,183.19999695,-,213,-,42.27869034,-71.03091431,-,0,-,0
Wed May 10 08:37:50 EDT 2017,10-May-2017 08:39:21.457,-71.03091379,42.27869178,0.0,3.0,-20.0,0.0,-0.18794483,6.37097073,7.09461832,0.02069582,33.33333206,-0.03279603,0.02135501,0.3487578,-0.16870458,14.10065937,1014.00024414,-,183.19999695,-,213,-,42.27869034,-71.03091431,-,0,-,0
